MONTH,CITY,STORE,STATUS,ZONE_MAPPING,ORDER_COUNT,CART_SALES,DISCOUNT,NET_REVENUE,IDEAL_FOOD_COST,GROSS_MARGIN,KITCHEN_EBITDA,VARIANCE,REVENUE_COHORT,CM_COHORT,EBITDA_CATEGORY,EBITDA_COHORT,GM_PERCENT,EBITDA_PERCENT,VARIANCE_PERCENT,REVENUE_BUCKET,VARIANCE_BUCKET,EBITDA_STATUS
2023-10-01,Ahmedabad,Ramos-Martin,Inactive,West,14270,6554333.68,1163493.98,5434068.17,1763679.62,3614747.39,2374914.55,29664.62,INR 20 to 30 lacs,0% to 10%,EBITDA +ve,More than 20%,66.52009648969862,43.704172927223325,1.681973282653229,Above INR 45 lacs,Var <2%,High Profit
2023-11-01,Ahmedabad,Ramos-Martin,Inactive,West,8528,2637625.82,636015.27,2146679.55,638415.3,1414249.0,151761.82,11769.85,INR 20 to 30 lacs,More than 30%,EBITDA +ve,More than 20%,65.88076920935872,7.06960757137692,1.8436039988390003,INR 15 to 25 lacs,Var <2%,Low Profit
2023-12-01,Ahmedabad,Ramos-Martin,Inactive,West,10798,4364193.67,1283840.18,3188606.71,1085080.58,2036999.44,736811.76,23376.83,INR 30 to 40 lacs,0% to 10%,EBITDA +ve,0% to 10%,63.88368416875093,23.10764001371621,2.154386543347776,INR 25 to 35 lacs,Var 2-3%,High Profit
2024-01-01,Ahmedabad,Ramos-Martin,Inactive,West,7804,3479969.32,854797.46,2734306.33,1180892.5,1451140.55,229924.26,26162.41,INR 20 to 30 lacs,0% to 10%,EBITDA +ve,More than 20%,53.0716157907589,8.408869828421894,2.2154777001293513,INR 25 to 35 lacs,Var 2-3%,Low Profit
2024-02-01,Ahmedabad,Ramos-Martin,Inactive,West,10060,4771378.71,1290900.38,3602124.88,1114846.94,2394567.16,1114151.65,19944.97,INR 20 to 30 lacs,More than 30%,EBITDA -ve,0% to 10%,66.47651704956992,30.930400447415913,1.7890321338640442,INR 35 to 45 lacs,Var <2%,High Profit
2024-03-01,Ahmedabad,Ramos-Martin,Inactive,West,14280,4706936.27,1410485.57,3340397.87,1428327.36,1817292.19,476456.13,14404.82,INR 30 to 40 lacs,More than 30%,EBITDA -ve,0% to 10%,54.40346511776455,14.263454490826867,1.0085097018655442,INR 25 to 35 lacs,Var <2%,Moderate Profit
2023-10-01,Pune,Burke-Johnson,Inactive,North,8369,3367841.36,619596.48,2837141.55,1006918.91,1687753.28,284603.87,25597.51,INR 30 to 40 lacs,0% to 10%,EBITDA +ve,10% to 20%,59.487806662307705,10.031359556240682,2.542162009848439,INR 25 to 35 lacs,Var 2-3%,Moderate Profit
2023-11-01,Pune,Burke-Johnson,Inactive,North,10991,5167810.92,1500449.35,3770663.65,1300145.07,2371957.2,1050903.83,19734.84,INR 20 to 30 lacs,0% to 10%,EBITDA -ve,0% to 10%,62.905563056519256,27.87052698269707,1.5178952299530697,INR 35 to 45 lacs,Var <2%,High Profit
2023-12-01,Pune,Burke-Johnson,Inactive,North,12895,5496206.52,1479698.04,4080783.22,1218795.04,2794277.11,1214628.03,28723.1,INR 30 to 40 lacs,10% to 20%,EBITDA -ve,0% to 10%,68.47403940266152,29.764581074708495,2.3566800862596224,INR 35 to 45 lacs,Var 2-3%,High Profit
2024-01-01,Pune,Burke-Johnson,Inactive,North,7569,3678559.48,590638.41,3142931.96,1442605.0,1579435.86,347215.03,23440.52,More than 40 lacs,10% to 20%,EBITDA +ve,10% to 20%,50.25358105429684,11.047487964072886,1.6248744458808893,INR 25 to 35 lacs,Var <2%,Moderate Profit
2024-02-01,Pune,Burke-Johnson,Inactive,North,11146,4381711.1,1013913.47,3425425.48,1089716.58,2208709.54,933086.35,29252.97,INR 20 to 30 lacs,More than 30%,EBITDA -ve,More than 20%,64.47985959396787,27.24001311510067,2.684456723600553,INR 25 to 35 lacs,Var 2-3%,High Profit
2024-03-01,Pune,Burke-Johnson,Inactive,North,9838,3794151.56,960963.68,2874080.55,1371007.42,1401403.5,117905.37,16926.09,More than 40 lacs,10% to 20%,EBITDA +ve,More than 20%,48.76006345751166,4.102368320887876,1.2345731870656105,INR 25 to 35 lacs,Var <2%,Low Profit
2023-10-01,Ahmedabad,"Montoya, Wood and Miller",Active,West,14421,5577614.93,1170048.13,4483468.22,2065873.71,2351301.07,1050945.26,12015.56,INR 30 to 40 lacs,0% to 10%,EBITDA +ve,0% to 10%,52.44379918901265,23.44045298039383,0.5816212260138592,INR 35 to 45 lacs,Var <2%,High Profit
2023-11-01,Ahmedabad,"Montoya, Wood and Miller",Active,West,10969,3376177.32,819526.81,2644431.32,1013370.81,1546226.85,159944.35,24798.18,INR 30 to 40 lacs,10% to 20%,EBITDA -ve,More than 20%,58.47105342860635,6.048345774395079,2.4470983134002053,INR 25 to 35 lacs,Var 2-3%,Low Profit
2023-12-01,Ahmedabad,"Montoya, Wood and Miller",Active,West,9914,3178674.01,907139.32,2365666.17,1081522.81,1202212.0,-261736.42,27754.08,INR 30 to 40 lacs,0% to 10%,EBITDA -ve,10% to 20%,50.819173696008,-11.06396258775599,2.5662038510311214,INR 15 to 25 lacs,Var 2-3%,Loss Making
2024-01-01,Ahmedabad,"Montoya, Wood and Miller",Active,West,11330,4998414.14,1476020.66,3620911.06,1327698.47,2228552.11,801787.76,15073.64,INR 20 to 30 lacs,More than 30%,EBITDA -ve,More than 20%,61.54672327135259,22.143260265553167,1.1353210341501712,INR 35 to 45 lacs,Var <2%,High Profit
2024-02-01,Ahmedabad,"Montoya, Wood and Miller",Active,West,11849,4665331.99,739200.82,4062250.34,1470036.08,2455354.35,1105067.24,21686.29,More than 40 lacs,More than 30%,EBITDA +ve,More than 20%,60.44320621559724,27.203326912639263,1.4752216149687973,INR 35 to 45 lacs,Var <2%,High Profit
2024-03-01,Ahmedabad,"Montoya, Wood and Miller",Active,West,9703,4341317.63,1247209.12,3132695.53,1320585.78,1739170.28,537696.83,27533.23,More than 40 lacs,0% to 10%,EBITDA +ve,0% to 10%,55.51673513576342,17.164030939195676,2.084925524489594,INR 25 to 35 lacs,Var 2-3%,Moderate Profit
2023-10-01,Bangalore,"Price, Blevins and Kim",Inactive,North,14418,4455792.56,685991.75,3830318.81,1853963.93,1842522.01,401871.45,22123.49,More than 40 lacs,More than 30%,EBITDA +ve,More than 20%,48.10362012659724,10.491853809944347,1.19330746634321,INR 35 to 45 lacs,Var <2%,Moderate Profit
2023-11-01,Bangalore,"Price, Blevins and Kim",Inactive,North,12565,5976468.54,1575097.51,4503951.14,1587267.59,2769886.17,1315242.73,20948.93,INR 30 to 40 lacs,0% to 10%,EBITDA +ve,0% to 10%,61.499027940165455,29.20197597880691,1.3198108581049022,Above INR 45 lacs,Var <2%,High Profit
2023-12-01,Bangalore,"Price, Blevins and Kim",Inactive,North,14648,6690189.87,1401470.46,5361176.63,1852339.91,3360833.46,2137141.69,13845.78,INR 30 to 40 lacs,10% to 20%,EBITDA -ve,0% to 10%,62.68835541051742,39.86329564374005,0.7474751218851621,Above INR 45 lacs,Var <2%,High Profit
2024-01-01,Bangalore,"Price, Blevins and Kim",Inactive,North,14570,6765697.92,1365063.41,5505983.64,1756495.56,3667329.8,2350484.37,24410.32,INR 20 to 30 lacs,More than 30%,EBITDA -ve,0% to 10%,66.60626038474753,42.6896359248899,1.3897171479328987,Above INR 45 lacs,Var <2%,High Profit
2024-02-01,Bangalore,"Price, Blevins and Kim",Inactive,North,13809,4244011.67,797303.55,3511048.4,1390623.26,2043500.82,759968.87,12551.61,More than 40 lacs,10% to 20%,EBITDA -ve,More than 20%,58.202012253661906,21.64506960371153,0.9025888147448362,INR 35 to 45 lacs,Var <2%,High Profit
2024-03-01,Bangalore,"Price, Blevins and Kim",Inactive,North,9472,3480859.28,991860.79,2567561.09,853542.67,1615237.44,208088.25,26417.23,INR 30 to 40 lacs,0% to 10%,EBITDA -ve,0% to 10%,62.90940637365712,8.104510183241638,3.0950098839229674,INR 25 to 35 lacs,Var 3-5%,Low Profit
2023-10-01,Pune,"Taylor, Weiss and Rodgers",Inactive,East,11289,4643759.26,1094728.65,3616787.42,1229669.88,2276055.54,1072785.79,19431.52,More than 40 lacs,10% to 20%,EBITDA -ve,0% to 10%,62.93031012588515,29.661289576150985,1.5802224902833273,INR 35 to 45 lacs,Var <2%,High Profit
2023-11-01,Pune,"Taylor, Weiss and Rodgers",Inactive,East,9038,4147157.61,688448.43,3582637.27,1289983.3,2170494.31,741013.81,22482.03,INR 20 to 30 lacs,More than 30%,EBITDA -ve,0% to 10%,60.583702630883415,20.683472932217892,1.7428155852870342,INR 35 to 45 lacs,Var <2%,High Profit
2023-12-01,Pune,"Taylor, Weiss and Rodgers",Inactive,East,12984,5836592.04,1315614.88,4629289.63,1455473.21,3061045.61,1677037.5,26425.15,INR 20 to 30 lacs,0% to 10%,EBITDA +ve,More than 20%,66.12344127623744,36.2266704837822,1.8155710334235557,Above INR 45 lacs,Var <2%,High Profit
2024-01-01,Pune,"Taylor, Weiss and Rodgers",Inactive,East,14326,5383199.55,1176498.44,4296415.95,1266619.08,2923246.04,1498733.71,28375.01,INR 20 to 30 lacs,More than 30%,EBITDA -ve,More than 20%,68.03917670029132,34.88334759580249,2.240216529818894,INR 35 to 45 lacs,Var 2-3%,High Profit
2024-02-01,Pune,"Taylor, Weiss and Rodgers",Inactive,East,14300,6928348.23,1774251.57,5262559.31,2494037.5,2707198.01,1313916.1,16926.92,INR 20 to 30 lacs,10% to 20%,EBITDA -ve,More than 20%,51.442612814942315,24.967245452289262,0.6786954887406463,Above INR 45 lacs,Var <2%,High Profit
2024-03-01,Pune,"Taylor, Weiss and Rodgers",Inactive,East,10281,4072996.99,1172079.05,2969557.18,887081.7,1954425.91,647594.81,19364.64,INR 30 to 40 lacs,More than 30%,EBITDA -ve,More than 20%,65.81539911617395,21.807790547410843,2.1829601489919135,INR 25 to 35 lacs,Var 2-3%,High Profit
2023-10-01,Ahmedabad,"Elliott, Hunter and Hill",Inactive,West,10376,3188647.87,704085.47,2574624.99,940559.68,1568541.29,219837.94,12082.17,More than 40 lacs,10% to 20%,EBITDA +ve,10% to 20%,60.92309738669941,8.538639252468377,1.2845723941727971,INR 25 to 35 lacs,Var <2%,Low Profit
2023-11-01,Ahmedabad,"Elliott, Hunter and Hill",Inactive,West,10310,4267192.53,1208123.59,3197252.36,1497202.46,1635941.72,329574.78,26613.09,INR 30 to 40 lacs,0% to 10%,EBITDA -ve,0% to 10%,51.1671127517754,10.308062764241734,1.7775211242973779,INR 25 to 35 lacs,Var <2%,Moderate Profit
2023-12-01,Ahmedabad,"Elliott, Hunter and Hill",Inactive,West,7804,2980209.71,693813.91,2398553.71,904601.84,1363966.34,101722.41,15481.1,More than 40 lacs,More than 30%,EBITDA -ve,More than 20%,56.86619958991871,4.2409894586017005,1.711371712443123,INR 15 to 25 lacs,Var <2%,Low Profit
2024-01-01,Ahmedabad,"Elliott, Hunter and Hill",Inactive,West,14184,5404807.78,1214026.49,4256906.66,1461225.1,2696254.17,1297672.79,28986.14,INR 20 to 30 lacs,More than 30%,EBITDA +ve,More than 20%,63.338343669485106,30.483938071594924,1.9836875235718299,INR 35 to 45 lacs,Var <2%,High Profit
2024-02-01,Ahmedabad,"Elliott, Hunter and Hill",Inactive,West,11150,4824986.7,1401776.66,3479490.15,1358792.01,2037273.75,759698.08,12736.37,INR 30 to 40 lacs,More than 30%,EBITDA +ve,0% to 10%,58.55092735353771,21.833603408821258,0.9373303571309638,INR 25 to 35 lacs,Var <2%,High Profit
2024-03-01,Ahmedabad,"Elliott, Hunter and Hill",Inactive,West,7329,3210923.19,732716.94,2595087.22,1052324.42,1402426.42,89210.96,24901.29,INR 30 to 40 lacs,0% to 10%,EBITDA +ve,More than 20%,54.041590941209286,3.437686383427221,2.366313042512118,INR 25 to 35 lacs,Var 2-3%,Low Profit
2023-10-01,Mumbai,Bailey Inc,Active,North,9419,4416662.16,873903.17,3583341.94,1549617.88,1911247.38,546816.39,29958.68,INR 20 to 30 lacs,10% to 20%,EBITDA -ve,0% to 10%,53.337008077995485,15.259955626785649,1.9332946777821123,INR 35 to 45 lacs,Var <2%,Moderate Profit
2023-11-01,Mumbai,Bailey Inc,Active,North,11124,5044040.51,1060709.45,4118934.08,1524382.92,2520673.45,1297132.64,27582.37,INR 20 to 30 lacs,0% to 10%,EBITDA +ve,0% to 10%,61.197227269051126,31.49194949000009,1.8094121652845598,INR 35 to 45 lacs,Var <2%,High Profit
2023-12-01,Mumbai,Bailey Inc,Active,North,12421,5218803.5,1490274.2,3800285.2,1723616.73,2021973.93,593259.44,22458.75,More than 40 lacs,10% to 20%,EBITDA +ve,More than 20%,53.205847024323326,15.610918885772044,1.3030013928908661,INR 35 to 45 lacs,Var <2%,Moderate Profit
2024-01-01,Mumbai,Bailey Inc,Active,North,7892,3215160.43,768233.62,2519758.05,1196721.0,1192085.44,-88668.46,26493.62,INR 20 to 30 lacs,0% to 10%,EBITDA -ve,More than 20%,47.30952005491162,-3.518927541475659,2.2138510145639625,INR 25 to 35 lacs,Var 2-3%,Loss Making
2024-02-01,Mumbai,Bailey Inc,Active,North,8591,3714940.86,860257.1,2942939.44,939439.42,1929631.02,484621.92,13862.66,INR 20 to 30 lacs,10% to 20%,EBITDA -ve,0% to 10%,65.56815249993727,16.46727463749645,1.4756310736886045,INR 25 to 35 lacs,Var <2%,Moderate Profit
2024-03-01,Mumbai,Bailey Inc,Active,North,12644,5353284.79,1590878.07,3854964.19,1694578.06,2014086.93,614591.54,29377.56,More than 40 lacs,More than 30%,EBITDA +ve,More than 20%,52.246579494166454,15.942859899821793,1.7336209345233704,INR 35 to 45 lacs,Var <2%,Moderate Profit
2023-10-01,Mumbai,"Guzman, Pearson and Williams",Inactive,North,10747,4615994.79,1103958.45,3604570.96,1052070.84,2455646.18,950537.86,29290.41,INR 30 to 40 lacs,More than 30%,EBITDA -ve,0% to 10%,68.12589368472302,26.370346722207405,2.784072030738918,INR 35 to 45 lacs,Var 2-3%,High Profit
2023-11-01,Mumbai,"Guzman, Pearson and Williams",Inactive,North,8682,3080747.28,916820.06,2208132.57,799837.21,1310974.37,-204707.75,23711.31,INR 20 to 30 lacs,0% to 10%,EBITDA +ve,10% to 20%,59.37027458455542,-9.270627714168448,2.9645169921514407,INR 15 to 25 lacs,Var 2-3%,Loss Making
2023-12-01,Mumbai,"Guzman, Pearson and Williams",Inactive,North,8763,3607574.05,663184.02,3052380.21,966092.96,1968241.59,443998.81,25516.09,INR 20 to 30 lacs,More than 30%,EBITDA +ve,More than 20%,64.48218945830475,14.545986392697783,2.6411630201714753,INR 25 to 35 lacs,Var 2-3%,Moderate Profit
2024-01-01,Mumbai,"Guzman, Pearson and Williams",Inactive,North,11337,4141318.37,942799.07,3241757.49,1317276.92,1794421.9,563602.76,27896.33,INR 20 to 30 lacs,0% to 10%,EBITDA +ve,More than 20%,55.35336636177556,17.385716289345257,2.11772707594391,INR 25 to 35 lacs,Var 2-3%,Moderate Profit
2024-02-01,Mumbai,"Guzman, Pearson and Williams",Inactive,North,7899,3313592.37,886634.09,2525683.07,1038077.34,1376031.53,95872.23,14071.57,More than 40 lacs,0% to 10%,EBITDA +ve,0% to 10%,54.48155971524963,3.7958931244687006,1.3555415822871155,INR 25 to 35 lacs,Var <2%,Low Profit
2024-03-01,Mumbai,"Guzman, Pearson and Williams",Inactive,North,7902,3101729.32,869231.34,2310044.01,680080.85,1522095.62,100781.72,13593.66,INR 20 to 30 lacs,10% to 20%,EBITDA +ve,More than 20%,65.8903299422421,4.362761902531892,1.9988299920516803,INR 15 to 25 lacs,Var <2%,Low Profit
2023-10-01,Pune,"Green, Howard and Campbell",Inactive,East,7939,2973709.07,674711.63,2360087.15,951668.06,1348892.94,48552.37,18988.68,INR 20 to 30 lacs,More than 30%,EBITDA +ve,More than 20%,57.15436991383983,2.0572278443192236,1.9953049595885355,INR 15 to 25 lacs,Var <2%,Low Profit
2023-11-01,Pune,"Green, Howard and Campbell",Inactive,East,12895,5460116.92,1397880.47,4180511.16,1899156.83,2172818.89,943417.07,29302.37,More than 40 lacs,More than 30%,EBITDA -ve,0% to 10%,51.97495729206474,22.56702670780575,1.5429147049430352,INR 35 to 45 lacs,Var <2%,High Profit
2023-12-01,Pune,"Green, Howard and Campbell",Inactive,East,14978,4545462.9,902136.2,3717773.22,1175853.75,2477565.23,1122814.79,25370.39,INR 30 to 40 lacs,10% to 20%,EBITDA +ve,0% to 10%,66.64110701190106,30.201271663364125,2.1576144142075493,INR 35 to 45 lacs,Var 2-3%,High Profit
2024-01-01,Pune,"Green, Howard and Campbell",Inactive,East,7986,3882711.26,983991.68,2974597.4,1244576.61,1675199.59,134168.89,20889.78,INR 20 to 30 lacs,More than 30%,EBITDA -ve,10% to 20%,56.316851147654475,4.5104890497114,1.6784647752620063,INR 25 to 35 lacs,Var <2%,Low Profit
2024-02-01,Pune,"Green, Howard and Campbell",Inactive,East,8624,3153591.94,771151.98,2475787.12,918418.18,1448662.77,-31689.35,24937.51,INR 30 to 40 lacs,10% to 20%,EBITDA -ve,More than 20%,58.51322023195596,-1.2799707108905227,2.715267461277824,INR 15 to 25 lacs,Var 2-3%,Loss Making
2024-03-01,Pune,"Green, Howard and Campbell",Inactive,East,9411,4621786.7,705908.07,4049956.95,1220305.15,2744489.53,1518435.97,20503.27,INR 20 to 30 lacs,More than 30%,EBITDA +ve,0% to 10%,67.76589390660065,37.49264470576656,1.6801756511475843,INR 35 to 45 lacs,Var <2%,High Profit
2023-10-01,Bangalore,Duffy-Bowen,Active,East,10654,3825378.98,1029069.36,2857637.94,1125452.63,1681926.91,221519.3,25333.12,INR 20 to 30 lacs,0% to 10%,EBITDA +ve,More than 20%,58.85724312576841,7.751832270256043,2.2509272558188433,INR 25 to 35 lacs,Var 2-3%,Low Profit
2023-11-01,Bangalore,Duffy-Bowen,Active,East,10040,3863281.18,668145.09,3265318.04,1099046.62,2052475.34,796444.75,25452.45,INR 30 to 40 lacs,0% to 10%,EBITDA -ve,0% to 10%,62.85682787579246,24.39103144758297,2.3158662732614563,INR 25 to 35 lacs,Var 2-3%,High Profit
2023-12-01,Bangalore,Duffy-Bowen,Active,East,11131,3529992.4,1002971.91,2591142.18,788319.04,1729451.93,250675.75,23800.1,INR 30 to 40 lacs,10% to 20%,EBITDA +ve,0% to 10%,66.74477160492984,9.674334042140442,3.0190949085791456,INR 25 to 35 lacs,Var 3-5%,Low Profit
2024-01-01,Bangalore,Duffy-Bowen,Active,East,8016,2678110.23,566210.56,2195049.69,785949.22,1261684.01,-95191.58,17618.19,INR 30 to 40 lacs,More than 30%,EBITDA +ve,0% to 10%,57.47860814941278,-4.336648069228902,2.241644822804201,INR 15 to 25 lacs,Var 2-3%,Loss Making
2024-02-01,Bangalore,Duffy-Bowen,Active,East,9817,4784722.99,1115177.0,3782097.82,1460116.33,2186838.99,795424.84,22819.44,More than 40 lacs,More than 30%,EBITDA +ve,0% to 10%,57.82079401637476,21.031313251437798,1.5628508175098623,INR 35 to 45 lacs,Var <2%,High Profit
2024-03-01,Bangalore,Duffy-Bowen,Active,East,12656,5252653.47,1165580.44,4212726.21,1995677.52,2100418.0,839830.21,17729.22,INR 20 to 30 lacs,0% to 10%,EBITDA -ve,10% to 20%,49.858877489216184,19.935551662637007,0.8883810045623003,INR 35 to 45 lacs,Var <2%,Moderate Profit
2023-10-01,Bangalore,Scott and Sons,Inactive,South,12636,5763940.68,1262130.46,4612597.64,1471610.55,3060659.58,1760805.88,18282.6,INR 20 to 30 lacs,0% to 10%,EBITDA -ve,0% to 10%,66.35435862556615,38.17384513946029,1.2423531483924193,Above INR 45 lacs,Var <2%,High Profit
2023-11-01,Bangalore,Scott and Sons,Inactive,South,8549,2867141.64,596542.69,2360126.36,980375.21,1267856.33,-26968.6,26213.72,INR 30 to 40 lacs,10% to 20%,EBITDA -ve,10% to 20%,53.7198495592414,-1.1426761065454138,2.673845659561302,INR 15 to 25 lacs,Var 2-3%,Loss Making
2023-12-01,Bangalore,Scott and Sons,Inactive,South,10804,4093584.34,896155.27,3299849.58,1229849.79,1935912.63,555285.15,24326.47,INR 30 to 40 lacs,More than 30%,EBITDA -ve,0% to 10%,58.66669322545302,16.827589759409577,1.9780033462460485,INR 25 to 35 lacs,Var <2%,Moderate Profit
2024-01-01,Bangalore,Scott and Sons,Inactive,South,14788,6808781.34,1128930.88,5803687.32,2768582.12,2949621.06,1552420.9,29196.53,INR 20 to 30 lacs,10% to 20%,EBITDA +ve,0% to 10%,50.82322491488049,26.74887212910705,1.0545661546062428,Above INR 45 lacs,Var <2%,High Profit
2024-02-01,Bangalore,Scott and Sons,Inactive,South,11214,3458288.2,1021140.23,2545615.89,1119694.72,1363111.6,5698.05,26930.29,More than 40 lacs,More than 30%,EBITDA +ve,More than 20%,53.54741873488227,0.22383777624832474,2.4051457525851334,INR 25 to 35 lacs,Var 2-3%,Low Profit
2024-03-01,Bangalore,Scott and Sons,Inactive,South,8256,3375080.18,828280.5,2611709.16,920311.28,1614464.75,359643.55,21543.46,INR 30 to 40 lacs,0% to 10%,EBITDA +ve,More than 20%,61.81640646388053,13.770428786948083,2.340888400281261,INR 25 to 35 lacs,Var 2-3%,Moderate Profit
2023-10-01,Bangalore,Richardson-Wade,Active,South,8304,3755270.65,653457.44,3220712.2,1175103.53,1975205.11,619313.08,16112.08,More than 40 lacs,0% to 10%,EBITDA +ve,0% to 10%,61.32820902159466,19.22907237722141,1.3711200408018516,INR 25 to 35 lacs,Var <2%,Moderate Profit
2023-11-01,Bangalore,Richardson-Wade,Active,South,10895,4362467.42,735979.26,3683329.5,1084522.06,2545900.3,1285225.86,22729.81,More than 40 lacs,0% to 10%,EBITDA +ve,10% to 20%,69.11953709273091,34.89304608778552,2.095836575237575,INR 35 to 45 lacs,Var 2-3%,High Profit
2023-12-01,Bangalore,Richardson-Wade,Active,South,13354,4162577.82,833080.62,3400534.47,1209211.08,2132463.35,680530.23,17244.71,INR 20 to 30 lacs,More than 30%,EBITDA +ve,More than 20%,62.70965252118147,20.01244910186133,1.426112469958512,INR 25 to 35 lacs,Var <2%,High Profit
2024-01-01,Bangalore,Richardson-Wade,Active,South,9097,3029836.11,772722.72,2375941.74,1053356.34,1234893.98,-143262.42,19441.21,More than 40 lacs,0% to 10%,EBITDA +ve,10% to 20%,51.97492679260729,-6.02971098104451,1.8456441815311992,INR 15 to 25 lacs,Var <2%,Loss Making
2024-02-01,Bangalore,Richardson-Wade,Active,South,13868,4351661.95,689991.72,3769425.29,1648811.51,1992942.72,778945.72,18375.87,More than 40 lacs,More than 30%,EBITDA -ve,10% to 20%,52.871261974262396,20.664840395337826,1.1144918560157309,INR 35 to 45 lacs,Var <2%,High Profit
2024-03-01,Bangalore,Richardson-Wade,Active,South,11991,5094797.11,1142111.72,4003105.0,1925826.26,2008977.2,674851.09,12819.19,INR 20 to 30 lacs,More than 30%,EBITDA -ve,0% to 10%,50.18547352617531,16.858191079174787,0.6656462353982026,INR 35 to 45 lacs,Var <2%,Moderate Profit
2023-10-01,Mumbai,"Hall, Smith and Brown",Active,North,13165,6187485.15,1549057.64,4715248.01,2132845.57,2527206.78,1222453.21,11304.09,More than 40 lacs,More than 30%,EBITDA -ve,10% to 20%,53.59647625406664,25.92553366031748,0.5300003975440192,Above INR 45 lacs,Var <2%,High Profit
2023-11-01,Mumbai,"Hall, Smith and Brown",Active,North,12373,4562328.94,877630.74,3748487.96,1422283.63,2257532.0,915166.19,20141.02,INR 30 to 40 lacs,0% to 10%,EBITDA +ve,10% to 20%,60.22513675087274,24.414275829766837,1.4161043251267684,INR 35 to 45 lacs,Var <2%,High Profit
2023-12-01,Mumbai,"Hall, Smith and Brown",Active,North,9267,3154515.84,560348.4,2658897.92,1222921.11,1335456.13,-183966.2,13748.24,More than 40 lacs,More than 30%,EBITDA +ve,0% to 10%,50.22592706379642,-6.918889161416171,1.124213155499458,INR 25 to 35 lacs,Var <2%,Loss Making
2024-01-01,Mumbai,"Hall, Smith and Brown",Active,North,14644,5261559.27,1513914.76,3872968.56,1310610.56,2424375.81,1104215.07,10622.31,More than 40 lacs,0% to 10%,EBITDA -ve,0% to 10%,62.59735323025705,28.510819359710993,0.8104856106149487,INR 35 to 45 lacs,Var <2%,High Profit
2024-02-01,Mumbai,"Hall, Smith and Brown",Active,North,9940,4326240.99,859907.9,3582631.09,1227691.14,2235524.89,869294.07,18941.11,INR 30 to 40 lacs,0% to 10%,EBITDA +ve,10% to 20%,62.39896974711957,24.264124554336963,1.5428237105303213,INR 35 to 45 lacs,Var <2%,High Profit
2024-03-01,Mumbai,"Hall, Smith and Brown",Active,North,9597,3314286.3,686858.63,2700150.54,799769.83,1837635.31,289089.7,10922.47,INR 30 to 40 lacs,0% to 10%,EBITDA -ve,More than 20%,68.05677249387733,10.706428983029962,1.3657016794444472,INR 25 to 35 lacs,Var <2%,Moderate Profit
2023-10-01,Mumbai,Hammond Ltd,Inactive,West,13816,5440099.64,1061851.9,4479276.86,2051554.62,2318400.08,987682.82,23384.01,More than 40 lacs,0% to 10%,EBITDA +ve,10% to 20%,51.758356370050315,22.05005073073335,1.139819031481599,INR 35 to 45 lacs,Var <2%,High Profit
2023-11-01,Mumbai,Hammond Ltd,Inactive,West,7976,2495988.53,732257.32,1872789.53,643266.55,1162464.79,-318993.94,10058.42,INR 20 to 30 lacs,0% to 10%,EBITDA +ve,10% to 20%,62.07129906370204,-17.03309073924607,1.5636472936452237,INR 15 to 25 lacs,Var <2%,Loss Making
2023-12-01,Mumbai,Hammond Ltd,Inactive,West,13716,5410943.77,848691.98,4637889.11,1923434.32,2643755.53,1500525.05,16904.46,INR 30 to 40 lacs,More than 30%,EBITDA +ve,More than 20%,57.003422619563224,32.35362067550597,0.8788685854373233,Above INR 45 lacs,Var <2%,High Profit
2024-01-01,Mumbai,Hammond Ltd,Inactive,West,7182,3410333.23,764023.73,2696915.27,1000036.89,1575475.12,206995.33,12420.5,INR 30 to 40 lacs,0% to 10%,EBITDA -ve,More than 20%,58.41767212805318,7.675262634409719,1.2420041824657089,INR 25 to 35 lacs,Var <2%,Low Profit
2024-02-01,Mumbai,Hammond Ltd,Inactive,West,9459,3877402.36,1105246.53,2868501.67,1318317.1,1449969.21,165782.98,26160.45,INR 30 to 40 lacs,10% to 20%,EBITDA +ve,0% to 10%,50.5479646452498,5.7794276968296145,1.9843822097126707,INR 25 to 35 lacs,Var <2%,Low Profit
2024-03-01,Mumbai,Hammond Ltd,Inactive,West,8150,3004362.79,779259.67,2301554.62,795493.25,1411419.42,-89328.25,16917.55,More than 40 lacs,10% to 20%,EBITDA -ve,0% to 10%,61.32461110134331,-3.881213559902393,2.1266742363935833,INR 15 to 25 lacs,Var 2-3%,Loss Making
2023-10-01,Ahmedabad,Aguirre-Goodman,Active,East,10219,3760119.53,855750.21,3014886.72,1358839.67,1521874.71,215856.18,19757.02,More than 40 lacs,10% to 20%,EBITDA +ve,More than 20%,50.47866972593915,7.159677959641547,1.4539625561564598,INR 25 to 35 lacs,Var <2%,Low Profit
2023-11-01,Ahmedabad,Aguirre-Goodman,Active,East,11009,5284503.15,884735.98,4522031.72,1567075.1,2866008.43,1504175.25,21154.18,INR 30 to 40 lacs,More than 30%,EBITDA -ve,More than 20%,63.378777670316744,33.26326180657574,1.3499148828285255,Above INR 45 lacs,Var <2%,High Profit
2023-12-01,Ahmedabad,Aguirre-Goodman,Active,East,8522,2838238.55,673933.11,2246837.04,773101.14,1344483.76,8219.14,19335.64,INR 20 to 30 lacs,0% to 10%,EBITDA +ve,More than 20%,59.83895298432502,0.365809351264745,2.5010492158891395,INR 15 to 25 lacs,Var 2-3%,Low Profit
2024-01-01,Ahmedabad,Aguirre-Goodman,Active,East,12113,5920936.38,1020292.18,5010709.73,1741787.84,3142742.07,1693353.4,27861.8,INR 20 to 30 lacs,More than 30%,EBITDA +ve,10% to 20%,62.720497481301905,33.79468161688943,1.5996092842168421,Above INR 45 lacs,Var <2%,High Profit
2024-02-01,Ahmedabad,Aguirre-Goodman,Active,East,13290,4816027.75,907373.99,4036270.42,1190512.32,2743035.48,1239594.72,10113.32,More than 40 lacs,More than 30%,EBITDA +ve,10% to 20%,67.95965568630062,30.71138925325028,0.84949309890384,INR 35 to 45 lacs,Var <2%,High Profit
2024-03-01,Ahmedabad,Aguirre-Goodman,Active,East,11743,5328792.05,1325702.63,4036739.1,1517571.09,2462567.03,1137838.83,14647.69,INR 20 to 30 lacs,0% to 10%,EBITDA -ve,10% to 20%,61.00386893965973,28.1870787735576,0.9652061835205361,INR 35 to 45 lacs,Var <2%,High Profit
2023-10-01,Ahmedabad,Rice-Chan,Active,East,9342,3552400.18,688729.63,2977785.02,980318.25,1926003.96,555172.09,28335.83,More than 40 lacs,0% to 10%,EBITDA +ve,10% to 20%,64.67908015737147,18.643793499908195,2.8904725582738053,INR 25 to 35 lacs,Var 2-3%,Moderate Profit
2023-11-01,Ahmedabad,Rice-Chan,Active,East,13919,4931249.43,1107086.77,3889536.09,1144817.63,2690033.27,1459506.63,28198.86,More than 40 lacs,10% to 20%,EBITDA +ve,0% to 10%,69.16077413232075,37.52392563607759,2.4631748551950587,INR 35 to 45 lacs,Var 2-3%,High Profit
2023-12-01,Ahmedabad,Rice-Chan,Active,East,9671,4712332.38,1184072.51,3681454.93,1154919.67,2388984.14,1101634.75,25415.61,INR 20 to 30 lacs,0% to 10%,EBITDA -ve,0% to 10%,64.89239133507469,29.92389614830895,2.2006387682357165,INR 35 to 45 lacs,Var 2-3%,High Profit
2024-01-01,Ahmedabad,Rice-Chan,Active,East,11968,3715716.98,985167.16,2799582.79,1291073.5,1390727.97,109649.06,15351.85,INR 20 to 30 lacs,More than 30%,EBITDA -ve,10% to 20%,49.67625801128746,3.916621447726502,1.1890763771388693,INR 25 to 35 lacs,Var <2%,Low Profit
2024-02-01,Ahmedabad,Rice-Chan,Active,East,9100,3982240.89,741825.1,3343141.35,1176440.08,2090033.75,820473.76,16641.99,More than 40 lacs,More than 30%,EBITDA +ve,10% to 20%,62.51706198423228,24.542000295620163,1.414605833558476,INR 25 to 35 lacs,Var <2%,High Profit
2024-03-01,Ahmedabad,Rice-Chan,Active,East,11760,5346429.69,1217350.39,4221079.31,1930228.03,2150995.22,794630.69,20889.65,INR 20 to 30 lacs,More than 30%,EBITDA +ve,10% to 20%,50.95841755221606,18.82529636715118,1.0822374183427437,INR 35 to 45 lacs,Var <2%,Moderate Profit
2023-10-01,Ahmedabad,"King, Navarro and Smith",Active,North,14310,5899422.12,1572427.26,4456332.68,1531579.99,2822026.17,1379556.55,16038.33,INR 20 to 30 lacs,10% to 20%,EBITDA -ve,10% to 20%,63.326200547486955,30.957216371915937,1.0471754726960099,INR 35 to 45 lacs,Var <2%,High Profit
2023-11-01,Ahmedabad,"King, Navarro and Smith",Active,North,10809,3765624.92,847606.53,3031700.43,1121945.3,1843180.15,492630.46,18739.92,INR 20 to 30 lacs,0% to 10%,EBITDA +ve,More than 20%,60.796908947893634,16.24931194141764,1.6703060300711627,INR 25 to 35 lacs,Var <2%,Moderate Profit
2023-12-01,Ahmedabad,"King, Navarro and Smith",Active,North,14186,4755418.07,865930.99,4011632.53,1473678.68,2391248.58,870051.12,10921.13,INR 20 to 30 lacs,10% to 20%,EBITDA -ve,10% to 20%,59.60786692493991,21.688205823777185,0.7410794597367725,INR 35 to 45 lacs,Var <2%,High Profit
2024-01-01,Ahmedabad,"King, Navarro and Smith",Active,North,9217,3358066.46,930877.22,2483092.71,780652.53,1612656.52,169893.14,14807.98,INR 20 to 30 lacs,10% to 20%,EBITDA -ve,More than 20%,64.94548163688984,6.841997454053981,1.8968720949383202,INR 15 to 25 lacs,Var <2%,Low Profit
2024-02-01,Ahmedabad,"King, Navarro and Smith",Active,North,14225,6763576.72,2003072.72,4837617.4,2069100.67,2675378.67,1246451.39,15913.89,More than 40 lacs,10% to 20%,EBITDA -ve,0% to 10%,55.30364327695695,25.76581169895742,0.7691211080609239,Above INR 45 lacs,Var <2%,High Profit
2024-03-01,Ahmedabad,"King, Navarro and Smith",Active,North,11207,5278564.69,955744.16,4431700.17,2018360.88,2293977.48,1035332.21,16083.97,INR 20 to 30 lacs,10% to 20%,EBITDA +ve,More than 20%,51.76292149746222,23.36196426393169,0.7968827655835264,INR 35 to 45 lacs,Var <2%,High Profit
2023-10-01,Mumbai,Erickson-Terry,Active,West,10388,4025312.45,1136789.12,3006933.37,1301355.48,1565973.81,287937.09,20351.93,More than 40 lacs,10% to 20%,EBITDA -ve,More than 20%,52.078766547460944,9.575772209412143,1.5639024319473414,INR 25 to 35 lacs,Var <2%,Low Profit
2023-11-01,Mumbai,Erickson-Terry,Active,West,7976,3911784.19,611659.66,3403653.75,1322322.67,1994403.0,434345.98,24023.4,INR 30 to 40 lacs,10% to 20%,EBITDA +ve,10% to 20%,58.59594266896273,12.761168200496304,1.8167577812153823,INR 25 to 35 lacs,Var <2%,Moderate Profit
2023-12-01,Mumbai,Erickson-Terry,Active,West,8099,3516675.35,757135.4,2857079.8,831972.1,1962669.42,475450.53,14534.55,More than 40 lacs,0% to 10%,EBITDA -ve,0% to 10%,68.69494579745376,16.641135819867547,1.746999689052073,INR 25 to 35 lacs,Var <2%,Moderate Profit
2024-01-01,Mumbai,Erickson-Terry,Active,West,14722,6964376.83,1208953.01,5869323.59,2441958.88,3294081.67,1975437.48,23708.88,More than 40 lacs,10% to 20%,EBITDA +ve,More than 20%,56.12370181143821,33.656987039625804,0.970895955463427,Above INR 45 lacs,Var <2%,High Profit
2024-02-01,Mumbai,Erickson-Terry,Active,West,13340,4194392.4,758388.98,3532165.05,1561025.35,1822103.52,386460.94,20335.8,More than 40 lacs,More than 30%,EBITDA +ve,10% to 20%,51.58602427143092,10.941191437246117,1.302720676509193,INR 35 to 45 lacs,Var <2%,Moderate Profit
2024-03-01,Mumbai,Erickson-Terry,Active,West,12922,4570598.64,882670.58,3730123.82,1316479.35,2303740.01,920200.72,28894.73,INR 30 to 40 lacs,0% to 10%,EBITDA -ve,More than 20%,61.76041657512591,24.669441670169544,2.1948487076534846,INR 35 to 45 lacs,Var 2-3%,High Profit
2023-10-01,Mumbai,"Baker, Morgan and Torres",Inactive,West,11757,5735198.86,866028.33,4915927.32,2360850.21,2411111.96,989914.23,29925.25,More than 40 lacs,10% to 20%,EBITDA -ve,10% to 20%,49.04694075094665,20.136876840563215,1.2675624176935816,Above INR 45 lacs,Var <2%,High Profit
2023-11-01,Mumbai,"Baker, Morgan and Torres",Inactive,West,7859,3321671.87,815979.45,2589149.23,752618.28,1765090.3,494577.91,24857.63,INR 30 to 40 lacs,More than 30%,EBITDA -ve,More than 20%,68.17259814723002,19.101946858428086,3.302820388577328,INR 25 to 35 lacs,Var 3-5%,Moderate Profit
2023-12-01,Mumbai,"Baker, Morgan and Torres",Inactive,West,8911,4433506.93,858878.3,3685574.38,1715942.08,1916131.51,458502.95,19390.51,INR 20 to 30 lacs,0% to 10%,EBITDA -ve,More than 20%,51.99003771021439,12.440474746299925,1.1300212417426116,INR 35 to 45 lacs,Var <2%,Moderate Profit
2024-01-01,Mumbai,"Baker, Morgan and Torres",Inactive,West,9135,4434331.12,735251.93,3742240.35,1155953.64,2469864.77,1056908.06,16534.85,INR 30 to 40 lacs,More than 30%,EBITDA +ve,More than 20%,65.99962960690111,28.242655766351298,1.4304077108144233,INR 35 to 45 lacs,Var <2%,High Profit
2024-02-01,Mumbai,"Baker, Morgan and Torres",Inactive,West,13121,4916491.65,937696.95,4050246.92,1605317.35,2306491.92,1003538.18,20827.39,More than 40 lacs,10% to 20%,EBITDA -ve,More than 20%,56.94694584200807,24.777209879342372,1.2974001682595655,INR 35 to 45 lacs,Var <2%,High Profit
2024-03-01,Mumbai,"Baker, Morgan and Torres",Inactive,West,14581,4430083.89,774654.33,3697954.79,1532359.79,2109821.78,812952.62,20650.08,INR 20 to 30 lacs,10% to 20%,EBITDA -ve,0% to 10%,57.053747268770685,21.983844210274945,1.3475999654102122,INR 35 to 45 lacs,Var <2%,High Profit
2023-10-01,Bangalore,"Johnston, Kirby and Smith",Inactive,East,7204,3164900.57,710063.05,2533987.69,1061336.48,1327507.01,-186335.98,15710.18,INR 30 to 40 lacs,10% to 20%,EBITDA +ve,More than 20%,52.388060732844366,-7.353468240408066,1.48022613902803,INR 25 to 35 lacs,Var <2%,Loss Making
2023-11-01,Bangalore,"Johnston, Kirby and Smith",Inactive,East,12318,4807208.18,853357.95,4001464.07,1885771.57,2058995.14,715646.19,11374.27,INR 30 to 40 lacs,More than 30%,EBITDA +ve,More than 20%,51.45604468716372,17.88460867024604,0.6031626619548623,INR 35 to 45 lacs,Var <2%,Moderate Profit
2023-12-01,Bangalore,"Johnston, Kirby and Smith",Inactive,East,9621,3606875.19,740932.56,2978776.55,1071461.7,1847777.69,563039.93,13173.58,INR 20 to 30 lacs,10% to 20%,EBITDA -ve,0% to 10%,62.03142998423296,18.901717552462944,1.229496117313386,INR 25 to 35 lacs,Var <2%,Moderate Profit
2024-01-01,Bangalore,"Johnston, Kirby and Smith",Inactive,East,10471,4730201.63,1133229.99,3673485.66,1583579.23,2019681.01,797919.92,28781.37,INR 20 to 30 lacs,More than 30%,EBITDA -ve,0% to 10%,54.97996172931842,21.721057160734908,1.8174884751424782,INR 35 to 45 lacs,Var <2%,High Profit
2024-02-01,Bangalore,"Johnston, Kirby and Smith",Inactive,East,10293,3551171.21,814314.32,2830981.27,1235732.42,1499096.56,32148.74,20284.02,INR 20 to 30 lacs,0% to 10%,EBITDA +ve,0% to 10%,52.95324896303535,1.1356041221706847,1.6414572986601743,INR 25 to 35 lacs,Var <2%,Low Profit
2024-03-01,Bangalore,"Johnston, Kirby and Smith",Inactive,East,14934,7171190.0,2147223.89,5076999.12,2496556.22,2455624.51,1064518.09,22474.86,INR 20 to 30 lacs,10% to 20%,EBITDA +ve,10% to 20%,48.36763710134343,20.967466506080466,0.9002344838042541,Above INR 45 lacs,Var <2%,High Profit
2023-10-01,Bangalore,Acevedo Inc,Inactive,South,7991,2891073.46,491183.8,2483217.23,750835.98,1609080.89,212286.2,28984.01,INR 30 to 40 lacs,10% to 20%,EBITDA +ve,0% to 10%,64.7982331372596,8.548837267853527,3.8602318977841206,INR 15 to 25 lacs,Var 3-5%,Low Profit
2023-11-01,Bangalore,Acevedo Inc,Inactive,South,13332,5798850.2,1459163.18,4434029.3,1854469.27,2513939.37,1160441.25,19769.91,More than 40 lacs,More than 30%,EBITDA +ve,0% to 10%,56.696498825571595,26.171258047392698,1.0660683528069461,INR 35 to 45 lacs,Var <2%,High Profit
2023-12-01,Bangalore,Acevedo Inc,Inactive,South,12213,5817334.36,1382634.77,4518444.31,1941662.72,2503702.12,1064455.02,22379.83,INR 30 to 40 lacs,0% to 10%,EBITDA +ve,More than 20%,55.410711037401285,23.557997995996107,1.1526116132054078,Above INR 45 lacs,Var <2%,High Profit
2024-01-01,Bangalore,Acevedo Inc,Inactive,South,8230,3863800.53,615731.81,3399862.75,1027864.79,2314894.47,1043787.37,12593.58,More than 40 lacs,10% to 20%,EBITDA +ve,More than 20%,68.08788001809779,30.700867851209583,1.2252175697155654,INR 25 to 35 lacs,Var <2%,High Profit
2024-02-01,Bangalore,Acevedo Inc,Inactive,South,11134,4154308.51,843551.05,3422283.91,1634804.72,1727620.9,347258.21,17276.19,INR 20 to 30 lacs,0% to 10%,EBITDA -ve,0% to 10%,50.481518933944905,10.146972581243267,1.0567739246556616,INR 25 to 35 lacs,Var <2%,Moderate Profit
2024-03-01,Bangalore,Acevedo Inc,Inactive,South,9837,4377476.95,1033711.14,3424415.76,1654280.89,1682988.14,298201.1,21354.55,INR 30 to 40 lacs,More than 30%,EBITDA -ve,10% to 20%,49.146723352306964,8.708086894215205,1.2908660269901322,INR 25 to 35 lacs,Var <2%,Low Profit
2023-10-01,Hyderabad,Kim-Williams,Inactive,North,12112,4876041.83,1367441.62,3593358.78,1643067.01,1814865.69,328559.44,10504.75,INR 20 to 30 lacs,More than 30%,EBITDA -ve,10% to 20%,50.50610866082235,9.143518922427225,0.6393378928592814,INR 35 to 45 lacs,Var <2%,Low Profit
2023-11-01,Hyderabad,Kim-Williams,Inactive,North,9334,3207549.83,901676.79,2441873.96,1031385.36,1314656.24,82145.63,29991.15,INR 30 to 40 lacs,0% to 10%,EBITDA -ve,More than 20%,53.83800562744852,3.3640405420433743,2.907851048031165,INR 15 to 25 lacs,Var 2-3%,Low Profit
2023-12-01,Hyderabad,Kim-Williams,Inactive,North,13751,5158838.95,1321788.82,3885591.61,1657596.35,2100639.99,685536.5,22215.41,INR 30 to 40 lacs,More than 30%,EBITDA +ve,10% to 20%,54.062294776264466,17.643040463534458,1.340218322753908,INR 35 to 45 lacs,Var <2%,Moderate Profit
2024-01-01,Hyderabad,Kim-Williams,Inactive,North,10113,3826948.47,1005015.78,2938712.66,1058416.36,1828380.75,331408.33,24781.34,INR 30 to 40 lacs,0% to 10%,EBITDA -ve,0% to 10%,62.21706446114401,11.27733018987981,2.341360256373966,INR 25 to 35 lacs,Var 2-3%,Moderate Profit
2024-02-01,Hyderabad,Kim-Williams,Inactive,North,10289,4965329.42,997860.09,4047409.31,1404152.4,2561940.59,1114325.81,10100.53,INR 30 to 40 lacs,10% to 20%,EBITDA -ve,More than 20%,63.298282772393975,27.531828996064643,0.7193328872279107,INR 35 to 45 lacs,Var <2%,High Profit
2024-03-01,Hyderabad,Kim-Williams,Inactive,North,13773,5955207.29,1564293.43,4498942.47,1317493.46,3065096.65,1635627.02,15758.91,INR 20 to 30 lacs,0% to 10%,EBITDA +ve,0% to 10%,68.12926972146856,36.35581096906091,1.1961281386550489,INR 35 to 45 lacs,Var <2%,High Profit
2023-10-01,Bangalore,Valenzuela and Sons,Active,South,10214,5004655.04,853611.07,4205775.89,1418650.22,2678983.96,1341879.21,27913.96,INR 20 to 30 lacs,10% to 20%,EBITDA -ve,10% to 20%,63.69773449816415,31.905628000544752,1.9676421718667199,INR 35 to 45 lacs,Var <2%,High Profit
2023-11-01,Bangalore,Valenzuela and Sons,Active,South,12633,5656720.55,876036.61,4833144.27,2320170.88,2364616.67,1045347.5,17016.38,More than 40 lacs,10% to 20%,EBITDA -ve,0% to 10%,48.92501729521101,21.62872535149877,0.7334106356855923,Above INR 45 lacs,Var <2%,High Profit
2023-12-01,Bangalore,Valenzuela and Sons,Active,South,13151,4361670.92,688131.59,3774547.74,1232522.06,2434378.44,1128810.42,26897.25,INR 20 to 30 lacs,10% to 20%,EBITDA -ve,More than 20%,64.49457279880635,29.905845620593475,2.182293597244012,INR 35 to 45 lacs,Var 2-3%,High Profit
2024-01-01,Bangalore,Valenzuela and Sons,Active,South,9950,3816157.32,639029.94,3219892.72,1200178.77,1888246.85,620958.99,27586.6,More than 40 lacs,0% to 10%,EBITDA -ve,10% to 20%,58.643160322434596,19.28508319991481,2.2985409082015336,INR 25 to 35 lacs,Var 2-3%,Moderate Profit
2024-02-01,Bangalore,Valenzuela and Sons,Active,South,12406,3959322.93,782576.82,3267570.08,1185926.61,2003073.51,747736.18,20949.43,INR 20 to 30 lacs,10% to 20%,EBITDA -ve,10% to 20%,61.301623559975795,22.883554497475387,1.7665030722263664,INR 25 to 35 lacs,Var <2%,High Profit
2024-03-01,Bangalore,Valenzuela and Sons,Active,South,11552,4178285.12,985892.82,3280810.49,1206150.2,1990079.68,480164.47,16144.33,INR 30 to 40 lacs,More than 30%,EBITDA +ve,10% to 20%,60.65817230424668,14.63554421883112,1.3385007936822462,INR 25 to 35 lacs,Var <2%,Moderate Profit
2023-10-01,Pune,Long-Beck,Inactive,East,12375,5981931.57,1593847.21,4517895.59,1610269.57,2852386.89,1667533.83,24623.15,INR 30 to 40 lacs,0% to 10%,EBITDA -ve,10% to 20%,63.135299016505165,36.90952561389317,1.5291321688454933,Above INR 45 lacs,Var <2%,High Profit
2023-11-01,Pune,Long-Beck,Inactive,East,13799,4170892.74,1118240.51,3162009.76,1081091.2,2003769.36,621800.38,14222.52,More than 40 lacs,More than 30%,EBITDA -ve,More than 20%,63.37011938887881,19.66472045298178,1.3155707862574406,INR 25 to 35 lacs,Var <2%,Moderate Profit
2023-12-01,Pune,Long-Beck,Inactive,East,7969,3447064.7,967229.4,2569515.86,839058.16,1589377.43,254671.23,12222.74,INR 20 to 30 lacs,10% to 20%,EBITDA +ve,More than 20%,61.85513211815707,9.911253476365,1.4567214267959685,INR 25 to 35 lacs,Var <2%,Low Profit
2024-01-01,Pune,Long-Beck,Inactive,East,12669,4410158.93,1106321.78,3371769.98,1221073.85,2073631.74,675143.17,27011.49,More than 40 lacs,0% to 10%,EBITDA -ve,More than 20%,61.499798393720795,20.02340533324281,2.212109447761902,INR 25 to 35 lacs,Var 2-3%,High Profit
2024-02-01,Pune,Long-Beck,Inactive,East,14469,4408798.33,945437.83,3558150.67,1360485.24,2128164.53,733561.44,17562.02,More than 40 lacs,More than 30%,EBITDA +ve,0% to 10%,59.81097281639285,20.616368108998596,1.2908644271657075,INR 35 to 45 lacs,Var <2%,High Profit
2024-03-01,Pune,Long-Beck,Inactive,East,10867,4930534.66,906926.81,4108338.66,1307396.88,2665997.14,1431577.59,23276.49,More than 40 lacs,10% to 20%,EBITDA +ve,10% to 20%,64.8923411781248,34.8456568086332,1.7803690949606674,INR 35 to 45 lacs,Var <2%,High Profit
2023-10-01,Pune,Cruz-Murillo,Inactive,West,12197,4629698.66,1254170.71,3464172.64,1093048.64,2234823.1,716975.4,12555.49,INR 30 to 40 lacs,10% to 20%,EBITDA +ve,10% to 20%,64.51246321257246,20.696872659325663,1.148667089508478,INR 25 to 35 lacs,Var <2%,High Profit
2023-11-01,Pune,Cruz-Murillo,Inactive,West,10814,3279331.32,850385.4,2477635.85,1124725.26,1237931.79,-74974.09,20977.46,INR 30 to 40 lacs,10% to 20%,EBITDA -ve,10% to 20%,49.964234655387315,-3.026033466540291,1.8651185979409761,INR 15 to 25 lacs,Var <2%,Loss Making
2023-12-01,Pune,Cruz-Murillo,Inactive,West,10861,4705567.05,1403789.84,3358693.22,1629492.31,1670435.93,308175.2,26081.91,INR 30 to 40 lacs,10% to 20%,EBITDA +ve,10% to 20%,49.73469800853083,9.17544949222841,1.6006157157010454,INR 25 to 35 lacs,Var <2%,Low Profit
2024-01-01,Pune,Cruz-Murillo,Inactive,West,7242,2896740.6,751812.46,2215824.43,999591.2,1153678.25,-112322.78,15046.24,INR 20 to 30 lacs,More than 30%,EBITDA +ve,10% to 20%,52.065417926635995,-5.0691191269156635,1.5052393418429455,INR 15 to 25 lacs,Var <2%,Loss Making
2024-02-01,Pune,Cruz-Murillo,Inactive,West,11837,5096893.02,882210.64,4319035.37,2090787.33,2101203.32,599182.09,16359.65,INR 20 to 30 lacs,More than 30%,EBITDA +ve,More than 20%,48.64982895474643,13.873053556400949,0.7824636090558288,INR 35 to 45 lacs,Var <2%,Moderate Profit
2024-03-01,Pune,Cruz-Murillo,Inactive,West,7746,3825473.35,790633.08,3124973.42,1181100.22,1853802.78,512580.7,18029.24,INR 20 to 30 lacs,0% to 10%,EBITDA +ve,0% to 10%,59.3221935308493,16.40272191499152,1.5264784219581302,INR 25 to 35 lacs,Var <2%,Moderate Profit
2023-10-01,Ahmedabad,"Oconnell, Leonard and Hoover",Active,South,11915,4283112.53,746892.15,3619279.7,1313336.32,2244295.6,913371.8,14015.42,INR 20 to 30 lacs,10% to 20%,EBITDA +ve,More than 20%,62.009454533176864,25.23628665670686,1.0671615325463626,INR 35 to 45 lacs,Var <2%,High Profit
2023-11-01,Ahmedabad,"Oconnell, Leonard and Hoover",Active,South,8301,3281947.9,802482.11,2588333.81,1211667.83,1254459.37,-132779.41,22879.13,INR 20 to 30 lacs,10% to 20%,EBITDA -ve,10% to 20%,48.46590363087673,-5.129918308334426,1.8882345007047021,INR 25 to 35 lacs,Var <2%,Loss Making
2023-12-01,Ahmedabad,"Oconnell, Leonard and Hoover",Active,South,10956,3541984.81,598823.66,3074110.09,1138424.79,1859238.12,662864.35,25754.84,INR 20 to 30 lacs,More than 30%,EBITDA +ve,0% to 10%,60.48053145682887,21.562804538337144,2.262322485089243,INR 25 to 35 lacs,Var 2-3%,High Profit
2024-01-01,Ahmedabad,"Oconnell, Leonard and Hoover",Active,South,10124,4096983.1,753910.01,3385229.66,1256061.31,2039389.01,797406.7,13705.54,INR 30 to 40 lacs,0% to 10%,EBITDA +ve,10% to 20%,60.24374163140234,23.555468316439125,1.0911521508452482,INR 25 to 35 lacs,Var <2%,High Profit
2024-02-01,Ahmedabad,"Oconnell, Leonard and Hoover",Active,South,10479,4243785.39,923782.87,3436431.3,1517199.05,1801176.43,546755.81,10444.37,More than 40 lacs,More than 30%,EBITDA -ve,10% to 20%,52.414155056729925,15.910570073087161,0.6883981373439432,INR 25 to 35 lacs,Var <2%,Moderate Profit
2024-03-01,Ahmedabad,"Oconnell, Leonard and Hoover",Active,South,12368,3953862.07,1160490.41,2843824.68,930179.15,1795890.95,318547.18,25983.16,More than 40 lacs,0% to 10%,EBITDA +ve,More than 20%,63.15055082790827,11.201364916771169,2.793350076702966,INR 25 to 35 lacs,Var 2-3%,Moderate Profit
2023-10-01,Pune,Scott LLC,Inactive,West,8873,4100156.9,782710.1,3370051.23,1576845.03,1697241.74,291009.95,24014.51,More than 40 lacs,More than 30%,EBITDA +ve,More than 20%,50.36249078029594,8.635178818928518,1.5229467413167417,INR 25 to 35 lacs,Var <2%,Low Profit
2023-11-01,Pune,Scott LLC,Inactive,West,8375,3111833.84,743937.08,2457272.66,1055607.66,1316181.81,-68593.33,19924.78,INR 20 to 30 lacs,10% to 20%,EBITDA -ve,More than 20%,53.56270923553107,-2.7914415488592947,1.8875175650013756,INR 15 to 25 lacs,Var <2%,Loss Making
2023-12-01,Pune,Scott LLC,Inactive,West,9296,3239801.51,530343.59,2776703.05,1194645.84,1519519.68,246344.05,17694.65,INR 30 to 40 lacs,0% to 10%,EBITDA -ve,0% to 10%,54.72388125910691,8.87181832425329,1.4811628189321782,INR 25 to 35 lacs,Var <2%,Low Profit
2024-01-01,Pune,Scott LLC,Inactive,West,7344,3018580.51,719022.09,2337981.11,781081.96,1466867.87,81218.42,15744.42,INR 30 to 40 lacs,10% to 20%,EBITDA +ve,10% to 20%,62.740792204262085,3.473869812404087,2.0157193234881525,INR 15 to 25 lacs,Var 2-3%,Low Profit
2024-02-01,Pune,Scott LLC,Inactive,West,12127,5186690.7,1026764.96,4259732.07,1590576.98,2527982.5,1200758.85,18563.68,INR 30 to 40 lacs,More than 30%,EBITDA -ve,More than 20%,59.346044738442906,28.18860036894292,1.1671035249108157,INR 35 to 45 lacs,Var <2%,High Profit
2024-03-01,Pune,Scott LLC,Inactive,West,7731,2639081.83,595557.35,2141751.75,718522.26,1294890.77,-178648.13,16049.33,INR 20 to 30 lacs,10% to 20%,EBITDA +ve,More than 20%,60.45942392716617,-8.341215549374478,2.2336580080344346,INR 15 to 25 lacs,Var 2-3%,Loss Making
2023-10-01,Hyderabad,Walker-Mosley,Inactive,East,7972,3780825.03,1012363.35,2858552.9,1191214.31,1592981.48,374293.44,22936.74,INR 30 to 40 lacs,10% to 20%,EBITDA -ve,10% to 20%,55.72684976373885,13.093808409142962,1.9254923154843566,INR 25 to 35 lacs,Var <2%,Moderate Profit
2023-11-01,Hyderabad,Walker-Mosley,Inactive,East,10106,4796394.81,840946.0,4059293.83,1841575.2,2148799.05,692099.13,27727.61,INR 20 to 30 lacs,0% to 10%,EBITDA -ve,10% to 20%,52.93529219588422,17.04974212226465,1.5056463618754208,INR 35 to 45 lacs,Var <2%,Moderate Profit
2023-12-01,Hyderabad,Walker-Mosley,Inactive,East,12454,3912837.47,792229.89,3222014.21,1537659.68,1534807.11,347020.06,20601.25,INR 20 to 30 lacs,10% to 20%,EBITDA -ve,10% to 20%,47.63501989645167,10.770283350178024,1.3397795538216883,INR 25 to 35 lacs,Var <2%,Moderate Profit
2024-01-01,Hyderabad,Walker-Mosley,Inactive,East,11435,4396053.64,1177085.51,3291823.97,1442382.76,1767355.76,440518.76,24480.58,INR 20 to 30 lacs,10% to 20%,EBITDA -ve,0% to 10%,53.68925483582282,13.382208891321731,1.6972318776189477,INR 25 to 35 lacs,Var <2%,Moderate Profit
2024-02-01,Hyderabad,Walker-Mosley,Inactive,East,14104,4885177.92,1249796.6,3746191.37,1629087.59,2056300.88,706379.46,16414.49,INR 30 to 40 lacs,0% to 10%,EBITDA -ve,10% to 20%,54.89043876581243,18.855936342622027,1.0075879345443912,INR 35 to 45 lacs,Var <2%,Moderate Profit
2024-03-01,Hyderabad,Walker-Mosley,Inactive,East,14942,6737555.08,1261881.63,5529660.35,1643589.82,3812595.09,2497011.54,16603.12,INR 30 to 40 lacs,10% to 20%,EBITDA -ve,More than 20%,68.94808810454334,45.15668923499072,1.0101741808062548,Above INR 45 lacs,Var <2%,High Profit
2023-10-01,Ahmedabad,"Hall, Clark and Waller",Active,South,9657,4519471.67,907954.74,3728049.98,1589318.12,2056103.64,843404.17,26059.63,INR 20 to 30 lacs,More than 30%,EBITDA -ve,10% to 20%,55.15225522808039,22.623199112797305,1.6396736230503683,INR 35 to 45 lacs,Var <2%,High Profit
2023-11-01,Ahmedabad,"Hall, Clark and Waller",Active,South,10462,3555447.27,684877.43,2957695.78,952847.11,1904514.16,552314.64,28955.59,More than 40 lacs,0% to 10%,EBITDA -ve,More than 20%,64.3918205813581,18.67381506018175,3.0388495379914624,INR 25 to 35 lacs,Var 3-5%,Moderate Profit
2023-12-01,Ahmedabad,"Hall, Clark and Waller",Active,South,14996,6009462.88,1648831.93,4459006.28,1852174.96,2503720.37,924076.94,21287.91,More than 40 lacs,10% to 20%,EBITDA -ve,0% to 10%,56.149738591532106,20.723831319654472,1.149346603843516,INR 35 to 45 lacs,Var <2%,High Profit
2024-01-01,Ahmedabad,"Hall, Clark and Waller",Active,South,14883,6253674.33,1591009.66,4745447.85,1494108.25,3167046.63,1915851.69,16153.58,INR 20 to 30 lacs,10% to 20%,EBITDA +ve,10% to 20%,66.73862468007104,40.372410582912636,1.081151917874759,Above INR 45 lacs,Var <2%,High Profit
2024-02-01,Ahmedabad,"Hall, Clark and Waller",Active,South,14504,4674603.48,1101156.25,3629206.17,1687386.85,1861673.01,504992.59,15235.02,More than 40 lacs,0% to 10%,EBITDA -ve,More than 20%,51.29697577914125,13.914684543810306,0.90287653954397,INR 35 to 45 lacs,Var <2%,Moderate Profit
2024-03-01,Ahmedabad,"Hall, Clark and Waller",Active,South,14600,5678969.1,1268438.98,4523557.74,1697727.94,2739504.26,1281659.86,20913.92,More than 40 lacs,10% to 20%,EBITDA -ve,More than 20%,60.56083325245672,28.333005427714514,1.2318769990909144,Above INR 45 lacs,Var <2%,High Profit
2023-10-01,Hyderabad,Alvarado Group,Inactive,East,11185,4689722.76,1044417.33,3740079.63,1675409.85,1918459.57,588248.81,24017.31,More than 40 lacs,More than 30%,EBITDA -ve,10% to 20%,51.29461829132232,15.728242930485415,1.433518491012811,INR 35 to 45 lacs,Var <2%,Moderate Profit
2023-11-01,Hyderabad,Alvarado Group,Inactive,East,8535,4225525.5,997369.76,3324175.66,1485677.26,1749134.85,407341.19,16441.35,More than 40 lacs,10% to 20%,EBITDA -ve,10% to 20%,52.61860469792382,12.253900866357945,1.1066569060900884,INR 25 to 35 lacs,Var <2%,Moderate Profit
2023-12-01,Hyderabad,Alvarado Group,Inactive,East,10338,4557683.7,1318490.19,3315610.58,1308515.35,1946957.25,541281.87,14976.38,INR 30 to 40 lacs,0% to 10%,EBITDA +ve,More than 20%,58.720926448485386,16.325254638317627,1.1445322364770119,INR 25 to 35 lacs,Var <2%,Moderate Profit
2024-01-01,Hyderabad,Alvarado Group,Inactive,East,12121,4917869.34,984392.1,3983425.49,1693009.72,2212740.36,787598.64,29449.23,INR 20 to 30 lacs,10% to 20%,EBITDA +ve,More than 20%,55.548682046516696,19.771893361057945,1.7394601845522777,INR 35 to 45 lacs,Var <2%,Moderate Profit
2024-02-01,Hyderabad,Alvarado Group,Inactive,East,12367,4154322.1,798471.48,3474925.16,1078720.48,2263407.03,852968.34,23075.74,More than 40 lacs,More than 30%,EBITDA +ve,0% to 10%,65.13541805314735,24.546380158587354,2.139176962691948,INR 25 to 35 lacs,Var 2-3%,High Profit
2024-03-01,Hyderabad,Alvarado Group,Inactive,East,14933,5422271.4,900062.04,4686104.47,1896615.08,2710968.81,1352335.5,20294.84,INR 20 to 30 lacs,More than 30%,EBITDA -ve,10% to 20%,57.8512243454103,28.8584155273858,1.0700558175462782,Above INR 45 lacs,Var <2%,High Profit
2023-10-01,Hyderabad,"Carson, Macias and Wiggins",Active,East,10659,5129608.62,1341471.01,3838629.37,1390482.93,2323528.48,968663.02,23915.9,INR 20 to 30 lacs,10% to 20%,EBITDA +ve,10% to 20%,60.53015949284002,25.23460659084156,1.719970773032072,INR 35 to 45 lacs,Var <2%,High Profit
2023-11-01,Hyderabad,"Carson, Macias and Wiggins",Active,East,10004,3081899.97,613068.61,2518140.69,1116420.15,1295178.95,-49075.01,28763.62,INR 20 to 30 lacs,10% to 20%,EBITDA +ve,More than 20%,51.43393914181975,-1.9488589416344329,2.576415339690886,INR 25 to 35 lacs,Var 2-3%,Loss Making
2023-12-01,Hyderabad,"Carson, Macias and Wiggins",Active,East,9883,4207197.39,766859.93,3469933.06,1298472.1,2101112.16,733024.88,14850.89,More than 40 lacs,0% to 10%,EBITDA -ve,0% to 10%,60.55195082063053,21.12504383586005,1.1437203772033298,INR 25 to 35 lacs,Var <2%,High Profit
2024-01-01,Hyderabad,"Carson, Macias and Wiggins",Active,East,10099,3490883.46,554243.02,2996082.11,1216641.95,1714265.87,369312.89,21641.4,INR 20 to 30 lacs,More than 30%,EBITDA -ve,More than 20%,57.21691886475034,12.326527659817708,1.7787813415442402,INR 25 to 35 lacs,Var <2%,Moderate Profit
2024-02-01,Hyderabad,"Carson, Macias and Wiggins",Active,East,10438,4628966.48,1002330.95,3749718.54,1800544.11,1888059.34,521272.21,29465.22,INR 20 to 30 lacs,More than 30%,EBITDA -ve,0% to 10%,50.35202828850189,13.90163566783335,1.6364619914810086,INR 35 to 45 lacs,Var <2%,Moderate Profit
2024-03-01,Hyderabad,"Carson, Macias and Wiggins",Active,East,14467,4998295.27,874340.55,4235372.83,1961470.75,2152934.95,1006985.99,25237.8,INR 20 to 30 lacs,More than 30%,EBITDA -ve,10% to 20%,50.83224160929417,23.77561623069674,1.286677356774247,INR 35 to 45 lacs,Var <2%,High Profit
2023-10-01,Bangalore,"Reyes, Dunn and Goodman",Inactive,North,13752,5689015.25,1529201.35,4287794.66,2024305.86,2120388.94,656025.15,11486.69,INR 20 to 30 lacs,0% to 10%,EBITDA -ve,10% to 20%,49.45173703817244,15.29982664794867,0.5674384601149157,INR 35 to 45 lacs,Var <2%,Moderate Profit
2023-11-01,Bangalore,"Reyes, Dunn and Goodman",Inactive,North,9731,3088555.21,603759.94,2565619.34,1133797.76,1372689.01,-19511.57,19966.66,INR 20 to 30 lacs,0% to 10%,EBITDA -ve,10% to 20%,53.503221954976375,-0.7605013610475825,1.7610424631638009,INR 25 to 35 lacs,Var <2%,Loss Making
2023-12-01,Bangalore,"Reyes, Dunn and Goodman",Inactive,North,9775,3047943.03,581394.0,2568923.16,1137552.86,1291797.66,112296.34,11592.1,INR 20 to 30 lacs,More than 30%,EBITDA +ve,0% to 10%,50.28557023869876,4.371339001046648,1.0190383592372139,INR 25 to 35 lacs,Var <2%,Low Profit
2024-01-01,Bangalore,"Reyes, Dunn and Goodman",Inactive,North,12851,6074491.84,1038237.17,5118312.17,1963075.34,3018530.81,1526325.66,17069.46,INR 20 to 30 lacs,More than 30%,EBITDA -ve,0% to 10%,58.97512128495281,29.820878627651194,0.8695264849081135,Above INR 45 lacs,Var <2%,High Profit
2024-02-01,Bangalore,"Reyes, Dunn and Goodman",Inactive,North,12816,3967612.83,1159646.14,2914238.36,1197373.42,1626354.13,305005.75,11378.56,INR 20 to 30 lacs,0% to 10%,EBITDA -ve,More than 20%,55.80717597856339,10.466053641542212,0.9502933512587911,INR 25 to 35 lacs,Var <2%,Moderate Profit
2024-03-01,Bangalore,"Reyes, Dunn and Goodman",Inactive,North,10164,3756253.27,912901.87,2898969.45,1247038.03,1565263.53,133960.42,24031.31,More than 40 lacs,More than 30%,EBITDA +ve,More than 20%,53.993791828334025,4.620966943960034,1.9270711415272554,INR 25 to 35 lacs,Var <2%,Low Profit
2023-10-01,Bangalore,Mcfarland Group,Inactive,North,10832,4934447.17,907326.14,4108574.16,1991416.64,1981978.49,730800.81,10541.62,INR 30 to 40 lacs,More than 30%,EBITDA -ve,10% to 20%,48.24005635083875,17.787212340351186,0.5293528128799808,INR 35 to 45 lacs,Var <2%,Moderate Profit
2023-11-01,Bangalore,Mcfarland Group,Inactive,North,14404,5738558.58,1127829.29,4669592.97,2231771.5,2317059.41,885189.09,20908.56,More than 40 lacs,More than 30%,EBITDA +ve,More than 20%,49.62015800704789,18.95645071608886,0.9368593514165765,Above INR 45 lacs,Var <2%,Moderate Profit
2023-12-01,Bangalore,Mcfarland Group,Inactive,North,11777,4550657.67,1364548.49,3288734.13,1123435.27,2071731.65,675004.04,27164.14,More than 40 lacs,0% to 10%,EBITDA +ve,More than 20%,62.99480493426205,20.524737279385977,2.417953283592387,INR 25 to 35 lacs,Var 2-3%,High Profit
2024-01-01,Bangalore,Mcfarland Group,Inactive,North,8017,2951798.43,884508.88,2140805.61,962217.29,1031028.13,-408424.18,19380.5,INR 20 to 30 lacs,10% to 20%,EBITDA +ve,0% to 10%,48.1607543059456,-19.07806005796108,2.014150047127089,INR 15 to 25 lacs,Var 2-3%,Loss Making
2024-02-01,Bangalore,Mcfarland Group,Inactive,North,11284,5522119.23,1056246.21,4604834.7,2058616.56,2426264.71,1182004.31,28753.23,INR 20 to 30 lacs,0% to 10%,EBITDA +ve,0% to 10%,52.689507182527095,25.668767436972278,1.396725867200835,Above INR 45 lacs,Var <2%,High Profit
2024-03-01,Bangalore,Mcfarland Group,Inactive,North,11551,4027094.39,936644.15,3213211.87,1446412.01,1682560.35,410138.24,21926.93,INR 20 to 30 lacs,10% to 20%,EBITDA -ve,More than 20%,52.363815959636675,12.764120655386474,1.5159532587122255,INR 25 to 35 lacs,Var <2%,Moderate Profit
2023-10-01,Hyderabad,Jimenez LLC,Inactive,North,11311,5579849.59,1205866.07,4497972.01,1554262.26,2863128.4,1566085.04,10383.36,INR 20 to 30 lacs,0% to 10%,EBITDA -ve,More than 20%,63.653762042863406,34.8175808234965,0.6680571398548917,INR 35 to 45 lacs,Var <2%,High Profit
2023-11-01,Hyderabad,Jimenez LLC,Inactive,North,13906,6836109.13,1059689.45,5832274.74,2783801.0,2984049.74,1539957.64,17090.96,INR 30 to 40 lacs,More than 30%,EBITDA -ve,0% to 10%,51.1644233687112,26.404065457314168,0.6139433098845787,Above INR 45 lacs,Var <2%,High Profit
2023-12-01,Hyderabad,Jimenez LLC,Inactive,North,14382,6710739.76,1467442.43,5354165.45,1799503.87,3436264.07,2113650.84,14736.99,More than 40 lacs,0% to 10%,EBITDA -ve,More than 20%,64.17926569676699,39.4767561768193,0.818947391316252,Above INR 45 lacs,Var <2%,High Profit
2024-01-01,Hyderabad,Jimenez LLC,Inactive,North,14633,5426105.35,1347698.69,4151296.72,1587600.98,2456746.01,966257.19,18755.3,More than 40 lacs,More than 30%,EBITDA +ve,10% to 20%,59.18020743166728,23.27603289219952,1.1813610747456202,INR 35 to 45 lacs,Var <2%,High Profit
2024-02-01,Hyderabad,Jimenez LLC,Inactive,North,12986,5385117.14,887207.41,4566456.18,2127721.93,2388364.01,1113572.88,13547.03,INR 20 to 30 lacs,More than 30%,EBITDA +ve,More than 20%,52.30235254332387,24.38593158688758,0.6366917504112015,Above INR 45 lacs,Var <2%,High Profit
2024-03-01,Hyderabad,Jimenez LLC,Inactive,North,11207,5602043.76,1017973.64,4718069.31,1495345.15,3076288.84,1870700.45,11132.51,INR 20 to 30 lacs,10% to 20%,EBITDA +ve,0% to 10%,65.20228165109341,39.649702602609715,0.7444776211030611,Above INR 45 lacs,Var <2%,High Profit
2023-10-01,Ahmedabad,Robbins PLC,Inactive,South,13719,6111751.61,1637801.88,4551649.59,1660820.7,2790825.5,1501608.48,22874.4,More than 40 lacs,More than 30%,EBITDA -ve,10% to 20%,61.314594737948624,32.990423588385234,1.3772949722989365,Above INR 45 lacs,Var <2%,High Profit
2023-11-01,Ahmedabad,Robbins PLC,Inactive,South,10764,3738283.19,679343.3,3147635.63,1437513.83,1583885.68,446650.75,22560.61,INR 20 to 30 lacs,10% to 20%,EBITDA -ve,More than 20%,50.31985484291903,14.190039842699328,1.5694186399584067,INR 25 to 35 lacs,Var <2%,Moderate Profit
2023-12-01,Ahmedabad,Robbins PLC,Inactive,South,10012,4161424.49,997264.01,3214145.94,1519482.96,1593924.0,263893.69,22741.72,INR 30 to 40 lacs,10% to 20%,EBITDA -ve,10% to 20%,49.59090314362017,8.210382942350154,1.4966748952551598,INR 25 to 35 lacs,Var <2%,Low Profit
2024-01-01,Ahmedabad,Robbins PLC,Inactive,South,12682,4132761.0,852891.04,3371883.27,1245173.77,2005667.32,712380.72,27849.38,INR 20 to 30 lacs,More than 30%,EBITDA +ve,10% to 20%,59.48211012654659,21.12708723751282,2.2365858220736534,INR 25 to 35 lacs,Var 2-3%,High Profit
2024-02-01,Ahmedabad,Robbins PLC,Inactive,South,7332,2946229.24,452836.89,2648409.33,1059663.32,1518066.24,138031.61,22474.87,More than 40 lacs,10% to 20%,EBITDA -ve,0% to 10%,57.31992493773611,5.211868438780948,2.120944414684468,INR 25 to 35 lacs,Var 2-3%,Low Profit
2024-03-01,Ahmedabad,Robbins PLC,Inactive,South,12268,5670110.59,1191026.54,4590380.59,1415511.09,3042316.02,1688023.62,21337.17,INR 20 to 30 lacs,0% to 10%,EBITDA +ve,More than 20%,66.27589935848872,36.773064605521085,1.5073827503534427,Above INR 45 lacs,Var <2%,High Profit
2023-10-01,Mumbai,Berger Inc,Active,West,9786,3032706.12,727557.69,2426183.17,743326.97,1611837.0,259865.74,24700.52,INR 30 to 40 lacs,More than 30%,EBITDA -ve,10% to 20%,66.43509113122732,10.71088709266745,3.322968356711179,INR 15 to 25 lacs,Var 3-5%,Moderate Profit
2023-11-01,Mumbai,Berger Inc,Active,West,14328,4678007.91,1085472.45,3715047.31,1138816.57,2438754.13,1167608.79,13217.21,INR 20 to 30 lacs,More than 30%,EBITDA -ve,More than 20%,65.64530479693944,31.429176873658708,1.160609210313826,INR 35 to 45 lacs,Var <2%,High Profit
2023-12-01,Mumbai,Berger Inc,Active,West,12660,5719454.12,948682.87,4876996.95,1800175.64,2977523.04,1566578.98,13377.19,INR 30 to 40 lacs,0% to 10%,EBITDA -ve,10% to 20%,61.0523867561574,32.121795360154984,0.7431047117157968,Above INR 45 lacs,Var <2%,High Profit
2024-01-01,Mumbai,Berger Inc,Active,West,8788,3422663.32,621449.39,2842981.4,1014709.49,1759828.39,386173.82,26418.38,INR 30 to 40 lacs,10% to 20%,EBITDA -ve,More than 20%,61.90080561202406,13.583410007536456,2.6035412362212162,INR 25 to 35 lacs,Var 2-3%,Moderate Profit
2024-02-01,Mumbai,Berger Inc,Active,West,14710,5352160.83,1530111.87,3886935.25,1889179.23,1855427.42,488051.64,15693.49,INR 20 to 30 lacs,0% to 10%,EBITDA -ve,10% to 20%,47.73497114468269,12.556207104298947,0.8307041359966677,INR 35 to 45 lacs,Var <2%,Moderate Profit
2024-03-01,Mumbai,Berger Inc,Active,West,8636,2937471.22,828435.06,2211665.18,986428.01,1128104.99,-223623.68,29912.38,More than 40 lacs,10% to 20%,EBITDA -ve,More than 20%,51.007042123799216,-10.111100089752282,3.03239361583011,INR 15 to 25 lacs,Var 3-5%,Loss Making
2023-10-01,Bangalore,"Robles, Contreras and Rojas",Inactive,West,11655,5445399.92,943240.77,4572216.54,2232970.81,2275027.59,1058699.66,25760.7,INR 20 to 30 lacs,10% to 20%,EBITDA -ve,10% to 20%,49.757651898087914,23.15506386755689,1.1536514442837702,Above INR 45 lacs,Var <2%,High Profit
2023-11-01,Bangalore,"Robles, Contreras and Rojas",Inactive,West,13514,4296971.25,810084.38,3607807.03,1141836.72,2406607.02,986088.85,12096.71,INR 20 to 30 lacs,10% to 20%,EBITDA +ve,More than 20%,66.70553607741044,27.33208405550449,1.0594080386554743,INR 35 to 45 lacs,Var <2%,High Profit
2023-12-01,Bangalore,"Robles, Contreras and Rojas",Inactive,West,8377,2770127.94,567828.24,2298737.38,704480.21,1532119.98,80684.5,24810.19,More than 40 lacs,10% to 20%,EBITDA -ve,0% to 10%,66.65050098067314,3.5099485788150364,3.5217724568870428,INR 15 to 25 lacs,Var 3-5%,Low Profit
2024-01-01,Bangalore,"Robles, Contreras and Rojas",Inactive,West,12423,4758395.79,834529.63,4033570.01,1431028.49,2513678.43,1082298.27,23288.48,INR 20 to 30 lacs,More than 30%,EBITDA -ve,More than 20%,62.31894881626216,26.832266883102896,1.6273945740940492,INR 35 to 45 lacs,Var <2%,High Profit
2024-02-01,Bangalore,"Robles, Contreras and Rojas",Inactive,West,12468,5110413.34,1219497.63,4003848.34,1598042.35,2284445.25,887854.89,25658.47,INR 30 to 40 lacs,More than 30%,EBITDA -ve,0% to 10%,57.05623829897613,22.175037978586374,1.6056188998996177,INR 35 to 45 lacs,Var <2%,High Profit
2024-03-01,Bangalore,"Robles, Contreras and Rojas",Inactive,West,12127,3690731.41,903041.56,2837636.62,1303010.75,1436240.87,146546.73,27429.77,INR 20 to 30 lacs,10% to 20%,EBITDA +ve,10% to 20%,50.61398136312464,5.164393811636107,2.1051069609364315,INR 25 to 35 lacs,Var 2-3%,Low Profit
2023-10-01,Bangalore,Hayes Group,Active,North,7688,2364161.83,608954.22,1837261.83,680466.83,1082048.7,-394331.65,19164.1,INR 20 to 30 lacs,More than 30%,EBITDA +ve,More than 20%,58.8946377882351,-21.46300780656832,2.816316557267016,INR 15 to 25 lacs,Var 2-3%,Loss Making
2023-11-01,Bangalore,Hayes Group,Active,North,8004,2899360.54,525824.31,2460418.94,1000291.37,1404116.71,-8580.44,20167.11,INR 20 to 30 lacs,10% to 20%,EBITDA +ve,More than 20%,57.06819628042694,-0.3487389834513305,2.0161235620777176,INR 15 to 25 lacs,Var 2-3%,Loss Making
2023-12-01,Bangalore,Hayes Group,Active,North,11157,5004217.95,960634.9,4177803.56,1433099.5,2661751.02,1247545.39,13983.14,INR 30 to 40 lacs,0% to 10%,EBITDA +ve,0% to 10%,63.71173229600101,29.861274521006916,0.975727086639832,INR 35 to 45 lacs,Var <2%,High Profit
2024-01-01,Bangalore,Hayes Group,Active,North,11009,5253323.31,1398640.97,3944689.88,1597661.12,2224015.74,877096.73,23136.3,INR 30 to 40 lacs,0% to 10%,EBITDA +ve,10% to 20%,56.37998949615781,22.234871604152566,1.4481356346707617,INR 35 to 45 lacs,Var <2%,High Profit
2024-02-01,Bangalore,Hayes Group,Active,North,8357,3502045.71,808549.05,2804283.85,1029490.42,1634128.1,296689.93,26477.93,More than 40 lacs,10% to 20%,EBITDA -ve,10% to 20%,58.27256395603463,10.579882275469368,2.571945254235586,INR 25 to 35 lacs,Var 2-3%,Moderate Profit
2024-03-01,Bangalore,Hayes Group,Active,North,14013,6436035.73,1493542.9,5045212.62,2095877.43,2858753.98,1592506.25,29259.16,INR 30 to 40 lacs,10% to 20%,EBITDA +ve,10% to 20%,56.662705723589504,31.564700438729975,1.396033927422941,Above INR 45 lacs,Var <2%,High Profit
2023-10-01,Hyderabad,"Gibbs, Mcdowell and Clark",Inactive,South,9374,2962302.87,655166.53,2458422.3,1006209.64,1323927.8,-125059.06,17307.34,INR 20 to 30 lacs,More than 30%,EBITDA +ve,0% to 10%,53.85274124791335,-5.086964107020995,1.7200530895331116,INR 15 to 25 lacs,Var <2%,Loss Making
2023-11-01,Hyderabad,"Gibbs, Mcdowell and Clark",Inactive,South,14244,6718522.77,1242191.57,5618423.94,1706452.59,3799630.18,2392819.64,21079.4,INR 30 to 40 lacs,10% to 20%,EBITDA -ve,More than 20%,67.62804339040318,42.58880542930336,1.235276041275779,Above INR 45 lacs,Var <2%,High Profit
2023-12-01,Hyderabad,"Gibbs, Mcdowell and Clark",Inactive,South,10949,4937851.28,1448154.63,3569126.25,1527403.82,1953076.17,634644.54,18206.07,INR 30 to 40 lacs,0% to 10%,EBITDA -ve,More than 20%,54.721408916257865,17.78150997040242,1.1919617956697266,INR 35 to 45 lacs,Var <2%,Moderate Profit
2024-01-01,Hyderabad,"Gibbs, Mcdowell and Clark",Inactive,South,14258,6327755.84,1221560.74,5216695.26,1925088.75,3238694.13,1822210.61,23456.52,INR 30 to 40 lacs,More than 30%,EBITDA -ve,0% to 10%,62.08325325869236,34.93036336571441,1.2184643435270193,Above INR 45 lacs,Var <2%,High Profit
2024-02-01,Hyderabad,"Gibbs, Mcdowell and Clark",Inactive,South,7433,3312879.08,596154.12,2772447.01,1103100.36,1602178.83,171924.0,19891.94,INR 30 to 40 lacs,More than 30%,EBITDA -ve,10% to 20%,57.789340038639736,6.201164508460705,1.8032756330530069,INR 25 to 35 lacs,Var <2%,Low Profit
2024-03-01,Hyderabad,"Gibbs, Mcdowell and Clark",Inactive,South,10394,3306323.73,742697.51,2668685.35,986115.33,1589678.12,270419.04,22927.3,INR 30 to 40 lacs,More than 30%,EBITDA -ve,10% to 20%,59.56783627564036,10.133043222948707,2.325012024709118,INR 25 to 35 lacs,Var 2-3%,Moderate Profit
2023-10-01,Mumbai,Eaton-Bryant,Active,South,10363,3619481.38,577263.89,3114082.92,1304378.3,1673264.32,420455.67,15894.03,More than 40 lacs,10% to 20%,EBITDA +ve,10% to 20%,53.73216972655308,13.501749336848102,1.2185138314551844,INR 25 to 35 lacs,Var <2%,Moderate Profit
2023-11-01,Mumbai,Eaton-Bryant,Active,South,7669,2338829.53,352197.59,2088621.73,682886.48,1305915.38,114222.69,20993.69,INR 20 to 30 lacs,10% to 20%,EBITDA -ve,More than 20%,62.525222314909065,5.468806934226429,3.0742576716411194,INR 15 to 25 lacs,Var 3-5%,Low Profit
2023-12-01,Mumbai,Eaton-Bryant,Active,South,10649,4914005.86,1075896.59,3911041.19,1148121.08,2619075.35,1311056.34,26737.27,INR 30 to 40 lacs,10% to 20%,EBITDA +ve,10% to 20%,66.96619193621942,33.521926165139675,2.3287848699720763,INR 35 to 45 lacs,Var 2-3%,High Profit
2024-01-01,Mumbai,Eaton-Bryant,Active,South,8185,4091202.35,789712.5,3401176.67,1628347.69,1634699.23,269596.17,27494.94,INR 20 to 30 lacs,0% to 10%,EBITDA -ve,0% to 10%,48.06275558746556,7.926555899843921,1.68851776367245,INR 25 to 35 lacs,Var <2%,Low Profit
2024-02-01,Mumbai,Eaton-Bryant,Active,South,9152,4468399.38,1247943.74,3267051.58,1127022.42,1990209.65,727437.04,26150.73,INR 30 to 40 lacs,0% to 10%,EBITDA -ve,0% to 10%,60.91760724512344,22.265857216738524,2.320338046158833,INR 25 to 35 lacs,Var 2-3%,High Profit
2024-03-01,Mumbai,Eaton-Bryant,Active,South,14297,4663341.53,864279.89,3890590.35,1860148.64,1899331.25,509427.86,12423.11,More than 40 lacs,0% to 10%,EBITDA -ve,More than 20%,48.818587389957415,13.093844742610846,0.667855768773403,INR 35 to 45 lacs,Var <2%,Moderate Profit
2023-10-01,Pune,Hamilton-Wilson,Inactive,West,12273,4944674.95,987198.38,4047227.61,1485479.16,2451504.34,1064603.02,18550.15,INR 30 to 40 lacs,10% to 20%,EBITDA -ve,More than 20%,60.57243565799849,26.304500823466164,1.248765415194381,INR 35 to 45 lacs,Var <2%,High Profit
2023-11-01,Pune,Hamilton-Wilson,Inactive,West,9846,4174706.63,839255.67,3395739.05,1501694.06,1811876.35,330670.76,18435.48,INR 20 to 30 lacs,10% to 20%,EBITDA -ve,10% to 20%,53.357349411168684,9.737814217497071,1.2276455298757725,INR 25 to 35 lacs,Var <2%,Low Profit
2023-12-01,Pune,Hamilton-Wilson,Inactive,West,11030,4810330.45,1341246.34,3541456.08,1294486.32,2190000.69,785888.38,15635.83,More than 40 lacs,More than 30%,EBITDA -ve,More than 20%,61.83899053182667,22.191109031062727,1.2078791222760854,INR 35 to 45 lacs,Var <2%,High Profit
2024-01-01,Pune,Hamilton-Wilson,Inactive,West,7815,3341912.67,661981.05,2800878.55,1208639.93,1511235.22,127346.39,20815.31,INR 20 to 30 lacs,More than 30%,EBITDA +ve,0% to 10%,53.95575684636522,4.546658761766018,1.7222093597387604,INR 25 to 35 lacs,Var <2%,Low Profit
2024-02-01,Pune,Hamilton-Wilson,Inactive,West,12108,4341475.64,895494.09,3586300.5,1505061.67,1946195.88,753995.59,19451.52,More than 40 lacs,More than 30%,EBITDA -ve,0% to 10%,54.26750714280635,21.02432827366251,1.2924068420399013,INR 35 to 45 lacs,Var <2%,High Profit
2024-03-01,Pune,Hamilton-Wilson,Inactive,West,8156,3147315.41,694316.32,2511345.6,1189963.58,1204678.33,-154570.59,13830.43,More than 40 lacs,0% to 10%,EBITDA -ve,0% to 10%,47.969436385020046,-6.154891226440518,1.1622565793148056,INR 25 to 35 lacs,Var <2%,Loss Making
2023-10-01,Ahmedabad,Caldwell-Mack,Active,North,9326,2837076.98,441062.82,2468757.55,1123526.22,1255049.98,-77379.96,20115.46,More than 40 lacs,10% to 20%,EBITDA +ve,0% to 10%,50.8373120722203,-3.134368540969121,1.790386342741516,INR 15 to 25 lacs,Var <2%,Loss Making
2023-11-01,Ahmedabad,Caldwell-Mack,Active,North,14880,4912218.2,1424038.38,3557991.93,1405190.32,2054421.92,605422.77,17300.95,INR 30 to 40 lacs,0% to 10%,EBITDA -ve,10% to 20%,57.74105058186571,17.015855626181818,1.231217562045261,INR 35 to 45 lacs,Var <2%,Moderate Profit
2023-12-01,Ahmedabad,Caldwell-Mack,Active,North,12083,3671893.83,1086675.85,2720049.57,773889.08,1855478.23,617713.11,15508.6,INR 30 to 40 lacs,10% to 20%,EBITDA +ve,0% to 10%,68.21486823124332,22.709626942570758,2.0039822761163655,INR 25 to 35 lacs,Var 2-3%,High Profit
2024-01-01,Ahmedabad,Caldwell-Mack,Active,North,10653,3215428.12,579451.87,2652623.27,1242561.17,1288028.76,-71143.54,15562.87,More than 40 lacs,10% to 20%,EBITDA +ve,0% to 10%,48.55679185834783,-2.682006932707033,1.2524832077281156,INR 25 to 35 lacs,Var <2%,Loss Making
2024-02-01,Ahmedabad,Caldwell-Mack,Active,North,14741,4930419.95,1295962.25,3729480.65,1225771.14,2380084.12,977243.15,20170.55,INR 20 to 30 lacs,0% to 10%,EBITDA -ve,More than 20%,63.81811151104914,26.203196683699108,1.6455396396426827,INR 35 to 45 lacs,Var <2%,High Profit
2024-03-01,Ahmedabad,Caldwell-Mack,Active,North,11477,4503130.6,887860.27,3722438.56,1115179.16,2511434.07,1204286.98,14562.01,More than 40 lacs,0% to 10%,EBITDA -ve,More than 20%,67.46744182662883,32.352098243899555,1.3058000474112161,INR 35 to 45 lacs,Var <2%,High Profit
2023-10-01,Pune,"James, Foster and Velasquez",Inactive,South,12086,4765187.07,840424.48,4010636.15,1810198.69,2124133.84,787131.4,11425.17,More than 40 lacs,10% to 20%,EBITDA -ve,10% to 20%,52.962516682048054,19.62609846819438,0.6311555777338453,INR 35 to 45 lacs,Var <2%,Moderate Profit
2023-11-01,Pune,"James, Foster and Velasquez",Inactive,South,9053,2982880.06,721106.34,2391576.21,732054.43,1520013.26,194391.34,28111.64,More than 40 lacs,0% to 10%,EBITDA -ve,10% to 20%,63.556965220021155,8.128168326277171,3.840102436098911,INR 15 to 25 lacs,Var 3-5%,Low Profit
2023-12-01,Pune,"James, Foster and Velasquez",Inactive,South,12830,5388306.93,1370308.96,4091286.42,1552960.56,2395385.1,1010763.49,27912.88,More than 40 lacs,More than 30%,EBITDA +ve,0% to 10%,58.54845772445333,24.705273262193167,1.7973978682369114,INR 35 to 45 lacs,Var <2%,High Profit
2024-01-01,Pune,"James, Foster and Velasquez",Inactive,South,11537,5685239.81,1399916.12,4358748.51,1801946.81,2501444.04,1163175.83,17282.42,INR 30 to 40 lacs,10% to 20%,EBITDA -ve,More than 20%,57.389042617648066,26.686004648614155,0.9590971222951913,INR 35 to 45 lacs,Var <2%,High Profit
2024-02-01,Pune,"James, Foster and Velasquez",Inactive,South,12121,5579585.96,1364558.29,4270829.67,1664556.79,2541127.12,1227805.96,23231.82,INR 30 to 40 lacs,More than 30%,EBITDA -ve,10% to 20%,59.49961287030209,28.748652015429123,1.395676022564541,INR 35 to 45 lacs,Var <2%,High Profit
2024-03-01,Pune,"James, Foster and Velasquez",Inactive,South,10614,3585703.62,846311.27,2816505.02,844293.26,1856788.18,495814.86,25209.29,INR 30 to 40 lacs,0% to 10%,EBITDA -ve,10% to 20%,65.9252572537577,17.603904714503223,2.985845226337588,INR 25 to 35 lacs,Var 2-3%,Moderate Profit
2023-10-01,Ahmedabad,"Guzman, Hernandez and Turner",Inactive,South,11217,3760123.78,968261.16,2877408.94,1237951.68,1503892.89,209496.73,21595.33,More than 40 lacs,10% to 20%,EBITDA -ve,More than 20%,52.26552503864813,7.280742305610548,1.7444404615210831,INR 25 to 35 lacs,Var <2%,Low Profit
2023-11-01,Ahmedabad,"Guzman, Hernandez and Turner",Inactive,South,9289,3391262.08,556881.99,2919961.7,1145647.3,1718153.6,365376.52,15082.95,INR 30 to 40 lacs,0% to 10%,EBITDA -ve,10% to 20%,58.84164850518416,12.513058647310341,1.3165439311034033,INR 25 to 35 lacs,Var <2%,Moderate Profit
2023-12-01,Ahmedabad,"Guzman, Hernandez and Turner",Inactive,South,9580,3458069.93,875536.67,2637864.99,864468.2,1708548.47,325115.94,25506.64,INR 20 to 30 lacs,More than 30%,EBITDA +ve,More than 20%,64.77012570685051,12.324965122646402,2.9505585052174275,INR 25 to 35 lacs,Var 2-3%,Moderate Profit
2024-01-01,Ahmedabad,"Guzman, Hernandez and Turner",Inactive,South,13384,4374433.05,1079231.73,3357439.79,1334841.25,1945811.18,466261.54,16682.86,More than 40 lacs,10% to 20%,EBITDA -ve,0% to 10%,57.95520699419602,13.887413301907642,1.2498010531214856,INR 25 to 35 lacs,Var <2%,Moderate Profit
2024-02-01,Ahmedabad,"Guzman, Hernandez and Turner",Inactive,South,9844,3615032.32,709523.77,3015205.18,873125.79,2086658.22,574669.01,27341.6,More than 40 lacs,10% to 20%,EBITDA +ve,More than 20%,69.20451828090849,19.059034980830063,3.13146173359511,INR 25 to 35 lacs,Var 3-5%,Moderate Profit
2024-03-01,Ahmedabad,"Guzman, Hernandez and Turner",Inactive,South,14804,6421244.64,1486079.69,5040512.23,1796125.85,3101341.52,1791719.36,21707.51,INR 20 to 30 lacs,More than 30%,EBITDA -ve,More than 20%,61.5283006663789,35.546374619152544,1.2085739983086372,Above INR 45 lacs,Var <2%,High Profit
2023-10-01,Pune,Kirby-Olson,Active,West,11503,5397127.67,1155664.58,4306032.76,1300334.47,2873024.05,1356146.1,15104.65,INR 30 to 40 lacs,10% to 20%,EBITDA +ve,More than 20%,66.72090553254407,31.494096203764137,1.161597292733461,INR 35 to 45 lacs,Var <2%,High Profit
2023-11-01,Pune,Kirby-Olson,Active,West,7632,2577528.26,582997.23,2083188.34,789692.89,1151508.36,-55711.73,12403.19,INR 30 to 40 lacs,More than 30%,EBITDA +ve,0% to 10%,55.276248329999774,-2.6743491661440464,1.5706346298749125,INR 15 to 25 lacs,Var <2%,Loss Making
2023-12-01,Pune,Kirby-Olson,Active,West,11368,4522713.1,938194.35,3671866.46,1676670.61,1856501.64,485987.22,27764.18,INR 30 to 40 lacs,10% to 20%,EBITDA -ve,0% to 10%,50.56016225600971,13.235427412575346,1.6559114136318043,INR 35 to 45 lacs,Var <2%,Moderate Profit
2024-01-01,Pune,Kirby-Olson,Active,West,10231,3882023.81,725130.59,3295388.87,1299154.74,1877171.86,385154.21,19000.48,INR 20 to 30 lacs,0% to 10%,EBITDA -ve,More than 20%,56.96359167469058,11.687671021356579,1.4625263192281468,INR 25 to 35 lacs,Var <2%,Moderate Profit
2024-02-01,Pune,Kirby-Olson,Active,West,10855,3356934.62,682686.74,2737660.34,1211594.57,1387018.81,-55102.56,18303.27,More than 40 lacs,10% to 20%,EBITDA +ve,10% to 20%,50.664386291251894,-2.012761013296485,1.5106761331886787,INR 25 to 35 lacs,Var <2%,Loss Making
2024-03-01,Pune,Kirby-Olson,Active,West,13476,6117490.32,1432736.87,4796771.27,1467073.33,3185942.91,1820563.42,23790.68,INR 30 to 40 lacs,10% to 20%,EBITDA -ve,0% to 10%,66.4184871587592,37.95393437636229,1.6216421847161517,Above INR 45 lacs,Var <2%,High Profit
2023-10-01,Bangalore,Smith Ltd,Active,West,10235,3612237.54,927224.8,2807690.27,807517.54,1948587.38,734935.46,11095.74,INR 20 to 30 lacs,More than 30%,EBITDA -ve,More than 20%,69.40179266995857,26.175802504027622,1.3740556025569424,INR 25 to 35 lacs,Var <2%,High Profit
2023-11-01,Bangalore,Smith Ltd,Active,West,13838,5326447.15,1544945.77,3825607.46,1604873.34,2149868.93,816706.08,14944.12,INR 30 to 40 lacs,0% to 10%,EBITDA -ve,0% to 10%,56.196798873870875,21.348402535789702,0.9311713035248004,INR 35 to 45 lacs,Var <2%,High Profit
2023-12-01,Bangalore,Smith Ltd,Active,West,8340,3619032.87,1064746.14,2618768.5,1198075.22,1317909.88,-174465.72,22769.1,INR 30 to 40 lacs,More than 30%,EBITDA +ve,10% to 20%,50.32555875022935,-6.662128401193157,1.9004733275428232,INR 25 to 35 lacs,Var <2%,Loss Making
2024-01-01,Bangalore,Smith Ltd,Active,West,7430,3632898.62,811525.75,2901868.37,1078949.21,1700206.04,487171.91,11130.31,INR 30 to 40 lacs,More than 30%,EBITDA -ve,More than 20%,58.590046935864294,16.788215311089385,1.031587946572573,INR 25 to 35 lacs,Var <2%,Moderate Profit
2024-02-01,Bangalore,Smith Ltd,Active,West,12947,5130088.6,1123106.39,4095073.54,1958205.63,2015341.2,593785.38,18222.98,INR 30 to 40 lacs,More than 30%,EBITDA -ve,0% to 10%,49.21379751338971,14.49999308193132,0.9305958332884581,INR 35 to 45 lacs,Var <2%,Moderate Profit
2024-03-01,Bangalore,Smith Ltd,Active,West,12922,5012463.91,802425.77,4309231.3,1268231.6,2921200.65,1676649.49,17156.82,More than 40 lacs,0% to 10%,EBITDA -ve,0% to 10%,67.78936767678263,38.908319681053094,1.3528144228546268,INR 35 to 45 lacs,Var <2%,High Profit
2023-10-01,Hyderabad,Vazquez and Sons,Active,East,7134,2995858.26,798315.43,2293118.9,751689.34,1449830.6,49072.93,29653.6,More than 40 lacs,0% to 10%,EBITDA -ve,More than 20%,63.22526930461391,2.140008091163524,3.9449275680828464,INR 15 to 25 lacs,Var 3-5%,Low Profit
2023-11-01,Hyderabad,Vazquez and Sons,Active,East,8995,3162094.47,894047.47,2377535.72,734230.99,1553827.2,261696.4,15213.33,INR 30 to 40 lacs,More than 30%,EBITDA -ve,0% to 10%,65.35452598794183,11.007043881553122,2.072008701239919,INR 15 to 25 lacs,Var 2-3%,Moderate Profit
2023-12-01,Hyderabad,Vazquez and Sons,Active,East,9688,3111398.78,760057.49,2442926.98,912946.96,1444842.12,56425.66,25694.47,INR 20 to 30 lacs,0% to 10%,EBITDA +ve,10% to 20%,59.14389303604973,2.3097563071655953,2.8144537553419315,INR 15 to 25 lacs,Var 2-3%,Low Profit
2024-01-01,Hyderabad,Vazquez and Sons,Active,East,12989,5273037.97,1320380.59,4048958.33,1548069.23,2447792.04,1100091.92,23765.86,INR 30 to 40 lacs,0% to 10%,EBITDA +ve,0% to 10%,60.45485876857616,27.169751583983327,1.5351936166317317,INR 35 to 45 lacs,Var <2%,High Profit
2024-02-01,Hyderabad,Vazquez and Sons,Active,East,7007,2536154.53,564095.33,2059740.7,941608.89,1012146.27,-330952.86,23457.1,More than 40 lacs,0% to 10%,EBITDA -ve,10% to 20%,49.13949945252818,-16.0676953171824,2.491172316777935,INR 15 to 25 lacs,Var 2-3%,Loss Making
2024-03-01,Hyderabad,Vazquez and Sons,Active,East,8264,3531526.05,646924.98,2985117.1,1143030.17,1711951.72,417474.22,29460.91,INR 30 to 40 lacs,More than 30%,EBITDA -ve,More than 20%,57.34956662169132,13.985187381761339,2.5774394038960495,INR 25 to 35 lacs,Var 2-3%,Moderate Profit
2023-10-01,Pune,Haney Inc,Active,North,14824,5801932.3,1690240.31,4215506.37,1811258.63,2342968.05,912415.01,26405.54,INR 30 to 40 lacs,More than 30%,EBITDA -ve,10% to 20%,55.57975351843674,21.644256464496813,1.457855855737179,INR 35 to 45 lacs,Var <2%,High Profit
2023-11-01,Pune,Haney Inc,Active,North,14507,6007826.21,1293715.53,4820791.74,1958350.64,2763835.35,1420773.45,11660.78,INR 20 to 30 lacs,More than 30%,EBITDA -ve,0% to 10%,57.33156500139539,29.4717865161294,0.5954388229474575,Above INR 45 lacs,Var <2%,High Profit
2023-12-01,Pune,Haney Inc,Active,North,8660,3893940.8,650363.38,3353537.27,1589242.59,1694547.32,368825.21,16762.8,INR 30 to 40 lacs,10% to 20%,EBITDA +ve,10% to 20%,50.53014723167218,10.99809485642007,1.0547665979679035,INR 25 to 35 lacs,Var <2%,Moderate Profit
2024-01-01,Pune,Haney Inc,Active,North,8437,2745291.9,796250.8,2060806.3,842949.63,1128231.94,-245140.89,28860.41,INR 20 to 30 lacs,More than 30%,EBITDA -ve,More than 20%,54.7471123317121,-11.895387256919781,3.423740751864379,INR 15 to 25 lacs,Var 3-5%,Loss Making
2024-02-01,Pune,Haney Inc,Active,North,8399,3706562.36,833725.62,2966346.46,1269475.99,1637745.3,388850.9,10036.24,More than 40 lacs,10% to 20%,EBITDA +ve,10% to 20%,55.21085692734624,13.1087485984358,0.7905813169416461,INR 25 to 35 lacs,Var <2%,Moderate Profit
2024-03-01,Pune,Haney Inc,Active,North,8116,4051186.4,783181.41,3374501.45,1236327.34,2067445.86,788087.43,13480.21,INR 30 to 40 lacs,0% to 10%,EBITDA +ve,10% to 20%,61.26670533805816,23.35418851279498,1.090343112528758,INR 25 to 35 lacs,Var <2%,High Profit
2023-10-01,Ahmedabad,Adams LLC,Active,South,14991,7275275.56,2071406.09,5328267.81,2517247.77,2744708.57,1525786.24,10983.05,INR 20 to 30 lacs,10% to 20%,EBITDA +ve,0% to 10%,51.5122112452527,28.635689766502185,0.43631183751133085,Above INR 45 lacs,Var <2%,High Profit
2023-11-01,Ahmedabad,Adams LLC,Active,South,8250,3646785.89,917535.99,2828398.66,1312047.58,1374205.31,-66167.33,17301.88,More than 40 lacs,0% to 10%,EBITDA +ve,More than 20%,48.58598363216591,-2.3393919299905197,1.3186930309341374,INR 25 to 35 lacs,Var <2%,Loss Making
2023-12-01,Ahmedabad,Adams LLC,Active,South,10375,4805006.0,765957.96,4146372.64,1231410.6,2804082.24,1527345.75,26603.85,INR 20 to 30 lacs,More than 30%,EBITDA +ve,0% to 10%,67.62735729415772,36.835708765433104,2.1604369817833304,INR 35 to 45 lacs,Var 2-3%,High Profit
2024-01-01,Ahmedabad,Adams LLC,Active,South,9727,4276519.5,774758.2,3563156.64,1581067.01,1856259.37,321450.81,14218.55,INR 30 to 40 lacs,0% to 10%,EBITDA +ve,10% to 20%,52.09592385475369,9.021517785420738,0.8993009094535468,INR 35 to 45 lacs,Var <2%,Low Profit
2024-02-01,Ahmedabad,Adams LLC,Active,South,10508,3417076.85,975454.57,2545862.26,1106893.37,1294872.31,-191137.84,20968.02,INR 20 to 30 lacs,0% to 10%,EBITDA -ve,0% to 10%,50.86183688507956,-7.507784022848119,1.8943125479195886,INR 25 to 35 lacs,Var <2%,Loss Making
2024-03-01,Ahmedabad,Adams LLC,Active,South,9827,4586020.38,927311.87,3790888.22,1098421.91,2572074.97,1103324.1,21742.66,INR 20 to 30 lacs,More than 30%,EBITDA +ve,0% to 10%,67.84887395070699,29.104632897880595,1.97944522064386,INR 35 to 45 lacs,Var <2%,High Profit
2023-10-01,Ahmedabad,"Mahoney, Dixon and Hobbs",Active,East,12974,6104367.52,1151838.76,5026714.86,1566525.8,3338622.79,1847249.29,18969.7,More than 40 lacs,10% to 20%,EBITDA +ve,0% to 10%,66.41758848442022,36.7486388515779,1.2109407965065113,Above INR 45 lacs,Var <2%,High Profit
2023-11-01,Ahmedabad,"Mahoney, Dixon and Hobbs",Active,East,7754,3872552.14,1029563.1,2902643.11,1058659.72,1730943.62,332601.17,23385.14,INR 30 to 40 lacs,0% to 10%,EBITDA +ve,More than 20%,59.63336016186985,11.458562330799255,2.208938297945255,INR 25 to 35 lacs,Var 2-3%,Moderate Profit
2023-12-01,Ahmedabad,"Mahoney, Dixon and Hobbs",Active,East,11302,4001040.16,724290.56,3389515.64,1053308.02,2218855.94,818345.47,20403.61,INR 30 to 40 lacs,More than 30%,EBITDA +ve,More than 20%,65.46233077714902,24.1434339568352,1.9370981339342692,INR 25 to 35 lacs,Var <2%,High Profit
2024-01-01,Ahmedabad,"Mahoney, Dixon and Hobbs",Active,East,13991,6894916.27,1133084.11,5905891.6,2327618.39,3512708.41,2279356.49,16661.74,INR 20 to 30 lacs,10% to 20%,EBITDA -ve,10% to 20%,59.47803732124037,38.59462117455729,0.7158278208997997,Above INR 45 lacs,Var <2%,High Profit
2024-02-01,Ahmedabad,"Mahoney, Dixon and Hobbs",Active,East,13487,5544821.71,973234.93,4652324.66,2035179.77,2507526.62,1176073.03,20748.34,More than 40 lacs,More than 30%,EBITDA +ve,10% to 20%,53.89835841766038,25.279255338985735,1.0194843868755634,Above INR 45 lacs,Var <2%,High Profit
2024-03-01,Ahmedabad,"Mahoney, Dixon and Hobbs",Active,East,13127,5769700.81,1324055.72,4496626.75,1840706.17,2588256.28,1083555.11,11317.88,More than 40 lacs,0% to 10%,EBITDA +ve,More than 20%,57.5599538031481,24.09706587276785,0.614866195618826,INR 35 to 45 lacs,Var <2%,High Profit
2023-10-01,Hyderabad,"Henry, Spencer and Moore",Inactive,East,9318,3551312.3,894691.96,2775774.18,1140934.78,1536311.33,135200.6,25368.42,More than 40 lacs,0% to 10%,EBITDA +ve,10% to 20%,55.3471294988413,4.870734837658876,2.22347678804217,INR 25 to 35 lacs,Var 2-3%,Low Profit
2023-11-01,Hyderabad,"Henry, Spencer and Moore",Inactive,East,14496,4655870.77,711403.03,4054314.71,1292898.37,2651277.64,1313834.07,17392.86,INR 30 to 40 lacs,10% to 20%,EBITDA +ve,10% to 20%,65.39397727217876,32.4058235232558,1.3452611901738263,INR 35 to 45 lacs,Var <2%,High Profit
2023-12-01,Hyderabad,"Henry, Spencer and Moore",Inactive,East,13742,6626435.55,1981135.66,4751228.98,1541568.77,3141660.25,1844237.42,22130.24,More than 40 lacs,10% to 20%,EBITDA +ve,0% to 10%,66.12310758384034,38.816007979476495,1.435566186255836,Above INR 45 lacs,Var <2%,High Profit
2024-01-01,Hyderabad,"Henry, Spencer and Moore",Inactive,East,7110,2642281.88,546414.27,2189003.59,868532.45,1205353.44,-274026.77,13434.02,INR 30 to 40 lacs,More than 30%,EBITDA +ve,0% to 10%,55.06402298773754,-12.518333512646274,1.5467493471314746,INR 15 to 25 lacs,Var <2%,Loss Making
2024-02-01,Hyderabad,"Henry, Spencer and Moore",Inactive,East,14254,4995237.71,1356754.37,3679105.57,1189965.22,2385767.81,1114254.28,22115.19,INR 20 to 30 lacs,10% to 20%,EBITDA -ve,10% to 20%,64.84640803607059,30.28600997714779,1.8584736451372923,INR 35 to 45 lacs,Var <2%,High Profit
2024-03-01,Hyderabad,"Henry, Spencer and Moore",Inactive,East,10650,3329531.92,955664.38,2488085.25,1059833.63,1291896.97,-165010.12,28852.05,More than 40 lacs,More than 30%,EBITDA -ve,10% to 20%,51.923340247284536,-6.632012307456105,2.7223187850719555,INR 15 to 25 lacs,Var 2-3%,Loss Making
2023-10-01,Hyderabad,Martin-Arroyo,Active,North,13827,6151417.54,1295314.15,4924484.7,1892846.53,2883430.43,1740750.92,15028.6,More than 40 lacs,0% to 10%,EBITDA +ve,10% to 20%,58.55293712253792,35.34889488031103,0.7939682251999585,Above INR 45 lacs,Var <2%,High Profit
2023-11-01,Hyderabad,Martin-Arroyo,Active,North,13477,6285928.15,1283523.41,5088488.35,2302416.27,2711179.18,1468627.65,26239.63,INR 30 to 40 lacs,0% to 10%,EBITDA -ve,10% to 20%,53.2806404086589,28.861766972503734,1.1396562099519911,Above INR 45 lacs,Var <2%,High Profit
2023-12-01,Hyderabad,Martin-Arroyo,Active,North,9163,3314918.48,824845.57,2584144.22,1184493.74,1335585.15,-10824.9,12458.22,INR 30 to 40 lacs,10% to 20%,EBITDA -ve,More than 20%,51.6838471964231,-0.41889689887354653,1.0517759258060748,INR 25 to 35 lacs,Var <2%,Loss Making
2024-01-01,Hyderabad,Martin-Arroyo,Active,North,10884,4582912.01,747300.21,3898190.66,1497712.74,2287746.21,856603.05,25965.46,INR 20 to 30 lacs,10% to 20%,EBITDA -ve,10% to 20%,58.687386265504,21.97437541446472,1.7336742424985983,INR 35 to 45 lacs,Var <2%,High Profit
2024-02-01,Hyderabad,Martin-Arroyo,Active,North,7244,2244420.87,529739.3,1787292.87,732790.47,1000014.3,-245388.86,18359.98,More than 40 lacs,10% to 20%,EBITDA -ve,0% to 10%,55.95133941310917,-13.729639060217366,2.5054883696836288,INR 15 to 25 lacs,Var 2-3%,Loss Making
2024-03-01,Hyderabad,Martin-Arroyo,Active,North,7002,2733642.1,693735.58,2106876.08,666665.13,1298717.96,-97894.17,21971.29,More than 40 lacs,10% to 20%,EBITDA +ve,0% to 10%,61.641876915703556,-4.646413281221552,3.295701096591028,INR 15 to 25 lacs,Var 3-5%,Loss Making
2023-10-01,Ahmedabad,"Perry, Allen and Figueroa",Inactive,West,11798,4299381.33,1018041.06,3419528.28,1374692.48,1931035.48,469555.67,26560.87,INR 20 to 30 lacs,More than 30%,EBITDA -ve,0% to 10%,56.47081474056416,13.731591949284889,1.932131759388107,INR 25 to 35 lacs,Var <2%,Moderate Profit
2023-11-01,Ahmedabad,"Perry, Allen and Figueroa",Inactive,West,12285,5458198.9,823583.44,4687267.27,1481917.54,3140594.55,1764936.11,13402.61,More than 40 lacs,0% to 10%,EBITDA -ve,More than 20%,67.00267702037823,37.653839824670385,0.9044099714212168,Above INR 45 lacs,Var <2%,High Profit
2023-12-01,Ahmedabad,"Perry, Allen and Figueroa",Inactive,West,9913,4093710.47,822346.67,3377578.39,1315413.81,2011000.09,667253.02,25097.45,INR 20 to 30 lacs,10% to 20%,EBITDA -ve,More than 20%,59.53970146048927,19.755367395040683,1.9079509283850378,INR 25 to 35 lacs,Var <2%,Moderate Profit
2024-01-01,Ahmedabad,"Perry, Allen and Figueroa",Inactive,West,7216,3281327.92,716453.2,2688756.95,998520.85,1572255.01,300434.42,12367.08,INR 30 to 40 lacs,More than 30%,EBITDA +ve,10% to 20%,58.47516303026199,11.173729183666078,1.2385399864209146,INR 25 to 35 lacs,Var <2%,Moderate Profit
2024-02-01,Ahmedabad,"Perry, Allen and Figueroa",Inactive,West,9208,3290314.13,674658.1,2673002.38,802837.73,1792908.88,430870.05,26922.38,More than 40 lacs,10% to 20%,EBITDA -ve,0% to 10%,67.07472067421054,16.119329081929212,3.3534024366293798,INR 25 to 35 lacs,Var 3-5%,Moderate Profit
2024-03-01,Ahmedabad,"Perry, Allen and Figueroa",Inactive,West,7908,3375279.82,1004809.51,2463103.14,951619.75,1362313.44,-35813.6,26493.62,More than 40 lacs,More than 30%,EBITDA +ve,0% to 10%,55.30882640992451,-1.4540032619178098,2.7840552909920167,INR 15 to 25 lacs,Var 2-3%,Loss Making
2023-10-01,Bangalore,Horne LLC,Active,South,12621,5061091.79,782315.64,4358395.76,1910390.46,2321676.78,1060177.57,20264.4,INR 30 to 40 lacs,More than 30%,EBITDA -ve,0% to 10%,53.26906751579622,24.32494955437457,1.0607465030996859,INR 35 to 45 lacs,Var <2%,High Profit
2023-11-01,Bangalore,Horne LLC,Active,South,13104,5113414.8,1465667.47,3709354.04,1224901.96,2341399.15,1015851.83,27604.96,INR 30 to 40 lacs,More than 30%,EBITDA +ve,10% to 20%,63.12147950158998,27.38621924587171,2.253646487756457,INR 35 to 45 lacs,Var 2-3%,High Profit
2023-12-01,Bangalore,Horne LLC,Active,South,11255,4261032.17,1253869.95,3129110.63,1208809.32,1792640.63,428164.87,19943.08,More than 40 lacs,More than 30%,EBITDA +ve,More than 20%,57.28914193104128,13.683276835757002,1.6498118992001154,INR 25 to 35 lacs,Var <2%,Moderate Profit
2024-01-01,Bangalore,Horne LLC,Active,South,11649,5401210.78,1329389.86,4134533.96,1303552.3,2747630.42,1526111.29,10955.99,More than 40 lacs,More than 30%,EBITDA -ve,0% to 10%,66.45562587179717,36.911325551187396,0.8404718399100672,INR 35 to 45 lacs,Var <2%,High Profit
2024-02-01,Bangalore,Horne LLC,Active,South,12704,4847554.02,809986.48,4133215.85,1858919.87,2222731.65,654756.83,25838.13,INR 20 to 30 lacs,10% to 20%,EBITDA -ve,10% to 20%,53.77729425865818,15.841341312963367,1.3899539413713404,INR 35 to 45 lacs,Var <2%,Moderate Profit
2024-03-01,Bangalore,Horne LLC,Active,South,12579,4381479.54,1021892.64,3449797.25,1169000.42,2167343.34,898983.85,22502.92,INR 30 to 40 lacs,0% to 10%,EBITDA +ve,0% to 10%,62.825238207839604,26.059034338902087,1.92497107913785,INR 25 to 35 lacs,Var <2%,High Profit
2023-10-01,Hyderabad,Jenkins Ltd,Active,North,11959,4774557.75,1210324.86,3681162.53,1411414.58,2199809.87,933387.18,10895.03,INR 20 to 30 lacs,More than 30%,EBITDA +ve,0% to 10%,59.75856409686969,25.355772052803115,0.771922733007335,INR 35 to 45 lacs,Var <2%,High Profit
2023-11-01,Hyderabad,Jenkins Ltd,Active,North,9570,3955403.5,1161294.77,2886289.29,1286644.4,1485177.66,-131446.3,18896.11,More than 40 lacs,More than 30%,EBITDA +ve,10% to 20%,51.45629944807092,-4.5541623445514015,1.4686350012482081,INR 25 to 35 lacs,Var <2%,Loss Making
2023-12-01,Hyderabad,Jenkins Ltd,Active,North,11597,5571768.5,1567659.16,4069779.1,1593453.45,2412429.66,1133829.68,22324.49,INR 30 to 40 lacs,10% to 20%,EBITDA -ve,0% to 10%,59.276673272021085,27.859735188084283,1.401013001038719,INR 35 to 45 lacs,Var <2%,High Profit
2024-01-01,Hyderabad,Jenkins Ltd,Active,North,10665,4185717.69,674527.29,3607253.21,1674821.89,1868655.03,501853.15,21216.25,INR 30 to 40 lacs,10% to 20%,EBITDA -ve,More than 20%,51.80271306765294,13.91233497578619,1.2667764928723257,INR 35 to 45 lacs,Var <2%,Moderate Profit
2024-02-01,Hyderabad,Jenkins Ltd,Active,North,7615,3619289.1,652370.64,3051426.85,1193318.51,1766183.42,401243.82,15959.6,More than 40 lacs,0% to 10%,EBITDA +ve,0% to 10%,57.880575442927615,13.149383541670023,1.337413261108302,INR 25 to 35 lacs,Var <2%,Moderate Profit
2024-03-01,Hyderabad,Jenkins Ltd,Active,North,7048,2365677.81,704894.3,1788279.82,601578.49,1078697.48,-224625.79,11085.42,INR 20 to 30 lacs,More than 30%,EBITDA +ve,More than 20%,60.320396614440355,-12.56099786441699,1.8427221358928576,INR 15 to 25 lacs,Var <2%,Loss Making
2023-10-01,Ahmedabad,"Hansen, Delgado and Bennett",Inactive,East,8878,3566125.65,619103.58,3009050.58,1030710.66,1876593.82,395153.62,24511.36,More than 40 lacs,10% to 20%,EBITDA -ve,More than 20%,62.36498091700406,13.132169416706846,2.37810289067933,INR 25 to 35 lacs,Var 2-3%,Moderate Profit
2023-11-01,Ahmedabad,"Hansen, Delgado and Bennett",Inactive,East,7303,2431354.56,418924.54,2073515.51,839955.1,1170088.84,-228551.83,15173.64,INR 30 to 40 lacs,10% to 20%,EBITDA -ve,0% to 10%,56.43019472760057,-11.022431657624782,1.806482275064465,INR 15 to 25 lacs,Var <2%,Loss Making
2023-12-01,Ahmedabad,"Hansen, Delgado and Bennett",Inactive,East,7029,3410173.54,976638.77,2544338.83,1169233.95,1227219.28,-80241.21,13583.59,More than 40 lacs,0% to 10%,EBITDA -ve,10% to 20%,48.23332747706405,-3.1537155764745375,1.1617512474727578,INR 25 to 35 lacs,Var <2%,Loss Making
2024-01-01,Ahmedabad,"Hansen, Delgado and Bennett",Inactive,East,8018,3322415.98,789351.13,2636910.39,1252779.68,1239123.79,126565.74,29322.0,INR 20 to 30 lacs,10% to 20%,EBITDA -ve,More than 20%,46.991501671772774,4.799774026450705,2.34055520440753,INR 25 to 35 lacs,Var 2-3%,Low Profit
2024-02-01,Ahmedabad,"Hansen, Delgado and Bennett",Inactive,East,10007,4346530.12,700712.32,3769978.98,1762062.77,1873445.29,591747.33,12313.5,More than 40 lacs,10% to 20%,EBITDA +ve,0% to 10%,49.69378609108319,15.696303166125345,0.6988116547062623,INR 35 to 45 lacs,Var <2%,Moderate Profit
2024-03-01,Ahmedabad,"Hansen, Delgado and Bennett",Inactive,East,7962,2926744.53,575096.58,2428496.28,1111126.67,1209151.54,-146510.14,13132.95,INR 30 to 40 lacs,More than 30%,EBITDA +ve,0% to 10%,49.79013350598998,-6.032957151575296,1.1819489491688648,INR 15 to 25 lacs,Var <2%,Loss Making
2023-10-01,Pune,"Smith, Flynn and Dawson",Active,East,10645,3777403.48,876893.23,3009977.84,1074857.31,1834099.24,586597.67,19870.18,INR 20 to 30 lacs,10% to 20%,EBITDA -ve,10% to 20%,60.933978171746276,19.48843816072746,1.8486342154569335,INR 25 to 35 lacs,Var <2%,Moderate Profit
2023-11-01,Pune,"Smith, Flynn and Dawson",Active,East,7633,2522819.81,703559.84,1966157.38,645718.93,1178295.09,-201087.32,26016.19,INR 20 to 30 lacs,0% to 10%,EBITDA -ve,More than 20%,59.92882878989067,-10.22742747073482,4.029026994763805,INR 15 to 25 lacs,Var 3-5%,Loss Making
2023-12-01,Pune,"Smith, Flynn and Dawson",Active,East,13053,3964260.26,854958.5,3171047.11,1346253.88,1721718.17,467664.44,16108.88,INR 30 to 40 lacs,0% to 10%,EBITDA +ve,10% to 20%,54.294941395556876,14.747949928753975,1.196570738945614,INR 25 to 35 lacs,Var <2%,Moderate Profit
2024-01-01,Pune,"Smith, Flynn and Dawson",Active,East,13349,4154942.96,880013.17,3376492.33,1253981.4,2058433.1,723032.44,16381.5,More than 40 lacs,More than 30%,EBITDA +ve,More than 20%,60.963653958603835,21.413714865450324,1.3063590895367347,INR 25 to 35 lacs,Var <2%,High Profit
2024-02-01,Pune,"Smith, Flynn and Dawson",Active,East,14501,5588410.81,1300997.27,4402897.45,1892372.21,2425914.52,1189160.38,19246.57,More than 40 lacs,More than 30%,EBITDA -ve,0% to 10%,55.098138158998,27.008586811396206,1.017060486213756,INR 35 to 45 lacs,Var <2%,High Profit
2024-03-01,Pune,"Smith, Flynn and Dawson",Active,East,9097,4146535.44,784089.19,3447317.33,1185574.09,2180385.73,707505.67,26828.33,INR 30 to 40 lacs,More than 30%,EBITDA +ve,10% to 20%,63.2487677019278,20.523369399242398,2.262897800001685,INR 25 to 35 lacs,Var 2-3%,High Profit
2023-10-01,Ahmedabad,Drake LLC,Active,North,12361,3971544.22,888746.33,3158828.94,1271805.2,1822334.08,252214.75,17982.19,INR 30 to 40 lacs,More than 30%,EBITDA -ve,More than 20%,57.6901793232273,7.984438372278557,1.4139107152573365,INR 25 to 35 lacs,Var <2%,Low Profit
2023-11-01,Ahmedabad,Drake LLC,Active,North,8914,2864174.24,818862.75,2115468.12,623049.77,1434536.54,96993.24,15129.75,INR 30 to 40 lacs,More than 30%,EBITDA -ve,10% to 20%,67.81177775441967,4.584953991176194,2.42833730602292,INR 15 to 25 lacs,Var 2-3%,Low Profit
2023-12-01,Ahmedabad,Drake LLC,Active,North,10212,5078186.95,1168178.3,4042964.63,1631378.97,2325144.67,890714.59,10299.0,INR 20 to 30 lacs,10% to 20%,EBITDA +ve,10% to 20%,57.51088329456891,22.031223904127998,0.6313064094481983,INR 35 to 45 lacs,Var <2%,High Profit
2024-01-01,Ahmedabad,Drake LLC,Active,North,8856,4054708.6,826252.89,3327410.62,1470786.36,1798151.39,449303.77,29566.51,INR 20 to 30 lacs,More than 30%,EBITDA -ve,More than 20%,54.040561726643766,13.50310560708615,2.010251849221664,INR 25 to 35 lacs,Var 2-3%,Moderate Profit
2024-02-01,Ahmedabad,Drake LLC,Active,North,8126,2445967.45,523861.45,1982271.29,650026.3,1273352.04,-81128.56,26237.23,INR 30 to 40 lacs,0% to 10%,EBITDA -ve,0% to 10%,64.23702176506829,-4.092707209617105,4.036333606809447,INR 15 to 25 lacs,Var 3-5%,Loss Making
2024-03-01,Ahmedabad,Drake LLC,Active,North,9331,4195734.2,1129110.23,3180690.14,1199762.46,1837933.46,435392.86,20864.4,INR 20 to 30 lacs,10% to 20%,EBITDA -ve,More than 20%,57.78410908017592,13.688628594296205,1.739044243808062,INR 25 to 35 lacs,Var <2%,Moderate Profit
2023-10-01,Ahmedabad,Barrett PLC,Inactive,North,14280,6011710.96,1455517.05,4713749.75,2111151.29,2529853.63,1264824.9,18802.97,More than 40 lacs,10% to 20%,EBITDA +ve,10% to 20%,53.66966352000336,26.83266968086288,0.8906500490545138,Above INR 45 lacs,Var <2%,High Profit
2023-11-01,Ahmedabad,Barrett PLC,Inactive,North,8134,3950042.99,906690.83,3131796.56,1385728.19,1617401.68,310001.34,17854.17,INR 20 to 30 lacs,0% to 10%,EBITDA +ve,More than 20%,51.644532108433,9.898514608496793,1.288432329575398,INR 25 to 35 lacs,Var <2%,Low Profit
2023-12-01,Ahmedabad,Barrett PLC,Inactive,North,11990,5117937.86,1039380.76,4196816.57,1458065.72,2607168.76,1199632.17,10642.19,More than 40 lacs,0% to 10%,EBITDA -ve,10% to 20%,62.122533032221604,28.584336484355806,0.7298841097505537,INR 35 to 45 lacs,Var <2%,High Profit
2024-01-01,Ahmedabad,Barrett PLC,Inactive,North,8872,3315497.73,524165.15,2857203.31,1061154.77,1703116.41,249172.4,29187.6,More than 40 lacs,More than 30%,EBITDA +ve,0% to 10%,59.60781313808572,8.720849479906278,2.750550704304896,INR 25 to 35 lacs,Var 2-3%,Low Profit
2024-02-01,Ahmedabad,Barrett PLC,Inactive,North,11690,5596350.54,1084167.22,4569364.35,2038753.63,2457397.33,1010596.79,14599.23,INR 20 to 30 lacs,0% to 10%,EBITDA -ve,0% to 10%,53.77985080134834,22.11679158393224,0.7160860334065966,Above INR 45 lacs,Var <2%,High Profit
2024-03-01,Ahmedabad,Barrett PLC,Inactive,North,13862,5413854.36,1009634.91,4521686.86,1390255.87,3068530.57,1705357.9,16960.6,INR 20 to 30 lacs,More than 30%,EBITDA +ve,More than 20%,67.86251823727571,37.71508184447783,1.2199624807194662,Above INR 45 lacs,Var <2%,High Profit
2023-10-01,Ahmedabad,"Duran, Parker and Hale",Inactive,South,7875,3696543.96,1013543.59,2752623.94,1129690.94,1539157.4,344117.66,10410.22,INR 30 to 40 lacs,More than 30%,EBITDA -ve,More than 20%,55.91600718258666,12.501441079525014,0.921510444263632,INR 25 to 35 lacs,Var <2%,Moderate Profit
2023-11-01,Ahmedabad,"Duran, Parker and Hale",Inactive,South,12984,5668861.97,1397536.74,4370061.26,1645770.6,2663534.52,1354566.48,26901.63,More than 40 lacs,More than 30%,EBITDA -ve,More than 20%,60.94959227184839,30.996510103842347,1.6345917225644935,INR 35 to 45 lacs,Var <2%,High Profit
2023-12-01,Ahmedabad,"Duran, Parker and Hale",Inactive,South,10348,4943639.48,919685.4,4097339.22,1929696.04,2062290.09,764647.16,18548.84,INR 30 to 40 lacs,0% to 10%,EBITDA -ve,0% to 10%,50.33242256178144,18.662041850662295,0.9612311791861271,INR 35 to 45 lacs,Var <2%,Moderate Profit
2024-01-01,Ahmedabad,"Duran, Parker and Hale",Inactive,South,13247,5138923.9,1114853.57,4124563.92,1279006.28,2753272.03,1402607.09,24458.02,INR 30 to 40 lacs,10% to 20%,EBITDA -ve,10% to 20%,66.75304549529201,34.006191132079735,1.91226738933604,INR 35 to 45 lacs,Var <2%,High Profit
2024-02-01,Ahmedabad,"Duran, Parker and Hale",Inactive,South,12967,4323705.73,667012.07,3719036.01,1658017.54,1979512.82,625325.66,25991.57,More than 40 lacs,0% to 10%,EBITDA -ve,More than 20%,53.22650317655838,16.814186749431343,1.5676293750185537,INR 35 to 45 lacs,Var <2%,Moderate Profit
2024-03-01,Ahmedabad,"Duran, Parker and Hale",Inactive,South,14980,4745201.77,958801.49,3858081.59,1681146.42,2113958.95,612917.31,24269.15,INR 20 to 30 lacs,10% to 20%,EBITDA -ve,10% to 20%,54.793007889706146,15.886582377849612,1.4436071546938787,INR 35 to 45 lacs,Var <2%,Moderate Profit
2023-10-01,Ahmedabad,Henderson Group,Inactive,West,13794,6408933.88,1001690.15,5484692.99,2672767.39,2669702.51,1238328.13,10144.4,INR 30 to 40 lacs,0% to 10%,EBITDA +ve,More than 20%,48.675514105667375,22.577893279674708,0.379546684008293,Above INR 45 lacs,Var <2%,High Profit
2023-11-01,Ahmedabad,Henderson Group,Inactive,West,12452,5172665.05,1050583.51,4170985.84,1889346.79,2194840.54,1023081.81,18455.18,More than 40 lacs,More than 30%,EBITDA -ve,10% to 20%,52.62162529902044,24.528537119176605,0.9768021465238789,INR 35 to 45 lacs,Var <2%,High Profit
2023-12-01,Ahmedabad,Henderson Group,Inactive,West,10892,3819269.7,1120356.82,2777587.12,1276581.95,1393008.97,107283.12,20419.83,More than 40 lacs,More than 30%,EBITDA +ve,10% to 20%,50.15176517667608,3.862457426717906,1.5995706346936835,INR 25 to 35 lacs,Var <2%,Low Profit
2024-01-01,Ahmedabad,Henderson Group,Inactive,West,7065,2870312.86,517194.66,2434589.21,1059677.59,1250759.89,-72578.64,11060.52,More than 40 lacs,More than 30%,EBITDA +ve,10% to 20%,51.37457624730046,-2.9811452257278344,1.043762754292086,INR 15 to 25 lacs,Var <2%,Loss Making
2024-02-01,Ahmedabad,Henderson Group,Inactive,West,8689,3989053.73,628051.36,3419098.86,1095977.31,2216210.85,798650.87,26355.91,More than 40 lacs,10% to 20%,EBITDA +ve,0% to 10%,64.8185659656533,23.358519384841657,2.404786099084478,INR 25 to 35 lacs,Var 2-3%,High Profit
2024-03-01,Ahmedabad,Henderson Group,Inactive,West,8659,3620483.17,874443.67,2819939.95,1270406.51,1491310.12,161600.12,28157.81,INR 30 to 40 lacs,0% to 10%,EBITDA -ve,More than 20%,52.88446372767619,5.730622738970026,2.216440940624588,INR 25 to 35 lacs,Var 2-3%,Low Profit
2023-10-01,Ahmedabad,"Thompson, Morris and Allen",Active,South,13029,5819950.78,1212286.44,4738075.81,1521147.26,3141387.51,1867637.78,10336.15,INR 20 to 30 lacs,More than 30%,EBITDA -ve,10% to 20%,66.30091277496888,39.41764241209978,0.6794970001786678,Above INR 45 lacs,Var <2%,High Profit
2023-11-01,Ahmedabad,"Thompson, Morris and Allen",Active,South,9215,3062536.65,628837.93,2541702.75,1116671.23,1303640.06,48953.74,10180.11,More than 40 lacs,More than 30%,EBITDA +ve,10% to 20%,51.29002830877843,1.9260214436955698,0.9116479162806048,INR 25 to 35 lacs,Var <2%,Low Profit
2023-12-01,Ahmedabad,"Thompson, Morris and Allen",Active,South,13867,5824529.62,1494804.05,4431322.01,1480773.9,2847365.76,1456291.91,28825.16,INR 30 to 40 lacs,10% to 20%,EBITDA -ve,10% to 20%,64.25544687509631,32.863599321232805,1.9466280436196235,INR 35 to 45 lacs,Var <2%,High Profit
2024-01-01,Ahmedabad,"Thompson, Morris and Allen",Active,South,13030,5678221.27,1595772.9,4175175.55,1245741.37,2803554.77,1438963.75,15930.03,INR 30 to 40 lacs,More than 30%,EBITDA +ve,More than 20%,67.1481890144715,34.46474843435027,1.278759009183423,INR 35 to 45 lacs,Var <2%,High Profit
2024-02-01,Ahmedabad,"Thompson, Morris and Allen",Active,South,8516,3205394.25,742174.08,2524705.65,745551.13,1695702.42,336287.97,23056.27,More than 40 lacs,10% to 20%,EBITDA +ve,10% to 20%,67.16436112067163,13.319888201620653,3.092513587901074,INR 25 to 35 lacs,Var 3-5%,Moderate Profit
2024-03-01,Ahmedabad,"Thompson, Morris and Allen",Active,South,8259,2688093.13,735351.11,2034589.03,607781.82,1296539.63,-88085.59,14154.99,INR 20 to 30 lacs,More than 30%,EBITDA -ve,10% to 20%,63.72489042664306,-4.3294045481017855,2.3289590991714757,INR 15 to 25 lacs,Var 2-3%,Loss Making
2023-10-01,Mumbai,Wilkins-Dean,Inactive,South,8916,4391776.11,674689.03,3808262.75,1703992.12,2033052.59,704775.38,23649.86,INR 20 to 30 lacs,More than 30%,EBITDA +ve,10% to 20%,53.38530252409711,18.506479890338447,1.3879090004242507,INR 35 to 45 lacs,Var <2%,Moderate Profit
2023-11-01,Mumbai,Wilkins-Dean,Inactive,South,9291,4570130.66,989852.57,3679831.85,1738016.04,1884399.9,256372.12,27640.96,INR 30 to 40 lacs,More than 30%,EBITDA -ve,0% to 10%,51.20885890478936,6.966952036137195,1.5903742752569763,INR 35 to 45 lacs,Var <2%,Low Profit
2023-12-01,Mumbai,Wilkins-Dean,Inactive,South,9817,4343272.59,926867.58,3486387.11,1513570.86,1900541.42,504800.26,10772.33,More than 40 lacs,More than 30%,EBITDA +ve,10% to 20%,54.513206939891425,14.479179852176543,0.7117162654677429,INR 25 to 35 lacs,Var <2%,Moderate Profit
2024-01-01,Mumbai,Wilkins-Dean,Inactive,South,14937,7334361.43,1312500.46,6106393.44,2020549.6,4019268.94,2667861.16,14846.51,More than 40 lacs,10% to 20%,EBITDA -ve,0% to 10%,65.82066778848105,43.689637528498324,0.734775825349697,Above INR 45 lacs,Var <2%,High Profit
2024-02-01,Mumbai,Wilkins-Dean,Inactive,South,7845,2869822.47,471312.69,2467993.77,1180793.86,1234698.39,-140782.58,13493.99,More than 40 lacs,More than 30%,EBITDA +ve,More than 20%,50.02842409930393,-5.704332876010461,1.1427896483133813,INR 15 to 25 lacs,Var <2%,Loss Making
2024-03-01,Mumbai,Wilkins-Dean,Inactive,South,8172,2476714.6,529934.13,2001711.41,867822.03,1012899.84,-321328.74,16019.15,More than 40 lacs,10% to 20%,EBITDA -ve,0% to 10%,50.60169187925047,-16.0527006238127,1.845902667393682,INR 15 to 25 lacs,Var <2%,Loss Making
2023-10-01,Mumbai,"Lewis, Ford and Blanchard",Active,East,11367,3783273.47,818611.18,3039664.71,1258123.91,1641792.51,268699.81,23157.68,INR 20 to 30 lacs,10% to 20%,EBITDA -ve,0% to 10%,54.01228973046833,8.839784503732321,1.8406517685527493,INR 25 to 35 lacs,Var <2%,Low Profit
2023-11-01,Mumbai,"Lewis, Ford and Blanchard",Active,East,14710,5269923.76,1084867.03,4283671.06,1836555.57,2308141.96,1013977.51,15108.57,INR 20 to 30 lacs,0% to 10%,EBITDA +ve,0% to 10%,53.8823342798875,23.67076033144338,0.8226579280691191,INR 35 to 45 lacs,Var <2%,High Profit
2023-12-01,Mumbai,"Lewis, Ford and Blanchard",Active,East,7941,3647550.23,571078.25,3134477.42,1238442.34,1836318.61,439083.15,12320.35,INR 30 to 40 lacs,0% to 10%,EBITDA +ve,More than 20%,58.58452188180065,14.00817715892176,0.994826291226445,INR 25 to 35 lacs,Var <2%,Moderate Profit
2024-01-01,Mumbai,"Lewis, Ford and Blanchard",Active,East,13071,5245395.44,854326.03,4463957.26,1856993.25,2528875.68,1240446.33,27109.72,INR 30 to 40 lacs,More than 30%,EBITDA +ve,More than 20%,56.650983257845986,27.78804226275231,1.4598717577460232,INR 35 to 45 lacs,Var <2%,High Profit
2024-02-01,Mumbai,"Lewis, Ford and Blanchard",Active,East,7157,3135722.2,866770.33,2353413.74,1035111.71,1214482.59,-74257.7,22860.26,INR 30 to 40 lacs,0% to 10%,EBITDA +ve,0% to 10%,51.6051457233355,-3.155318537402607,2.2084824062129487,INR 15 to 25 lacs,Var 2-3%,Loss Making
2024-03-01,Mumbai,"Lewis, Ford and Blanchard",Active,East,12902,5720224.83,1368491.73,4438249.36,1805014.12,2496872.94,1237519.51,28582.33,More than 40 lacs,More than 30%,EBITDA +ve,More than 20%,56.258058920781316,27.883054998063468,1.5834962000186459,INR 35 to 45 lacs,Var <2%,High Profit
2023-10-01,Bangalore,Cooke-Valentine,Inactive,West,7910,3926024.89,795062.04,3212183.72,1035490.28,2043589.81,613464.67,27876.17,INR 30 to 40 lacs,More than 30%,EBITDA +ve,10% to 20%,63.61995415380537,19.098056757475877,2.692074521452775,INR 25 to 35 lacs,Var 2-3%,Moderate Profit
2023-11-01,Bangalore,Cooke-Valentine,Inactive,West,7890,3529444.33,771849.55,2860640.76,938180.37,1868158.99,362882.85,11046.98,More than 40 lacs,10% to 20%,EBITDA -ve,0% to 10%,65.30561320814013,12.685369483443981,1.1774899958736078,INR 25 to 35 lacs,Var <2%,Moderate Profit
2023-12-01,Bangalore,Cooke-Valentine,Inactive,West,7334,2406409.83,674886.13,1797992.77,669248.92,1026561.53,-202581.55,18359.97,More than 40 lacs,0% to 10%,EBITDA -ve,10% to 20%,57.09486418012683,-11.267094805948524,2.7433693878803718,INR 15 to 25 lacs,Var 2-3%,Loss Making
2024-01-01,Bangalore,Cooke-Valentine,Inactive,West,10083,4635703.27,1352598.38,3406361.7,1585740.52,1733783.73,459160.27,11779.51,INR 20 to 30 lacs,10% to 20%,EBITDA -ve,10% to 20%,50.89840371326392,13.479492503688025,0.742839692335036,INR 25 to 35 lacs,Var <2%,Moderate Profit
2024-02-01,Bangalore,Cooke-Valentine,Inactive,West,12861,5712001.89,898398.3,4874564.56,1781209.18,2947000.42,1729984.6,23772.55,INR 30 to 40 lacs,10% to 20%,EBITDA -ve,0% to 10%,60.45669072028866,35.49003359594442,1.3346298832796268,Above INR 45 lacs,Var <2%,High Profit
2024-03-01,Bangalore,Cooke-Valentine,Inactive,West,14046,6445856.31,1005566.28,5565257.8,2700554.05,2727204.8,1305483.96,25076.07,INR 20 to 30 lacs,More than 30%,EBITDA +ve,10% to 20%,49.0041054342532,23.457744581032706,0.9285527908615641,Above INR 45 lacs,Var <2%,High Profit
2023-10-01,Ahmedabad,"Scott, Taylor and Dean",Inactive,North,10556,3409227.05,1000550.51,2533797.73,1147143.12,1295602.95,-182398.19,13199.26,More than 40 lacs,0% to 10%,EBITDA +ve,10% to 20%,51.13284831934868,-7.198608943421856,1.1506201597582695,INR 25 to 35 lacs,Var <2%,Loss Making
2023-11-01,Ahmedabad,"Scott, Taylor and Dean",Inactive,North,12618,5961763.62,1658205.85,4396117.01,2096276.26,2183568.51,866434.45,21090.25,INR 20 to 30 lacs,0% to 10%,EBITDA -ve,10% to 20%,49.67039105267128,19.709085268410544,1.006081612544713,INR 35 to 45 lacs,Var <2%,Moderate Profit
2023-12-01,Ahmedabad,"Scott, Taylor and Dean",Inactive,North,10422,3710342.9,708879.91,3103803.18,1091429.19,1908828.16,447821.64,29759.51,More than 40 lacs,0% to 10%,EBITDA -ve,0% to 10%,61.49965217833174,14.428158424658871,2.7266551300501685,INR 25 to 35 lacs,Var 2-3%,Moderate Profit
2024-01-01,Ahmedabad,"Scott, Taylor and Dean",Inactive,North,12700,6135301.39,1635033.35,4581983.84,1387230.88,3119878.63,1735148.36,12211.73,INR 20 to 30 lacs,10% to 20%,EBITDA -ve,0% to 10%,68.09012731044464,37.86893233564962,0.8802954271029493,Above INR 45 lacs,Var <2%,High Profit
2024-02-01,Ahmedabad,"Scott, Taylor and Dean",Inactive,North,13074,5382283.71,832446.57,4633215.3,1893554.47,2622824.31,1141400.67,26421.44,INR 30 to 40 lacs,0% to 10%,EBITDA -ve,More than 20%,56.60916102905903,24.63517441116971,1.395335619788112,Above INR 45 lacs,Var <2%,High Profit
2024-03-01,Ahmedabad,"Scott, Taylor and Dean",Inactive,North,11370,4803400.64,1036333.29,3833683.12,1234808.51,2492536.24,1233287.6,24142.41,INR 30 to 40 lacs,0% to 10%,EBITDA -ve,0% to 10%,65.01675182793929,32.169784549120486,1.955154163944011,INR 35 to 45 lacs,Var <2%,High Profit
2023-10-01,Mumbai,Barnes PLC,Active,South,13805,6639255.39,1469027.54,5247089.74,1967440.77,3218008.94,1793711.76,12612.98,INR 30 to 40 lacs,0% to 10%,EBITDA -ve,0% to 10%,61.329405431514495,34.18488817383939,0.6410856271927312,Above INR 45 lacs,Var <2%,High Profit
2023-11-01,Mumbai,Barnes PLC,Active,South,12200,5544051.69,1547290.84,4096551.76,1803890.31,2160021.57,717883.41,18758.62,INR 20 to 30 lacs,0% to 10%,EBITDA -ve,10% to 20%,52.72779880608661,17.524089821337935,1.0398980412506345,INR 35 to 45 lacs,Var <2%,Moderate Profit
2023-12-01,Mumbai,Barnes PLC,Active,South,8032,2694432.8,752827.52,2044745.11,621978.99,1297651.28,-126425.82,19002.49,More than 40 lacs,0% to 10%,EBITDA -ve,10% to 20%,63.46274035104551,-6.182962335095155,3.055165898770954,INR 15 to 25 lacs,Var 3-5%,Loss Making
2024-01-01,Mumbai,Barnes PLC,Active,South,11141,5309746.01,1360365.95,4009977.03,1452828.67,2447334.25,1030927.94,11066.98,More than 40 lacs,0% to 10%,EBITDA +ve,0% to 10%,61.03112889901018,25.70907345072747,0.761753965111385,INR 35 to 45 lacs,Var <2%,High Profit
2024-02-01,Mumbai,Barnes PLC,Active,South,14310,5982305.13,1069525.53,4951772.49,1564667.57,3306566.77,1826953.82,29588.4,INR 30 to 40 lacs,0% to 10%,EBITDA +ve,More than 20%,66.77541782619339,36.89494668201123,1.891034272538799,Above INR 45 lacs,Var <2%,High Profit
2024-03-01,Mumbai,Barnes PLC,Active,South,14121,6955874.56,1705757.28,5336585.5,1881058.46,3342220.18,2011642.37,21134.37,More than 40 lacs,More than 30%,EBITDA -ve,0% to 10%,62.62843872734729,37.695308545136214,1.1235360542702113,Above INR 45 lacs,Var <2%,High Profit
2023-10-01,Mumbai,Frederick Inc,Inactive,South,10775,4583983.24,918883.77,3768306.64,1137513.99,2480936.63,1123422.79,19650.77,INR 20 to 30 lacs,0% to 10%,EBITDA +ve,10% to 20%,65.83690944004492,29.812403748544202,1.727518973195222,INR 35 to 45 lacs,Var <2%,High Profit
2023-11-01,Mumbai,Frederick Inc,Inactive,South,10892,4769549.94,1408084.3,3473950.73,1309837.43,2014358.48,618459.34,25999.83,More than 40 lacs,More than 30%,EBITDA -ve,0% to 10%,57.98465886705307,17.802766592489927,1.9849661801159557,INR 25 to 35 lacs,Var <2%,Moderate Profit
2023-12-01,Mumbai,Frederick Inc,Inactive,South,7420,3494174.71,883600.52,2709990.37,1216301.85,1374691.62,-123311.71,20184.23,INR 20 to 30 lacs,10% to 20%,EBITDA +ve,More than 20%,50.72680830227452,-4.550263770863511,1.6594754007814752,INR 25 to 35 lacs,Var <2%,Loss Making
2024-01-01,Mumbai,Frederick Inc,Inactive,South,12458,4040793.11,1130527.53,3004549.0,996183.7,1909330.26,739768.01,28086.66,More than 40 lacs,More than 30%,EBITDA +ve,More than 20%,63.547982076511325,24.621599115208305,2.8194257745835434,INR 25 to 35 lacs,Var 2-3%,High Profit
2024-02-01,Mumbai,Frederick Inc,Inactive,South,11857,5091774.18,1464464.92,3707493.32,1540564.36,2075508.9,646027.06,26112.74,INR 20 to 30 lacs,10% to 20%,EBITDA -ve,0% to 10%,55.981460271383575,17.424901523490814,1.6950113009235137,INR 35 to 45 lacs,Var <2%,Moderate Profit
2024-03-01,Mumbai,Frederick Inc,Inactive,South,11364,5434861.75,1333612.78,4236160.17,1875925.71,2288488.25,930541.31,11551.91,More than 40 lacs,10% to 20%,EBITDA +ve,More than 20%,54.02270353719888,21.96662242825441,0.6157978398835421,INR 35 to 45 lacs,Var <2%,High Profit
2023-10-01,Bangalore,Bullock-Taylor,Active,South,12367,5898273.39,1167546.73,4828312.25,2188431.74,2517151.26,1273430.09,27167.12,More than 40 lacs,10% to 20%,EBITDA +ve,More than 20%,52.13314983926318,26.37422817880099,1.2413967273203592,Above INR 45 lacs,Var <2%,High Profit
2023-11-01,Bangalore,Bullock-Taylor,Active,South,11923,5078342.49,1367450.91,3816796.3,1356220.63,2387278.45,1176466.72,23069.78,More than 40 lacs,More than 30%,EBITDA +ve,10% to 20%,62.546655948078765,30.82340862675852,1.7010344400969626,INR 35 to 45 lacs,Var <2%,High Profit
2023-12-01,Bangalore,Bullock-Taylor,Active,South,14992,5016977.99,967522.94,4071808.11,1985176.83,1989820.04,664288.58,20372.3,INR 30 to 40 lacs,0% to 10%,EBITDA -ve,10% to 20%,48.86821741705309,16.314339036964096,1.02622092360407,INR 35 to 45 lacs,Var <2%,Moderate Profit
2024-01-01,Bangalore,Bullock-Taylor,Active,South,14972,5424073.06,912124.03,4587690.84,2016102.54,2511200.92,1162147.63,10111.88,INR 30 to 40 lacs,More than 30%,EBITDA +ve,10% to 20%,54.737797458034464,25.331864559556937,0.5015558385239671,Above INR 45 lacs,Var <2%,High Profit
2024-02-01,Bangalore,Bullock-Taylor,Active,South,13193,4117701.12,1165404.54,3079533.01,1391121.16,1629949.13,210264.96,27379.28,INR 20 to 30 lacs,10% to 20%,EBITDA +ve,More than 20%,52.928451317363866,6.8278196504865525,1.9681448882568935,INR 25 to 35 lacs,Var <2%,Low Profit
2024-03-01,Bangalore,Bullock-Taylor,Active,South,10837,3527271.81,817742.88,2808463.91,1162606.67,1508846.69,162666.92,29863.42,More than 40 lacs,More than 30%,EBITDA +ve,More than 20%,53.72498057131878,5.792024580440487,2.5686606459947456,INR 25 to 35 lacs,Var 2-3%,Low Profit
2023-10-01,Mumbai,"Deleon, Leblanc and Berry",Active,South,11355,4719023.86,1081177.18,3765558.15,1401617.48,2232295.28,846923.28,19236.13,INR 30 to 40 lacs,More than 30%,EBITDA -ve,More than 20%,59.2819229202449,22.491307961875453,1.3724236658349895,INR 35 to 45 lacs,Var <2%,High Profit
2023-11-01,Mumbai,"Deleon, Leblanc and Berry",Active,South,9449,4572428.98,1051567.67,3554408.79,1469604.89,1967737.57,453352.18,28212.25,INR 20 to 30 lacs,More than 30%,EBITDA -ve,More than 20%,55.360474448972994,12.75464378986076,1.9197166661577998,INR 35 to 45 lacs,Var <2%,Moderate Profit
2023-12-01,Mumbai,"Deleon, Leblanc and Berry",Active,South,9264,4089972.24,907655.21,3300463.29,1399639.26,1803408.01,604267.31,22890.3,INR 30 to 40 lacs,More than 30%,EBITDA +ve,0% to 10%,54.641056468166326,18.308560250642874,1.6354428354631891,INR 25 to 35 lacs,Var <2%,Moderate Profit
2024-01-01,Mumbai,"Deleon, Leblanc and Berry",Active,South,12594,5477568.85,867350.02,4680071.24,2015093.77,2608472.87,1136828.69,29955.69,INR 20 to 30 lacs,More than 30%,EBITDA -ve,0% to 10%,55.7357513643318,24.290841564198068,1.486565560668673,Above INR 45 lacs,Var <2%,High Profit
2024-02-01,Mumbai,"Deleon, Leblanc and Berry",Active,South,7267,2533110.86,659007.91,1935477.38,676266.83,1149849.23,-336804.37,13467.79,INR 30 to 40 lacs,0% to 10%,EBITDA +ve,0% to 10%,59.40907612157162,-17.401617475891143,1.9914905481908676,INR 15 to 25 lacs,Var <2%,Loss Making
2024-03-01,Mumbai,"Deleon, Leblanc and Berry",Active,South,9746,3454852.6,802815.68,2708629.12,1230399.37,1332828.17,-136761.49,13162.65,INR 20 to 30 lacs,10% to 20%,EBITDA -ve,More than 20%,49.206743003634244,-5.049103584916048,1.069786796135957,INR 25 to 35 lacs,Var <2%,Loss Making
2023-10-01,Bangalore,Smith-Owen,Inactive,North,11971,4552178.51,702167.41,3890043.44,1455274.91,2287988.51,991350.34,24399.78,INR 20 to 30 lacs,More than 30%,EBITDA +ve,10% to 20%,58.81652853727515,25.484299990233527,1.6766440369675581,INR 35 to 45 lacs,Var <2%,High Profit
2023-11-01,Bangalore,Smith-Owen,Inactive,North,12465,5057513.83,1462609.53,3729474.44,1704917.64,1953488.76,555182.99,16773.59,INR 30 to 40 lacs,0% to 10%,EBITDA -ve,10% to 20%,52.37973316154434,14.886359966580171,0.9838357939683233,INR 35 to 45 lacs,Var <2%,Moderate Profit
2023-12-01,Bangalore,Smith-Owen,Inactive,North,8920,4385227.54,800367.96,3683038.09,1533481.05,2020328.04,652672.84,21498.21,INR 20 to 30 lacs,10% to 20%,EBITDA -ve,10% to 20%,54.85493200533259,17.72104507341655,1.4019221170030107,INR 35 to 45 lacs,Var <2%,Moderate Profit
2024-01-01,Bangalore,Smith-Owen,Inactive,North,11053,5068891.77,1200339.41,3963972.09,1400997.19,2471467.09,1163035.46,22243.0,More than 40 lacs,10% to 20%,EBITDA -ve,10% to 20%,62.34824650342077,29.340152594263095,1.5876548617488662,INR 35 to 45 lacs,Var <2%,High Profit
2024-02-01,Bangalore,Smith-Owen,Inactive,North,13957,6267955.87,1536454.69,4837315.92,2262829.61,2489467.37,1209788.88,25058.6,INR 20 to 30 lacs,10% to 20%,EBITDA -ve,10% to 20%,51.46381611561149,25.009507338524212,1.1074011003417972,Above INR 45 lacs,Var <2%,High Profit
2024-03-01,Bangalore,Smith-Owen,Inactive,North,9953,4556385.65,1202883.87,3488138.14,1181727.54,2189384.23,898161.62,22969.95,More than 40 lacs,10% to 20%,EBITDA +ve,More than 20%,62.76655746208492,25.74902667128888,1.943760234275322,INR 25 to 35 lacs,Var <2%,High Profit
2023-10-01,Bangalore,"Nixon, Campbell and Kramer",Inactive,West,13905,6834383.22,1823486.73,5117759.89,1710732.94,3305083.98,1857999.2,26750.39,More than 40 lacs,0% to 10%,EBITDA -ve,10% to 20%,64.58067691800211,36.30493106232852,1.5636800680297884,Above INR 45 lacs,Var <2%,High Profit
2023-11-01,Bangalore,"Nixon, Campbell and Kramer",Inactive,West,7058,3078893.98,479382.79,2682333.33,986552.74,1574368.44,140889.95,12609.07,INR 20 to 30 lacs,0% to 10%,EBITDA -ve,More than 20%,58.69398938572634,5.252514608242221,1.2780938604458187,INR 25 to 35 lacs,Var <2%,Low Profit
2023-12-01,Bangalore,"Nixon, Campbell and Kramer",Inactive,West,8691,4302806.84,1208322.95,3197379.16,1301909.94,1759274.81,600173.71,14591.75,INR 30 to 40 lacs,10% to 20%,EBITDA -ve,More than 20%,55.022401847393034,18.770801958939394,1.1207956519634532,INR 25 to 35 lacs,Var <2%,Moderate Profit
2024-01-01,Bangalore,"Nixon, Campbell and Kramer",Inactive,West,7114,2292578.02,416833.81,1998931.05,594318.54,1269052.25,-35351.72,26469.06,More than 40 lacs,10% to 20%,EBITDA +ve,More than 20%,63.48654447085605,-1.768531235732218,4.453682363669826,INR 15 to 25 lacs,Var 3-5%,Loss Making
2024-02-01,Bangalore,"Nixon, Campbell and Kramer",Inactive,West,13539,5775001.92,1075959.66,4744650.07,2010312.77,2667575.1,1225709.9,16779.66,INR 30 to 40 lacs,10% to 20%,EBITDA -ve,0% to 10%,56.222799587831354,25.833515262802088,0.8346790733463828,Above INR 45 lacs,Var <2%,High Profit
2024-03-01,Bangalore,"Nixon, Campbell and Kramer",Inactive,West,10693,3232349.92,692102.94,2617848.09,1056705.45,1472851.0,36807.23,18393.09,More than 40 lacs,10% to 20%,EBITDA -ve,10% to 20%,56.26189715232866,1.4060109194494936,1.740607091597758,INR 25 to 35 lacs,Var <2%,Low Profit
2023-10-01,Ahmedabad,"Garcia, Garcia and Watkins",Inactive,West,12820,5026534.37,1437820.77,3620229.76,1262749.42,2237418.96,979163.55,11341.35,INR 30 to 40 lacs,More than 30%,EBITDA +ve,0% to 10%,61.80323096399274,27.047000188186953,0.898147314136165,INR 35 to 45 lacs,Var <2%,High Profit
2023-11-01,Ahmedabad,"Garcia, Garcia and Watkins",Inactive,West,8952,2964756.5,796014.12,2281036.38,881144.11,1268776.64,-34827.43,15696.01,INR 20 to 30 lacs,More than 30%,EBITDA -ve,0% to 10%,55.622814748794134,-1.526824837401322,1.781321559307705,INR 15 to 25 lacs,Var <2%,Loss Making
2023-12-01,Ahmedabad,"Garcia, Garcia and Watkins",Inactive,West,13991,6814724.96,1910001.53,4944136.34,1717619.06,3131344.02,1726176.74,22752.53,INR 20 to 30 lacs,0% to 10%,EBITDA +ve,More than 20%,63.33449979253606,34.91361526652398,1.3246551886772844,Above INR 45 lacs,Var <2%,High Profit
2024-01-01,Ahmedabad,"Garcia, Garcia and Watkins",Inactive,West,13458,4760894.26,1427338.82,3492965.6,1583467.09,1762294.3,503508.43,29719.44,INR 30 to 40 lacs,10% to 20%,EBITDA -ve,More than 20%,50.45266692577791,14.414926674342283,1.8768587100853482,INR 25 to 35 lacs,Var <2%,Moderate Profit
2024-02-01,Ahmedabad,"Garcia, Garcia and Watkins",Inactive,West,8649,2703706.42,577659.23,2225286.77,747379.19,1376806.7,103957.91,27422.76,INR 20 to 30 lacs,More than 30%,EBITDA +ve,More than 20%,61.87097854358788,4.6716635087890275,3.669189665288915,INR 15 to 25 lacs,Var 3-5%,Low Profit
2024-03-01,Ahmedabad,"Garcia, Garcia and Watkins",Inactive,West,8628,2885579.94,762758.67,2155534.42,858745.31,1176238.84,-82676.69,11282.71,INR 30 to 40 lacs,10% to 20%,EBITDA -ve,10% to 20%,54.56831628789301,-3.8355541545933654,1.313859868416632,INR 15 to 25 lacs,Var <2%,Loss Making
2023-10-01,Ahmedabad,Hopkins-Singleton,Inactive,South,10512,4376735.56,868843.74,3609851.34,1482056.28,2026614.42,718957.37,25659.16,INR 30 to 40 lacs,10% to 20%,EBITDA -ve,0% to 10%,56.14121549947262,19.916536784586814,1.7313215662768218,INR 35 to 45 lacs,Var <2%,Moderate Profit
2023-11-01,Ahmedabad,Hopkins-Singleton,Inactive,South,13479,6702717.95,1433015.78,5357876.4,2200175.01,3107581.03,1900578.57,15134.83,INR 20 to 30 lacs,0% to 10%,EBITDA +ve,10% to 20%,58.00023737016403,35.4726094465337,0.6878920963655524,Above INR 45 lacs,Var <2%,High Profit
2023-12-01,Ahmedabad,Hopkins-Singleton,Inactive,South,13436,6178652.1,1210751.09,5047051.99,2471372.27,2462180.75,1048489.88,16218.24,More than 40 lacs,10% to 20%,EBITDA +ve,10% to 20%,48.78453312703046,20.774303139286662,0.6562443140142541,Above INR 45 lacs,Var <2%,High Profit
2024-01-01,Ahmedabad,Hopkins-Singleton,Inactive,South,7287,3052486.2,615788.35,2521956.35,1094150.69,1356156.6,-36067.28,19517.85,INR 30 to 40 lacs,More than 30%,EBITDA -ve,0% to 10%,53.773991766352346,-1.4301310171367556,1.783835643333552,INR 25 to 35 lacs,Var <2%,Loss Making
2024-02-01,Ahmedabad,Hopkins-Singleton,Inactive,South,14653,5524226.05,933502.78,4715608.96,1531907.44,3059883.35,1567670.7,15738.07,More than 40 lacs,10% to 20%,EBITDA -ve,0% to 10%,64.88840308760462,33.24428961980766,1.0273512347456188,Above INR 45 lacs,Var <2%,High Profit
2024-03-01,Ahmedabad,Hopkins-Singleton,Inactive,South,12097,3698918.84,590455.91,3217912.59,1386209.72,1713867.81,331127.31,20784.61,INR 20 to 30 lacs,0% to 10%,EBITDA +ve,10% to 20%,53.26023507680176,10.290127551289391,1.4993842345875343,INR 25 to 35 lacs,Var <2%,Moderate Profit
2023-10-01,Pune,"Savage, Cunningham and Foster",Active,North,10379,3946818.19,1017606.6,3042315.1,964921.66,2005551.13,629409.23,22356.31,More than 40 lacs,10% to 20%,EBITDA -ve,More than 20%,65.9218741017326,20.68849574457294,2.316904151576409,INR 25 to 35 lacs,Var 2-3%,High Profit
2023-11-01,Pune,"Savage, Cunningham and Foster",Active,North,10738,4687688.77,1003542.54,3804649.7,1209104.23,2451954.91,1169993.23,12253.96,INR 20 to 30 lacs,More than 30%,EBITDA -ve,10% to 20%,64.44627241241159,30.751667623960227,1.0134742477908625,INR 35 to 45 lacs,Var <2%,High Profit
2023-12-01,Pune,"Savage, Cunningham and Foster",Active,North,11658,3628851.39,830134.52,2828691.63,1117347.24,1649260.34,301707.04,17341.5,INR 20 to 30 lacs,More than 30%,EBITDA +ve,10% to 20%,58.304706052387914,10.665957250348988,1.5520242391255201,INR 25 to 35 lacs,Var <2%,Moderate Profit
2024-01-01,Pune,"Savage, Cunningham and Foster",Active,North,9925,3470843.96,568164.42,2928265.6,896995.36,1897569.46,581053.41,13570.66,More than 40 lacs,0% to 10%,EBITDA +ve,0% to 10%,64.80182193855639,19.842920327992104,1.51290191735217,INR 25 to 35 lacs,Var <2%,Moderate Profit
2024-02-01,Pune,"Savage, Cunningham and Foster",Active,North,11261,4150623.66,743148.47,3447669.99,1443387.8,1952450.26,536975.04,18614.11,INR 20 to 30 lacs,0% to 10%,EBITDA -ve,0% to 10%,56.63100777229552,15.57501273490506,1.2896125351759242,INR 25 to 35 lacs,Var <2%,Moderate Profit
2024-03-01,Pune,"Savage, Cunningham and Foster",Active,North,11624,5105873.33,806338.39,4364251.36,1526831.15,2757641.5,1572904.6,12214.97,INR 30 to 40 lacs,More than 30%,EBITDA -ve,10% to 20%,63.1870456700734,36.040650967454816,0.8000210108367255,INR 35 to 45 lacs,Var <2%,High Profit
2023-10-01,Hyderabad,Pacheco Ltd,Active,South,12270,6004377.22,970952.4,5119004.23,1964548.34,3080474.72,1563019.29,12345.44,INR 20 to 30 lacs,10% to 20%,EBITDA -ve,More than 20%,60.17722552262864,30.533658887013654,0.6284111084790105,Above INR 45 lacs,Var <2%,High Profit
2023-11-01,Hyderabad,Pacheco Ltd,Active,South,10574,4971972.92,1440585.47,3636958.32,1422218.14,2122189.61,781544.28,11604.15,More than 40 lacs,10% to 20%,EBITDA -ve,10% to 20%,58.35067172284779,21.488953439532406,0.8159191388179032,INR 35 to 45 lacs,Var <2%,High Profit
2023-12-01,Hyderabad,Pacheco Ltd,Active,South,13593,6670510.43,1784651.12,4990030.8,1939386.08,2911915.62,1509825.03,19996.45,More than 40 lacs,0% to 10%,EBITDA +ve,10% to 20%,58.35466225980008,30.256827873687676,1.0310711315407606,Above INR 45 lacs,Var <2%,High Profit
2024-01-01,Hyderabad,Pacheco Ltd,Active,South,10131,3800913.84,873546.9,3033269.62,1226593.3,1755490.79,444633.96,14131.78,More than 40 lacs,0% to 10%,EBITDA -ve,10% to 20%,57.87453836695203,14.658570311992245,1.1521161904275852,INR 25 to 35 lacs,Var <2%,Moderate Profit
2024-02-01,Hyderabad,Pacheco Ltd,Active,South,9795,3545832.8,812656.92,2829370.7,971932.94,1736768.32,372986.23,26300.16,More than 40 lacs,More than 30%,EBITDA -ve,0% to 10%,61.38355500747922,13.18265683602364,2.705964467054692,INR 25 to 35 lacs,Var 2-3%,Moderate Profit
2024-03-01,Hyderabad,Pacheco Ltd,Active,South,11315,4826825.52,1245377.57,3659165.55,1115632.41,2408471.32,1001858.2,22318.09,More than 40 lacs,More than 30%,EBITDA +ve,0% to 10%,65.82023379619979,27.37941714607583,2.000487777152333,INR 35 to 45 lacs,Var 2-3%,High Profit
2023-10-01,Bangalore,"Foster, Davis and Smith",Active,West,12698,6216056.14,1276166.36,5049089.06,2036606.54,2888540.73,1420681.12,15095.18,More than 40 lacs,0% to 10%,EBITDA -ve,0% to 10%,57.209145960281404,28.13737494263966,0.7411927489931364,Above INR 45 lacs,Var <2%,High Profit
2023-11-01,Bangalore,"Foster, Davis and Smith",Active,West,11681,4112373.61,910218.84,3314903.08,1247292.02,1963282.31,648608.84,14921.88,INR 20 to 30 lacs,10% to 20%,EBITDA +ve,10% to 20%,59.22593399020282,19.566449586815672,1.196342136462959,INR 25 to 35 lacs,Var <2%,Moderate Profit
2023-12-01,Bangalore,"Foster, Davis and Smith",Active,West,13932,4947893.06,1333369.52,3708871.59,1486666.84,2104760.64,682869.51,16858.7,More than 40 lacs,10% to 20%,EBITDA +ve,10% to 20%,56.749353244661684,18.411786265158884,1.1339931413281539,INR 35 to 45 lacs,Var <2%,Moderate Profit
2024-01-01,Bangalore,"Foster, Davis and Smith",Active,West,9652,4358990.68,1043834.15,3442835.08,1491852.63,1803243.56,477162.35,24574.21,INR 20 to 30 lacs,More than 30%,EBITDA -ve,0% to 10%,52.37670460822655,13.859576160702996,1.6472277157831603,INR 25 to 35 lacs,Var <2%,Moderate Profit
2024-02-01,Bangalore,"Foster, Davis and Smith",Active,West,10811,3958790.54,915932.98,3076817.18,970710.21,2038955.67,690284.11,11832.76,More than 40 lacs,10% to 20%,EBITDA +ve,More than 20%,66.26833999932357,22.435005709373996,1.2189796582030388,INR 25 to 35 lacs,Var <2%,High Profit
2024-03-01,Bangalore,"Foster, Davis and Smith",Active,West,9126,3721946.63,843308.48,3014542.66,1109668.26,1844657.17,515124.84,26668.14,More than 40 lacs,0% to 10%,EBITDA +ve,0% to 10%,61.19194113511068,17.087993042367494,2.403253383132721,INR 25 to 35 lacs,Var 2-3%,Moderate Profit
2023-10-01,Hyderabad,Price Group,Active,East,7508,3516284.36,643146.73,2923590.35,880619.94,1974255.91,538170.62,10096.0,INR 20 to 30 lacs,0% to 10%,EBITDA +ve,More than 20%,67.52847265349607,18.40786688873836,1.146465068687861,INR 25 to 35 lacs,Var <2%,Moderate Profit
2023-11-01,Hyderabad,Price Group,Active,East,8648,2766578.29,542143.52,2311687.34,701094.18,1476150.86,149345.44,16224.11,More than 40 lacs,10% to 20%,EBITDA +ve,More than 20%,63.85599100958005,6.460451524556085,2.3141127772591124,INR 15 to 25 lacs,Var 2-3%,Low Profit
2023-12-01,Hyderabad,Price Group,Active,East,12715,3933095.09,845033.98,3208744.67,1521622.77,1613628.98,319889.89,16937.14,INR 30 to 40 lacs,More than 30%,EBITDA +ve,10% to 20%,50.28848181927794,9.96931581969718,1.113097170595048,INR 25 to 35 lacs,Var <2%,Low Profit
2024-01-01,Hyderabad,Price Group,Active,East,7951,2590026.42,401869.91,2257425.49,733383.73,1375399.11,-126376.24,24393.1,More than 40 lacs,More than 30%,EBITDA -ve,More than 20%,60.92777440906809,-5.59824634566344,3.326103239296023,INR 15 to 25 lacs,Var 3-5%,Loss Making
2024-02-01,Hyderabad,Price Group,Active,East,13540,5157430.42,999133.93,4225070.18,1424573.21,2677772.74,1324436.77,20001.85,INR 30 to 40 lacs,10% to 20%,EBITDA +ve,More than 20%,63.37818369682088,31.34709516233409,1.4040591146593302,INR 35 to 45 lacs,Var <2%,High Profit
2024-03-01,Hyderabad,Price Group,Active,East,8655,3346737.63,565322.25,2870046.28,1020878.27,1742024.14,370234.96,26197.43,INR 30 to 40 lacs,10% to 20%,EBITDA -ve,0% to 10%,60.69672646533073,12.899964804748725,2.5661658955675493,INR 25 to 35 lacs,Var 2-3%,Moderate Profit
2023-10-01,Ahmedabad,"Wheeler, Moses and Wilson",Inactive,South,10243,4231267.55,911598.68,3419367.28,1565304.38,1802028.82,385378.95,14942.9,INR 30 to 40 lacs,10% to 20%,EBITDA -ve,0% to 10%,52.700651098234765,11.270475454745535,0.9546322230312805,INR 25 to 35 lacs,Var <2%,Moderate Profit
2023-11-01,Ahmedabad,"Wheeler, Moses and Wilson",Inactive,South,9942,4087894.09,1138742.49,3071604.97,1189053.08,1824604.72,332251.94,18213.52,INR 30 to 40 lacs,More than 30%,EBITDA +ve,10% to 20%,59.402323470000105,10.816883786979938,1.5317667736077853,INR 25 to 35 lacs,Var <2%,Moderate Profit
2023-12-01,Ahmedabad,"Wheeler, Moses and Wilson",Inactive,South,7990,3449817.85,706560.37,2851113.78,1277066.86,1502547.7,45002.84,15249.13,More than 40 lacs,10% to 20%,EBITDA -ve,10% to 20%,52.700376622640434,1.5784301670345824,1.1940745216738298,INR 25 to 35 lacs,Var <2%,Low Profit
2024-01-01,Ahmedabad,"Wheeler, Moses and Wilson",Inactive,South,14608,6019171.24,1086952.48,4988117.0,1763529.87,3135193.83,1771822.05,20870.72,INR 20 to 30 lacs,10% to 20%,EBITDA +ve,10% to 20%,62.85325364260702,35.52085987558031,1.1834628012283115,Above INR 45 lacs,Var <2%,High Profit
2024-02-01,Ahmedabad,"Wheeler, Moses and Wilson",Inactive,South,13375,6662261.94,1279548.21,5496002.72,2176875.39,3245632.47,2015473.18,29830.15,INR 20 to 30 lacs,10% to 20%,EBITDA +ve,10% to 20%,59.05441891775484,36.67161904170237,1.3703195937182238,Above INR 45 lacs,Var <2%,High Profit
2024-03-01,Ahmedabad,"Wheeler, Moses and Wilson",Inactive,South,8278,2946032.87,548418.04,2510150.83,728115.67,1653561.65,181084.51,14132.24,INR 30 to 40 lacs,0% to 10%,EBITDA +ve,0% to 10%,65.87499166334956,7.214088804376748,1.9409333684577887,INR 25 to 35 lacs,Var <2%,Low Profit
2023-10-01,Ahmedabad,"Mercado, Gonzalez and Miles",Inactive,East,8240,3377855.61,743292.8,2689377.07,1231918.55,1321322.25,-35423.31,11053.47,More than 40 lacs,10% to 20%,EBITDA +ve,0% to 10%,49.13116367129582,-1.3171566901178346,0.8972565596970676,INR 25 to 35 lacs,Var <2%,Loss Making
2023-11-01,Ahmedabad,"Mercado, Gonzalez and Miles",Inactive,East,7256,3137089.04,887775.49,2356278.01,986146.56,1230448.55,-58800.62,24366.97,INR 30 to 40 lacs,More than 30%,EBITDA -ve,0% to 10%,52.22000734964208,-2.495487363988938,2.470927850724338,INR 15 to 25 lacs,Var 2-3%,Loss Making
2023-12-01,Ahmedabad,"Mercado, Gonzalez and Miles",Inactive,East,9550,4648031.44,1064457.13,3687780.94,1177571.43,2439783.03,1243413.72,28784.48,INR 20 to 30 lacs,10% to 20%,EBITDA -ve,10% to 20%,66.15856716261459,33.717125291070026,2.444393543073646,INR 35 to 45 lacs,Var 2-3%,High Profit
2024-01-01,Ahmedabad,"Mercado, Gonzalez and Miles",Inactive,East,7293,3019477.74,504057.97,2629504.83,903941.92,1645737.19,94811.34,10966.78,INR 30 to 40 lacs,10% to 20%,EBITDA +ve,0% to 10%,62.58734234764649,3.605672783647254,1.2132173270601279,INR 25 to 35 lacs,Var <2%,Low Profit
2024-02-01,Ahmedabad,"Mercado, Gonzalez and Miles",Inactive,East,10403,5197969.55,921200.11,4410088.22,1665308.4,2625951.35,1183461.72,17229.57,INR 30 to 40 lacs,More than 30%,EBITDA -ve,0% to 10%,59.54419093230747,26.835329838367723,1.0346173717733003,INR 35 to 45 lacs,Var <2%,High Profit
2024-03-01,Ahmedabad,"Mercado, Gonzalez and Miles",Inactive,East,9716,3656496.72,723492.7,2967472.37,1187327.34,1722917.61,185993.18,15699.37,INR 20 to 30 lacs,More than 30%,EBITDA -ve,0% to 10%,58.06010621760229,6.267730809571109,1.3222444620874307,INR 25 to 35 lacs,Var <2%,Low Profit
2023-10-01,Ahmedabad,Adams LLC,Inactive,East,14545,6031005.58,1794687.87,4286319.01,1797922.13,2343710.14,1065021.26,12441.08,More than 40 lacs,More than 30%,EBITDA -ve,10% to 20%,54.678854619362546,24.846990098387476,0.6919699019445298,INR 35 to 45 lacs,Var <2%,High Profit
2023-11-01,Ahmedabad,Adams LLC,Inactive,East,10392,3591659.9,709539.9,2935494.03,1088373.23,1746053.86,431254.1,20990.45,More than 40 lacs,0% to 10%,EBITDA +ve,10% to 20%,59.48074982118088,14.691022894023737,1.9286077074865209,INR 25 to 35 lacs,Var <2%,Moderate Profit
2023-12-01,Ahmedabad,Adams LLC,Inactive,East,12388,5336266.42,876427.34,4538510.9,1577613.19,2887443.3,1654361.51,21364.17,INR 20 to 30 lacs,10% to 20%,EBITDA -ve,10% to 20%,63.6209400753009,36.45163681329927,1.3542083785442995,Above INR 45 lacs,Var <2%,High Profit
2024-01-01,Ahmedabad,Adams LLC,Inactive,East,7003,3352738.67,632027.0,2781729.09,1314500.33,1391664.56,-28323.76,29553.35,INR 30 to 40 lacs,0% to 10%,EBITDA -ve,0% to 10%,50.02875963021979,-1.0182069886611422,2.248257328318814,INR 25 to 35 lacs,Var 2-3%,Loss Making
2024-02-01,Ahmedabad,Adams LLC,Inactive,East,11897,5697872.15,864617.86,4875847.3,1724181.14,3021089.78,1832823.25,11482.38,More than 40 lacs,More than 30%,EBITDA +ve,10% to 20%,61.96030339178177,37.58984105183114,0.6659613502094102,Above INR 45 lacs,Var <2%,High Profit
2024-03-01,Ahmedabad,Adams LLC,Inactive,East,14285,6832627.47,1032481.88,5882855.46,1852343.38,3958408.57,2544886.12,14212.05,More than 40 lacs,10% to 20%,EBITDA +ve,10% to 20%,67.28719746583745,43.25936847001847,0.7672470532974291,Above INR 45 lacs,Var <2%,High Profit
2023-10-01,Hyderabad,Sanders Ltd,Inactive,North,13311,6325082.97,1446185.3,4975496.42,2110674.53,2789110.42,1402192.2,15070.12,More than 40 lacs,More than 30%,EBITDA +ve,0% to 10%,56.05692748141903,28.181955761511734,0.7139954448590424,Above INR 45 lacs,Var <2%,High Profit
2023-11-01,Hyderabad,Sanders Ltd,Inactive,North,13837,4559667.77,995877.36,3658380.43,1705087.63,1898468.39,610188.51,10981.18,INR 20 to 30 lacs,10% to 20%,EBITDA -ve,10% to 20%,51.89368427711602,16.67919784930623,0.6440243777969348,INR 35 to 45 lacs,Var <2%,Moderate Profit
2023-12-01,Hyderabad,Sanders Ltd,Inactive,North,13704,5409077.46,1417097.16,4043987.38,1386647.67,2551544.84,1329057.96,15576.75,More than 40 lacs,10% to 20%,EBITDA +ve,0% to 10%,63.09477751139767,32.86503727912227,1.1233387065079048,INR 35 to 45 lacs,Var <2%,High Profit
2024-01-01,Hyderabad,Sanders Ltd,Inactive,North,14562,5408785.76,1340187.54,4148258.1,1787692.6,2298861.04,867396.03,10539.7,More than 40 lacs,More than 30%,EBITDA -ve,More than 20%,55.41750258982198,20.909885766268978,0.589570041292334,INR 35 to 45 lacs,Var <2%,High Profit
2024-02-01,Hyderabad,Sanders Ltd,Inactive,North,14586,5966361.64,1579909.26,4448761.93,1481648.66,2832841.36,1564502.17,17976.73,INR 20 to 30 lacs,0% to 10%,EBITDA +ve,0% to 10%,63.67707251082325,35.16713626435838,1.2132923604169426,INR 35 to 45 lacs,Var <2%,High Profit
2024-03-01,Hyderabad,Sanders Ltd,Inactive,North,14435,6959031.58,1568722.49,5437909.9,2390378.2,2899439.93,1407262.41,13279.76,More than 40 lacs,10% to 20%,EBITDA -ve,More than 20%,53.31901379976891,25.878737159657604,0.5555505819121007,Above INR 45 lacs,Var <2%,High Profit
2023-10-01,Bangalore,"Jackson, Nelson and Collins",Active,South,13685,4281694.06,706261.89,3652986.96,1272707.91,2277881.63,1179686.59,26944.19,INR 30 to 40 lacs,More than 30%,EBITDA -ve,0% to 10%,62.35668659490643,32.29375310992077,2.117075708282508,INR 35 to 45 lacs,Var 2-3%,High Profit
2023-11-01,Bangalore,"Jackson, Nelson and Collins",Active,South,10598,4165604.46,1035193.04,3246390.71,1490965.12,1687242.89,357676.79,24592.13,INR 30 to 40 lacs,More than 30%,EBITDA -ve,More than 20%,51.97288437287328,11.01767538017628,1.6494101485083703,INR 25 to 35 lacs,Var <2%,Moderate Profit
2023-12-01,Bangalore,"Jackson, Nelson and Collins",Active,South,11779,4605436.04,1207383.18,3525403.83,1674221.84,1729264.8,265764.36,13738.19,INR 30 to 40 lacs,More than 30%,EBITDA -ve,More than 20%,49.05153801912106,7.538550838869429,0.8205716633107594,INR 35 to 45 lacs,Var <2%,Low Profit
2024-01-01,Bangalore,"Jackson, Nelson and Collins",Active,South,12301,5998546.54,939635.77,5097139.27,1969848.34,3063952.48,1734289.72,24638.08,More than 40 lacs,10% to 20%,EBITDA -ve,0% to 10%,60.11121763992924,34.02476620969394,1.2507602488829166,Above INR 45 lacs,Var <2%,High Profit
2024-02-01,Bangalore,"Jackson, Nelson and Collins",Active,South,10461,4262559.88,939411.68,3368146.2,1414009.36,1863187.21,515216.73,17049.26,INR 30 to 40 lacs,10% to 20%,EBITDA +ve,10% to 20%,55.31788406334618,15.29674483845149,1.2057388361276475,INR 25 to 35 lacs,Var <2%,Moderate Profit
2024-03-01,Bangalore,"Jackson, Nelson and Collins",Active,South,13774,6378545.17,1835459.84,4600001.66,1389870.59,3099906.48,1647582.44,14672.39,More than 40 lacs,10% to 20%,EBITDA +ve,More than 20%,67.38924698561956,35.81699663995339,1.0556659091548948,Above INR 45 lacs,Var <2%,High Profit
2023-10-01,Bangalore,Dean-Richardson,Active,East,12292,5076639.68,1118048.46,4068614.6,1860577.87,2155656.13,925317.12,20354.81,More than 40 lacs,0% to 10%,EBITDA -ve,0% to 10%,52.98255897720073,22.742805868120318,1.0940047352062723,INR 35 to 45 lacs,Var <2%,High Profit
2023-11-01,Bangalore,Dean-Richardson,Active,East,11089,4852917.03,1240978.47,3688611.28,1498121.61,2056725.97,714152.98,15993.84,More than 40 lacs,More than 30%,EBITDA -ve,0% to 10%,55.75881582187213,19.361025757097398,1.067592903889825,INR 35 to 45 lacs,Var <2%,Moderate Profit
2023-12-01,Bangalore,Dean-Richardson,Active,East,10915,3924706.57,1147858.55,2909679.72,1235067.42,1529724.14,279113.1,23352.14,More than 40 lacs,0% to 10%,EBITDA +ve,More than 20%,52.5736262134033,9.592571240108859,1.8907583198980344,INR 25 to 35 lacs,Var <2%,Low Profit
2024-01-01,Bangalore,Dean-Richardson,Active,East,7481,3348248.49,772386.22,2660325.41,957748.91,1645286.57,304779.11,21275.57,More than 40 lacs,0% to 10%,EBITDA +ve,0% to 10%,61.84531275066835,11.456459756928759,2.2214141700250014,INR 25 to 35 lacs,Var 2-3%,Moderate Profit
2024-02-01,Bangalore,Dean-Richardson,Active,East,12137,4704378.35,1253227.98,3540529.87,1044990.5,2387302.31,1076345.66,16491.57,INR 30 to 40 lacs,10% to 20%,EBITDA -ve,0% to 10%,67.4278257112967,30.400694232809844,1.5781550167202476,INR 35 to 45 lacs,Var <2%,High Profit
2024-03-01,Bangalore,Dean-Richardson,Active,East,13547,6726336.04,1823870.18,5010045.67,2143702.7,2737094.23,1492760.91,18097.94,INR 30 to 40 lacs,More than 30%,EBITDA +ve,10% to 20%,54.6321213475086,29.795355338547242,0.8442374028824051,Above INR 45 lacs,Var <2%,High Profit
2023-10-01,Hyderabad,Sanchez and Sons,Active,North,11767,5589047.22,1430681.2,4289812.94,1494143.17,2652104.26,1324171.15,10632.3,More than 40 lacs,0% to 10%,EBITDA +ve,More than 20%,61.82330784801072,30.8678063244408,0.7115984741944107,INR 35 to 45 lacs,Var <2%,High Profit
2023-11-01,Hyderabad,Sanchez and Sons,Active,North,9159,3191983.81,788010.25,2454352.71,773486.03,1562860.54,322375.5,10177.33,INR 30 to 40 lacs,More than 30%,EBITDA -ve,More than 20%,63.6770963534414,13.134848087909909,1.3157742486958686,INR 15 to 25 lacs,Var <2%,Moderate Profit
2023-12-01,Hyderabad,Sanchez and Sons,Active,North,12180,3751779.55,870372.11,2959125.96,1062272.43,1802643.16,483768.38,17447.33,INR 30 to 40 lacs,10% to 20%,EBITDA +ve,10% to 20%,60.9180948823145,16.348353755106796,1.6424534335321122,INR 25 to 35 lacs,Var <2%,Moderate Profit
2024-01-01,Hyderabad,Sanchez and Sons,Active,North,9644,3685824.61,885733.33,2877747.19,1391404.69,1351154.25,15829.28,10964.04,More than 40 lacs,10% to 20%,EBITDA -ve,More than 20%,46.951805033297596,0.5500580473158242,0.7879835448880083,INR 25 to 35 lacs,Var <2%,Low Profit
2024-02-01,Hyderabad,Sanchez and Sons,Active,North,14702,4626378.36,975165.92,3746883.12,1249200.6,2376115.14,1005885.78,25143.33,More than 40 lacs,More than 30%,EBITDA -ve,More than 20%,63.41577956667087,26.845934281504892,2.012753596179829,INR 35 to 45 lacs,Var 2-3%,High Profit
2024-03-01,Hyderabad,Sanchez and Sons,Active,North,13696,4281090.91,885129.73,3515616.66,1503484.54,1924661.68,554963.05,28391.18,INR 30 to 40 lacs,0% to 10%,EBITDA +ve,10% to 20%,54.74606210336936,15.785653092223088,1.8883586258891627,INR 35 to 45 lacs,Var <2%,Moderate Profit
2023-10-01,Hyderabad,Harris Ltd,Active,East,11910,4997897.82,887298.97,4209228.84,1764803.7,2381782.52,1043186.46,25426.27,INR 30 to 40 lacs,10% to 20%,EBITDA +ve,More than 20%,56.584771475622595,24.783315416037112,1.4407421063317127,INR 35 to 45 lacs,Var <2%,High Profit
2023-11-01,Hyderabad,Harris Ltd,Active,East,11869,4478815.18,1186162.74,3341310.54,1087075.78,2186276.64,795773.81,12335.06,More than 40 lacs,10% to 20%,EBITDA -ve,10% to 20%,65.4317105167962,23.81621823154456,1.134701023327003,INR 25 to 35 lacs,Var <2%,High Profit
2023-12-01,Hyderabad,Harris Ltd,Active,East,13464,5107000.83,1525142.58,3677793.0,1627014.81,1949381.54,470970.12,20322.49,INR 30 to 40 lacs,More than 30%,EBITDA -ve,10% to 20%,53.004112520742744,12.80578107577017,1.2490660733444707,INR 35 to 45 lacs,Var <2%,Moderate Profit
2024-01-01,Hyderabad,Harris Ltd,Active,East,7189,3354665.84,525928.29,2925345.85,1131098.66,1657877.54,243980.75,27981.78,INR 20 to 30 lacs,More than 30%,EBITDA -ve,10% to 20%,56.67287305533464,8.340236078411035,2.4738584696051182,INR 25 to 35 lacs,Var 2-3%,Low Profit
2024-02-01,Hyderabad,Harris Ltd,Active,East,10052,4696521.18,1182165.46,3640422.36,1425602.39,2110972.37,779800.25,24334.27,INR 30 to 40 lacs,0% to 10%,EBITDA -ve,0% to 10%,57.98701802282085,21.420598295632928,1.706946492983924,INR 35 to 45 lacs,Var <2%,High Profit
2024-03-01,Hyderabad,Harris Ltd,Active,East,13487,5555012.73,1610452.85,4073322.54,1489994.53,2452640.87,1141668.98,22719.0,INR 30 to 40 lacs,More than 30%,EBITDA +ve,10% to 20%,60.21229219918342,28.02795429993128,1.524770698319275,INR 35 to 45 lacs,Var <2%,High Profit
2023-10-01,Bangalore,Alvarez and Sons,Inactive,East,9348,3833600.72,751746.28,3191497.15,1298543.6,1807496.77,280751.37,17145.42,INR 20 to 30 lacs,0% to 10%,EBITDA -ve,More than 20%,56.634760585639256,8.796854792742021,1.320357668390957,INR 25 to 35 lacs,Var <2%,Low Profit
2023-11-01,Bangalore,Alvarez and Sons,Inactive,East,8200,3013360.12,748481.3,2415723.16,1052751.49,1271987.06,-84989.59,24247.25,More than 40 lacs,10% to 20%,EBITDA +ve,0% to 10%,52.65450450042463,-3.51818417802477,2.303226376815672,INR 15 to 25 lacs,Var 2-3%,Loss Making
2023-12-01,Bangalore,Alvarez and Sons,Inactive,East,12825,4014879.56,1119803.66,3007269.11,871578.94,1999798.94,430047.9,15798.74,More than 40 lacs,More than 30%,EBITDA +ve,0% to 10%,66.49883554983877,14.300279897464849,1.8126573824741568,INR 25 to 35 lacs,Var <2%,Moderate Profit
2024-01-01,Bangalore,Alvarez and Sons,Inactive,East,8158,3084278.6,883490.82,2314214.18,674304.98,1576805.48,268184.22,14229.45,INR 20 to 30 lacs,More than 30%,EBITDA +ve,More than 20%,68.13567618879597,11.588565238157859,2.110239494301229,INR 15 to 25 lacs,Var 2-3%,Moderate Profit
2024-02-01,Bangalore,Alvarez and Sons,Inactive,East,8689,3488952.95,885726.71,2696089.59,1135723.7,1468592.27,114302.4,13922.79,INR 20 to 30 lacs,0% to 10%,EBITDA +ve,10% to 20%,54.471196930811196,4.239562380417781,1.2258958759071419,INR 25 to 35 lacs,Var <2%,Low Profit
2024-03-01,Bangalore,Alvarez and Sons,Inactive,East,13677,5476766.29,1352020.5,4187206.29,1358865.61,2755063.45,1445704.88,15630.92,INR 30 to 40 lacs,More than 30%,EBITDA -ve,0% to 10%,65.79717499421315,34.52671733543847,1.1502918231921404,INR 35 to 45 lacs,Var <2%,High Profit
2023-10-01,Pune,Sanders-Garcia,Active,West,10587,4164151.61,886863.59,3415321.87,1280010.33,2006236.73,882761.92,15151.35,INR 30 to 40 lacs,More than 30%,EBITDA -ve,10% to 20%,58.74224469508052,25.847107640252954,1.1836896660044922,INR 25 to 35 lacs,Var <2%,High Profit
2023-11-01,Pune,Sanders-Garcia,Active,West,10406,3727235.25,1075121.48,2743134.55,1144004.31,1491502.18,220632.21,17122.12,More than 40 lacs,0% to 10%,EBITDA -ve,10% to 20%,54.37218455069949,8.043069196150077,1.4966831724611245,INR 25 to 35 lacs,Var <2%,Low Profit
2023-12-01,Pune,Sanders-Garcia,Active,West,9563,3797224.2,684117.49,3225560.32,1210491.99,1907933.17,513695.67,16644.56,INR 30 to 40 lacs,More than 30%,EBITDA +ve,0% to 10%,59.1504414960065,15.925780919824808,1.3750243816152803,INR 25 to 35 lacs,Var <2%,Moderate Profit
2024-01-01,Pune,Sanders-Garcia,Active,West,11522,5397946.56,1012438.3,4472964.17,2051083.98,2357314.98,1020778.25,21320.95,More than 40 lacs,More than 30%,EBITDA +ve,More than 20%,52.70140538595014,22.82106923293329,1.03949668604013,INR 35 to 45 lacs,Var <2%,High Profit
2024-02-01,Pune,Sanders-Garcia,Active,West,12577,3901987.94,985034.38,2988583.15,998816.3,1883226.51,544653.68,11998.74,More than 40 lacs,More than 30%,EBITDA +ve,0% to 10%,63.01402422080845,18.224478044052418,1.2012959740444762,INR 25 to 35 lacs,Var <2%,Moderate Profit
2024-03-01,Pune,Sanders-Garcia,Active,West,14719,5340076.53,1018418.02,4420205.25,1881169.24,2465922.92,1172699.53,11046.12,INR 30 to 40 lacs,0% to 10%,EBITDA +ve,10% to 20%,55.7875207265545,26.530431590252512,0.5871943770460546,INR 35 to 45 lacs,Var <2%,High Profit
2023-10-01,Bangalore,Chen-Smith,Inactive,South,11770,4641539.87,1214130.85,3481005.98,1086025.83,2334978.34,985617.12,19397.8,INR 20 to 30 lacs,0% to 10%,EBITDA -ve,More than 20%,67.07768827217009,28.31414613082624,1.7861269469069623,INR 25 to 35 lacs,Var <2%,High Profit
2023-11-01,Bangalore,Chen-Smith,Inactive,South,14639,5779665.21,1671161.63,4198401.93,1526621.13,2556248.19,1092450.26,18918.48,More than 40 lacs,0% to 10%,EBITDA -ve,10% to 20%,60.88621891425245,26.0206211366714,1.239238710131046,INR 35 to 45 lacs,Var <2%,High Profit
2023-12-01,Bangalore,Chen-Smith,Inactive,South,7885,3539159.0,1010433.97,2645500.34,1058699.63,1533233.27,209819.33,15386.92,INR 30 to 40 lacs,More than 30%,EBITDA -ve,0% to 10%,57.95626811372854,7.931177585862642,1.453379179890712,INR 25 to 35 lacs,Var <2%,Low Profit
2024-01-01,Bangalore,Chen-Smith,Inactive,South,13913,6151402.68,1828451.63,4466239.63,2099445.34,2246315.86,904638.21,13919.57,More than 40 lacs,10% to 20%,EBITDA -ve,0% to 10%,50.29546209100294,20.255030740479995,0.6630117838647803,INR 35 to 45 lacs,Var <2%,High Profit
2024-02-01,Bangalore,Chen-Smith,Inactive,South,7561,2853449.88,577754.7,2387602.37,798325.01,1483017.21,288179.45,27831.61,INR 20 to 30 lacs,10% to 20%,EBITDA +ve,More than 20%,62.113240824099194,12.069825931693979,3.4862505434973157,INR 15 to 25 lacs,Var 3-5%,Moderate Profit
2024-03-01,Bangalore,Chen-Smith,Inactive,South,7727,3728831.82,672428.68,3123589.75,1154622.23,1842607.08,432917.72,10118.84,INR 30 to 40 lacs,More than 30%,EBITDA -ve,More than 20%,58.99004758867582,13.859621610040179,0.8763766829606251,INR 25 to 35 lacs,Var <2%,Moderate Profit
2023-10-01,Pune,Bowman-Martinez,Inactive,West,14483,4914333.68,1404004.32,3604278.74,1747970.54,1710133.66,104811.34,16338.58,INR 30 to 40 lacs,More than 30%,EBITDA +ve,0% to 10%,47.4473197930302,2.9079698758259744,0.9347171262966479,INR 35 to 45 lacs,Var <2%,Low Profit
2023-11-01,Pune,Bowman-Martinez,Inactive,West,7604,3256336.4,939584.61,2434925.12,954730.62,1366530.4,87095.69,26960.56,More than 40 lacs,More than 30%,EBITDA -ve,10% to 20%,56.122070809306855,3.576935047596043,2.8238918324416997,INR 15 to 25 lacs,Var 2-3%,Low Profit
2023-12-01,Pune,Bowman-Martinez,Inactive,West,10178,3855547.56,890427.5,3067102.5,1267177.52,1660496.71,218266.14,16719.18,More than 40 lacs,10% to 20%,EBITDA +ve,10% to 20%,54.13893764554657,7.116362756053964,1.3194031409269318,INR 25 to 35 lacs,Var <2%,Low Profit
2024-01-01,Pune,Bowman-Martinez,Inactive,West,8248,3627019.93,632342.36,3054749.22,1247900.06,1682234.11,339239.36,19392.97,More than 40 lacs,0% to 10%,EBITDA +ve,0% to 10%,55.06946688081976,11.105309652882077,1.554048326594359,INR 25 to 35 lacs,Var <2%,Moderate Profit
2024-02-01,Pune,Bowman-Martinez,Inactive,West,9923,3648111.39,731667.79,3022857.05,1438915.25,1488875.09,180703.38,24515.13,INR 30 to 40 lacs,10% to 20%,EBITDA +ve,0% to 10%,49.25390335609817,5.977900278149111,1.7037229954995612,INR 25 to 35 lacs,Var <2%,Low Profit
2024-03-01,Pune,Bowman-Martinez,Inactive,West,7836,2357108.42,495574.45,1938239.51,865585.99,939657.73,-412748.64,18549.88,INR 30 to 40 lacs,10% to 20%,EBITDA +ve,10% to 20%,48.479959527808816,-21.29502767178655,2.1430430037343835,INR 15 to 25 lacs,Var 2-3%,Loss Making
2023-10-01,Mumbai,Richards Inc,Inactive,East,12565,4772082.02,1278076.73,3599240.95,1204869.86,2258848.05,1112789.4,11836.67,More than 40 lacs,More than 30%,EBITDA +ve,10% to 20%,62.75901172995933,30.917335500975557,0.9824023650155876,INR 35 to 45 lacs,Var <2%,High Profit
2023-11-01,Mumbai,Richards Inc,Inactive,East,13027,5380665.62,1300588.32,4198241.35,1807357.41,2334847.36,975597.75,29773.13,More than 40 lacs,10% to 20%,EBITDA +ve,0% to 10%,55.61489122105855,23.238248320335373,1.6473294012167745,INR 35 to 45 lacs,Var <2%,High Profit
2023-12-01,Mumbai,Richards Inc,Inactive,East,7885,2627944.63,746731.36,2024658.86,701980.57,1193737.49,-222236.73,11785.62,More than 40 lacs,0% to 10%,EBITDA -ve,10% to 20%,58.95993214382792,-10.976502481015494,1.6789097168316214,INR 15 to 25 lacs,Var <2%,Loss Making
2024-01-01,Mumbai,Richards Inc,Inactive,East,14416,4597164.71,821111.36,3894766.03,1662463.81,2107139.14,798324.26,27340.63,INR 20 to 30 lacs,10% to 20%,EBITDA -ve,More than 20%,54.10181571291973,20.497361172681277,1.644584972950479,INR 35 to 45 lacs,Var <2%,High Profit
2024-02-01,Mumbai,Richards Inc,Inactive,East,12719,5795096.06,1646368.01,4189122.24,1740310.82,2299839.13,896371.71,20696.36,INR 20 to 30 lacs,More than 30%,EBITDA -ve,10% to 20%,54.90026306799775,21.397602138246505,1.1892335416267767,INR 35 to 45 lacs,Var <2%,High Profit
2024-03-01,Mumbai,Richards Inc,Inactive,East,10349,3699353.13,941844.88,2858616.05,1235286.04,1556471.81,79221.55,13680.6,More than 40 lacs,0% to 10%,EBITDA +ve,0% to 10%,54.44843878211627,2.771325306173944,1.1074843847502722,INR 25 to 35 lacs,Var <2%,Low Profit
2023-10-01,Bangalore,"Andrews, Reed and Silva",Inactive,South,7470,2471309.14,538686.11,1981164.97,750599.86,1101102.43,-206851.81,15821.58,More than 40 lacs,More than 30%,EBITDA -ve,10% to 20%,55.578533169804636,-10.440918001896632,2.107858106981262,INR 15 to 25 lacs,Var 2-3%,Loss Making
2023-11-01,Bangalore,"Andrews, Reed and Silva",Inactive,South,9027,3243162.08,763599.61,2506227.88,1002654.78,1440520.96,-148666.92,26840.16,More than 40 lacs,More than 30%,EBITDA -ve,More than 20%,57.477652830196746,-5.931899536605586,2.6769093944777285,INR 25 to 35 lacs,Var 2-3%,Loss Making
2023-12-01,Bangalore,"Andrews, Reed and Silva",Inactive,South,7111,2594006.22,625958.53,2049352.53,843829.25,1152917.49,-247704.19,25483.81,More than 40 lacs,0% to 10%,EBITDA +ve,More than 20%,56.25764592097779,-12.086948749613127,3.0200197492561442,INR 15 to 25 lacs,Var 3-5%,Loss Making
2024-01-01,Bangalore,"Andrews, Reed and Silva",Inactive,South,9158,3112322.06,560892.08,2622798.01,1063682.88,1464378.28,141404.89,14025.06,More than 40 lacs,0% to 10%,EBITDA -ve,More than 20%,55.83267466334551,5.391375525711949,1.3185377205657387,INR 25 to 35 lacs,Var <2%,Low Profit
2024-02-01,Bangalore,"Andrews, Reed and Silva",Inactive,South,7954,2392001.17,631384.85,1814244.21,583148.38,1128049.53,-153061.52,20993.69,More than 40 lacs,10% to 20%,EBITDA +ve,More than 20%,62.177380739718615,-8.43665473238578,3.6000597309384617,INR 15 to 25 lacs,Var 3-5%,Loss Making
2024-03-01,Bangalore,"Andrews, Reed and Silva",Inactive,South,8220,2848572.28,442148.97,2447600.26,1158987.85,1167909.02,-164357.3,25013.78,INR 20 to 30 lacs,0% to 10%,EBITDA +ve,More than 20%,47.71649354212767,-6.715038508780024,2.1582435053137097,INR 15 to 25 lacs,Var 2-3%,Loss Making
2023-10-01,Hyderabad,Warren-Mcknight,Active,South,12889,4970383.63,1046519.49,4016828.98,1216871.89,2746165.4,1423692.85,22639.64,INR 30 to 40 lacs,More than 30%,EBITDA -ve,0% to 10%,68.36650038309571,35.44320301134653,1.860478509368805,INR 35 to 45 lacs,Var <2%,High Profit
2023-11-01,Hyderabad,Warren-Mcknight,Active,South,8645,3881067.32,846425.89,3150284.88,966366.12,2077690.6,718776.22,14414.01,More than 40 lacs,0% to 10%,EBITDA -ve,0% to 10%,65.95246713052822,22.816229242099528,1.4915682267503334,INR 25 to 35 lacs,Var <2%,High Profit
2023-12-01,Hyderabad,Warren-Mcknight,Active,South,11999,4478058.94,1263046.51,3296325.02,1241436.47,1990783.58,644219.75,21492.84,More than 40 lacs,10% to 20%,EBITDA +ve,10% to 20%,60.39403177542244,19.543574923324762,1.7312879490321402,INR 25 to 35 lacs,Var <2%,Moderate Profit
2024-01-01,Hyderabad,Warren-Mcknight,Active,South,12892,5965907.53,1622270.51,4412067.57,1508156.01,2764724.04,1466838.18,18197.61,INR 20 to 30 lacs,More than 30%,EBITDA -ve,10% to 20%,62.66277649052414,33.246049765280446,1.2066132336004152,INR 35 to 45 lacs,Var <2%,High Profit
2024-02-01,Hyderabad,Warren-Mcknight,Active,South,10688,5139140.29,948660.61,4224936.06,2073123.77,2076159.03,740577.99,10665.71,More than 40 lacs,0% to 10%,EBITDA -ve,More than 20%,49.1406023787257,17.528738411250654,0.514475312778841,INR 35 to 45 lacs,Var <2%,Moderate Profit
2024-03-01,Hyderabad,Warren-Mcknight,Active,South,14568,5482262.02,1059120.85,4484270.0,1625728.69,2749274.91,1405854.78,14873.08,INR 30 to 40 lacs,More than 30%,EBITDA +ve,10% to 20%,61.30930809251004,31.35080581677731,0.9148562174910009,INR 35 to 45 lacs,Var <2%,High Profit
2023-10-01,Mumbai,"Webb, Brown and Reeves",Active,West,8073,3928345.81,1034557.84,2970560.6,1337632.96,1493927.89,171422.87,13452.81,More than 40 lacs,0% to 10%,EBITDA +ve,10% to 20%,50.291109698283876,5.770724556166266,1.005717592365547,INR 25 to 35 lacs,Var <2%,Low Profit
2023-11-01,Mumbai,"Webb, Brown and Reeves",Active,West,7616,3357576.66,877446.51,2524600.13,749919.05,1632577.64,509369.31,25364.45,INR 30 to 40 lacs,More than 30%,EBITDA +ve,More than 20%,64.66678111119325,20.17623717701385,3.382291728687249,INR 25 to 35 lacs,Var 3-5%,High Profit
2023-12-01,Mumbai,"Webb, Brown and Reeves",Active,West,11064,4398084.64,911178.68,3603675.78,1628916.22,1841262.15,452100.82,28755.75,INR 20 to 30 lacs,0% to 10%,EBITDA -ve,0% to 10%,51.09400130330259,12.545546480876812,1.7653302021880535,INR 35 to 45 lacs,Var <2%,Moderate Profit
2024-01-01,Mumbai,"Webb, Brown and Reeves",Active,West,7735,3296912.58,775605.57,2635672.58,1014482.66,1551703.01,243840.87,21425.14,INR 30 to 40 lacs,10% to 20%,EBITDA +ve,0% to 10%,58.87313248901349,9.25156151224216,2.111927669616354,INR 25 to 35 lacs,Var 2-3%,Low Profit
2024-02-01,Mumbai,"Webb, Brown and Reeves",Active,West,10717,4949150.34,1117519.62,3930881.09,1800614.5,2005235.35,603444.51,20512.64,More than 40 lacs,More than 30%,EBITDA -ve,10% to 20%,51.01236349024234,15.351380420413582,1.1392022001377864,INR 35 to 45 lacs,Var <2%,Moderate Profit
2024-03-01,Mumbai,"Webb, Brown and Reeves",Active,West,10279,4935136.83,778157.37,4288781.98,1553671.73,2588566.29,1232676.9,17255.1,INR 30 to 40 lacs,10% to 20%,EBITDA -ve,10% to 20%,60.35667707221619,28.741887690919643,1.1106014009793432,INR 35 to 45 lacs,Var <2%,High Profit
2023-10-01,Ahmedabad,"Wood, Vasquez and Garcia",Inactive,South,12515,4374932.56,815998.62,3663291.35,1728626.54,1825132.86,333253.52,10928.98,INR 20 to 30 lacs,0% to 10%,EBITDA -ve,More than 20%,49.82221411354573,9.09710662243668,0.6322348840021859,INR 35 to 45 lacs,Var <2%,Low Profit
2023-11-01,Ahmedabad,"Wood, Vasquez and Garcia",Inactive,South,10463,4605262.45,1077968.55,3624127.32,1229349.87,2248473.37,804355.03,16123.19,INR 20 to 30 lacs,More than 30%,EBITDA +ve,0% to 10%,62.041787483338204,22.194447351811032,1.3115216744603388,INR 35 to 45 lacs,Var <2%,High Profit
2023-12-01,Ahmedabad,"Wood, Vasquez and Garcia",Inactive,South,11937,5836498.39,973882.25,4982289.91,2218040.78,2678782.05,1280106.55,26684.77,INR 20 to 30 lacs,10% to 20%,EBITDA -ve,More than 20%,53.76608142820818,25.693136552144153,1.2030784213083767,Above INR 45 lacs,Var <2%,High Profit
2024-01-01,Ahmedabad,"Wood, Vasquez and Garcia",Inactive,South,8217,2841966.53,604671.28,2298425.58,921695.52,1240718.02,-85612.66,23533.38,More than 40 lacs,More than 30%,EBITDA -ve,More than 20%,53.98121352269322,-3.7248393311042074,2.5532705203991877,INR 15 to 25 lacs,Var 2-3%,Loss Making
2024-02-01,Ahmedabad,"Wood, Vasquez and Garcia",Inactive,South,10073,4104458.21,1052861.8,3170191.81,1505199.57,1607432.65,173141.16,16497.73,INR 30 to 40 lacs,0% to 10%,EBITDA +ve,10% to 20%,50.70458654676797,5.461535780070039,1.0960493431445772,INR 25 to 35 lacs,Var <2%,Low Profit
2024-03-01,Ahmedabad,"Wood, Vasquez and Garcia",Inactive,South,9047,3496932.97,704207.21,2937839.89,1168980.94,1636193.97,216690.08,17797.9,INR 30 to 40 lacs,0% to 10%,EBITDA -ve,0% to 10%,55.69377608253525,7.375830137564099,1.5225141309831796,INR 25 to 35 lacs,Var <2%,Low Profit
2023-10-01,Ahmedabad,Kidd-Carter,Inactive,West,13804,4408699.88,817307.4,3634262.62,1386475.08,2105439.94,697896.55,22699.9,More than 40 lacs,0% to 10%,EBITDA +ve,0% to 10%,57.93307089073271,19.203250369396805,1.6372382257313993,INR 35 to 45 lacs,Var <2%,Moderate Profit
2023-11-01,Ahmedabad,Kidd-Carter,Inactive,West,9151,4406461.43,1133800.57,3409465.73,1435843.86,1841913.83,489534.78,23644.01,INR 20 to 30 lacs,0% to 10%,EBITDA +ve,10% to 20%,54.02353259611734,14.358108242372628,1.6466978519516735,INR 25 to 35 lacs,Var <2%,Moderate Profit
2023-12-01,Ahmedabad,Kidd-Carter,Inactive,West,7825,2997284.31,732244.5,2324915.53,1001477.83,1213987.86,-314040.84,16893.46,More than 40 lacs,More than 30%,EBITDA +ve,0% to 10%,52.21642869751918,-13.507623651169814,1.6868531178568373,INR 15 to 25 lacs,Var <2%,Loss Making
2024-01-01,Ahmedabad,Kidd-Carter,Inactive,West,9703,4395788.14,903138.45,3592142.45,1371383.05,2153018.16,786133.2,28927.64,More than 40 lacs,0% to 10%,EBITDA -ve,10% to 20%,59.936881400680534,21.884800253397522,2.1093770992721543,INR 35 to 45 lacs,Var 2-3%,High Profit
2024-02-01,Ahmedabad,Kidd-Carter,Inactive,West,11852,5107079.59,960917.1,4256080.37,1313966.19,2876646.65,1445007.08,13451.72,INR 20 to 30 lacs,More than 30%,EBITDA +ve,0% to 10%,67.58910546606994,33.9515928831015,1.0237493249350655,INR 35 to 45 lacs,Var <2%,High Profit
2024-03-01,Ahmedabad,Kidd-Carter,Inactive,West,10604,3441690.53,1014723.14,2495387.06,884554.74,1474022.51,194577.68,19987.61,INR 20 to 30 lacs,More than 30%,EBITDA -ve,0% to 10%,59.06989475211913,7.797494950542862,2.2596238645445506,INR 15 to 25 lacs,Var 2-3%,Low Profit
2023-10-01,Hyderabad,"Harvey, Marshall and Martin",Inactive,East,12043,5334379.9,1217354.63,4198997.81,1817058.97,2305947.19,916994.35,26934.01,INR 20 to 30 lacs,10% to 20%,EBITDA +ve,More than 20%,54.91660854188443,21.838409818079903,1.4822859601524103,INR 35 to 45 lacs,Var <2%,High Profit
2023-11-01,Hyderabad,"Harvey, Marshall and Martin",Inactive,East,12249,5168761.78,1164646.12,4087339.35,1316914.21,2661614.13,1186906.2,19691.76,More than 40 lacs,0% to 10%,EBITDA -ve,10% to 20%,65.1185013546771,29.038601847434077,1.4952955819346805,INR 35 to 45 lacs,Var <2%,High Profit
2023-12-01,Hyderabad,"Harvey, Marshall and Martin",Inactive,East,14557,5451374.35,1463621.81,4112601.7,1977978.84,2081536.05,887835.14,17015.06,INR 30 to 40 lacs,0% to 10%,EBITDA +ve,More than 20%,50.61360671032159,21.588162549268993,0.8602245714620486,INR 35 to 45 lacs,Var <2%,High Profit
2024-01-01,Hyderabad,"Harvey, Marshall and Martin",Inactive,East,12099,3798205.96,884717.67,2998183.17,1206882.98,1696655.66,391537.33,10349.91,More than 40 lacs,10% to 20%,EBITDA -ve,0% to 10%,56.58945980942185,13.059153087034373,0.8575736149663822,INR 25 to 35 lacs,Var <2%,Moderate Profit
2024-02-01,Hyderabad,"Harvey, Marshall and Martin",Inactive,East,8350,3293568.49,688485.53,2694956.87,1049158.87,1543055.22,307867.18,13108.67,INR 30 to 40 lacs,More than 30%,EBITDA -ve,More than 20%,57.25713970331554,11.423825866274438,1.2494456630767463,INR 25 to 35 lacs,Var <2%,Moderate Profit
2024-03-01,Hyderabad,"Harvey, Marshall and Martin",Inactive,East,10313,4174520.22,1006886.91,3247562.08,1009875.76,2114590.15,730110.2,18734.45,INR 30 to 40 lacs,More than 30%,EBITDA -ve,10% to 20%,65.11315558900725,22.481793481219608,1.8551242382528323,INR 25 to 35 lacs,Var <2%,High Profit
2023-10-01,Pune,Mcknight-Allison,Inactive,East,11367,4792145.46,993730.7,3812314.69,1306532.26,2434297.83,1133967.54,15119.07,INR 20 to 30 lacs,More than 30%,EBITDA -ve,0% to 10%,63.853538544059695,29.74485666082304,1.15719071490818,INR 35 to 45 lacs,Var <2%,High Profit
2023-11-01,Pune,Mcknight-Allison,Inactive,East,11418,5488209.37,1221114.14,4340870.47,1790335.4,2490937.5,1075914.99,10609.67,INR 20 to 30 lacs,10% to 20%,EBITDA +ve,10% to 20%,57.383363940827294,24.785696726859488,0.5926079549116886,INR 35 to 45 lacs,Var <2%,High Profit
2023-12-01,Pune,Mcknight-Allison,Inactive,East,9910,4102006.87,923795.7,3273827.96,965721.47,2174563.69,709540.65,13422.83,INR 20 to 30 lacs,More than 30%,EBITDA -ve,10% to 20%,66.42266229530277,21.673119622327373,1.3899276775942446,INR 25 to 35 lacs,Var <2%,High Profit
2024-01-01,Pune,Mcknight-Allison,Inactive,East,8478,4121123.28,1005328.1,3175813.28,1266525.61,1787533.98,437995.14,29472.15,More than 40 lacs,More than 30%,EBITDA +ve,10% to 20%,56.28586514380972,13.791589787671649,2.327007821026217,INR 25 to 35 lacs,Var 2-3%,Moderate Profit
2024-02-01,Pune,Mcknight-Allison,Inactive,East,10297,4123540.54,739483.84,3466801.89,1186726.06,2160868.32,773673.09,13668.19,INR 20 to 30 lacs,10% to 20%,EBITDA +ve,10% to 20%,62.330308698429825,22.316622482284384,1.1517561180041835,INR 25 to 35 lacs,Var <2%,High Profit
2024-03-01,Pune,Mcknight-Allison,Inactive,East,10836,4432951.76,1218873.09,3334756.43,1295054.34,1978587.31,538445.89,26071.35,More than 40 lacs,0% to 10%,EBITDA -ve,10% to 20%,59.33228862534947,16.146483298032056,2.013147185777548,INR 25 to 35 lacs,Var 2-3%,Moderate Profit
2023-10-01,Ahmedabad,"Kaufman, James and Flores",Active,South,11655,4249742.15,1139635.17,3165647.2,1525848.12,1576776.82,229576.7,18980.11,INR 30 to 40 lacs,10% to 20%,EBITDA +ve,0% to 10%,49.808987558689424,7.252125252618169,1.2439055860946369,INR 25 to 35 lacs,Var <2%,Low Profit
2023-11-01,Ahmedabad,"Kaufman, James and Flores",Active,South,9873,3625293.82,623817.56,3135240.84,1392413.29,1604566.99,93553.25,20548.82,INR 20 to 30 lacs,More than 30%,EBITDA +ve,10% to 20%,51.17842844889709,2.983925470937665,1.475770171656434,INR 25 to 35 lacs,Var <2%,Low Profit
2023-12-01,Ahmedabad,"Kaufman, James and Flores",Active,South,9299,4063389.62,1188616.71,2983337.96,1019648.1,1836339.18,524439.49,28969.46,INR 20 to 30 lacs,10% to 20%,EBITDA -ve,0% to 10%,61.55317314435271,17.578950056332204,2.8411233248019583,INR 25 to 35 lacs,Var 2-3%,Moderate Profit
2024-01-01,Ahmedabad,"Kaufman, James and Flores",Active,South,13080,3968791.38,1011339.67,3045343.42,1047276.16,1916858.07,593077.01,14546.05,INR 20 to 30 lacs,0% to 10%,EBITDA +ve,More than 20%,62.94390502598883,19.47488109567623,1.3889411938871978,INR 25 to 35 lacs,Var <2%,Moderate Profit
2024-02-01,Ahmedabad,"Kaufman, James and Flores",Active,South,8070,3935587.34,1173424.41,2824575.33,1300592.16,1439849.71,-44169.37,27547.3,INR 30 to 40 lacs,0% to 10%,EBITDA +ve,10% to 20%,50.975794297544894,-1.5637525942705164,2.1180582850814664,INR 25 to 35 lacs,Var 2-3%,Loss Making
2024-03-01,Ahmedabad,"Kaufman, James and Flores",Active,South,10420,4996627.59,777937.24,4257886.4,1636822.47,2475298.28,1143457.37,19065.69,INR 20 to 30 lacs,More than 30%,EBITDA -ve,10% to 20%,58.13443684171563,26.855046438063727,1.1647988923319217,INR 35 to 45 lacs,Var <2%,High Profit
2023-10-01,Bangalore,Robinson-Daniels,Inactive,North,14533,4925320.83,1069344.87,3952513.28,1743531.05,2076975.82,586661.95,14468.55,INR 30 to 40 lacs,10% to 20%,EBITDA -ve,More than 20%,52.54823128639811,14.842757213961846,0.82984183160948,INR 35 to 45 lacs,Var <2%,Moderate Profit
2023-11-01,Bangalore,Robinson-Daniels,Inactive,North,10009,4374746.98,1006630.79,3457261.03,1633357.97,1708984.13,321285.06,20966.64,INR 30 to 40 lacs,10% to 20%,EBITDA +ve,More than 20%,49.4317355609102,9.293051846883543,1.2836524745399198,INR 25 to 35 lacs,Var <2%,Low Profit
2023-12-01,Bangalore,Robinson-Daniels,Inactive,North,10860,3449957.55,955108.56,2553305.55,1031994.54,1470721.32,137595.35,23140.02,INR 30 to 40 lacs,10% to 20%,EBITDA +ve,10% to 20%,57.60067846169058,5.388910465494426,2.2422618631296247,INR 25 to 35 lacs,Var 2-3%,Low Profit
2024-01-01,Bangalore,Robinson-Daniels,Inactive,North,14660,5772794.23,884786.6,5001906.97,1964494.89,2953523.89,1503467.93,12741.25,INR 30 to 40 lacs,10% to 20%,EBITDA +ve,More than 20%,59.047957263387495,30.057894699309053,0.6485763879996654,Above INR 45 lacs,Var <2%,High Profit
2024-02-01,Bangalore,Robinson-Daniels,Inactive,North,12416,4124305.58,1194176.34,3017466.58,1198112.08,1710356.74,383124.61,20795.49,INR 20 to 30 lacs,More than 30%,EBITDA +ve,0% to 10%,56.68187847833595,12.696896546903927,1.7356882003893994,INR 25 to 35 lacs,Var <2%,Moderate Profit
2024-03-01,Bangalore,Robinson-Daniels,Inactive,North,8828,4266020.03,932795.6,3452648.74,1167045.58,2139555.18,685033.49,24530.52,INR 30 to 40 lacs,More than 30%,EBITDA -ve,10% to 20%,61.9685158010021,19.840810391850052,2.1019333280881796,INR 25 to 35 lacs,Var 2-3%,Moderate Profit
2023-10-01,Pune,Smith-Smith,Inactive,South,11530,3539400.78,579004.2,3054520.77,1033712.99,1943002.42,598230.54,28784.14,INR 20 to 30 lacs,10% to 20%,EBITDA +ve,10% to 20%,63.61071232787852,19.585086664838755,2.784538868956266,INR 25 to 35 lacs,Var 2-3%,Moderate Profit
2023-11-01,Pune,Smith-Smith,Inactive,South,11691,4824325.57,1229408.87,3721133.13,1678083.37,1919756.5,601947.09,28303.87,More than 40 lacs,More than 30%,EBITDA -ve,10% to 20%,51.59064276746261,16.176445963383202,1.68667841574522,INR 35 to 45 lacs,Var <2%,Moderate Profit
2023-12-01,Pune,Smith-Smith,Inactive,South,11760,3887142.9,683624.49,3308856.05,1205895.18,1986383.63,610619.21,11053.46,INR 30 to 40 lacs,More than 30%,EBITDA -ve,10% to 20%,60.032337459950845,18.454088082798282,0.916618640104358,INR 25 to 35 lacs,Var <2%,Moderate Profit
2024-01-01,Pune,Smith-Smith,Inactive,South,11899,4657889.26,802524.6,3931434.66,1710222.93,2133062.6,793549.58,10614.54,INR 20 to 30 lacs,More than 30%,EBITDA -ve,0% to 10%,54.25659547906616,20.18473276623145,0.6206524198573341,INR 35 to 45 lacs,Var <2%,High Profit
2024-02-01,Pune,Smith-Smith,Inactive,South,9640,3267104.28,902321.71,2505262.05,891271.19,1478625.41,285029.49,27708.82,INR 20 to 30 lacs,More than 30%,EBITDA -ve,0% to 10%,59.02078826444524,11.377232573334993,3.10891009502955,INR 25 to 35 lacs,Var 3-5%,Moderate Profit
2024-03-01,Pune,Smith-Smith,Inactive,South,9550,3210029.53,767784.12,2551139.25,1121930.04,1303170.47,-14073.35,24922.3,More than 40 lacs,More than 30%,EBITDA +ve,More than 20%,51.08190272247977,-0.5516496208507631,2.2213773685924303,INR 25 to 35 lacs,Var 2-3%,Loss Making
2023-10-01,Ahmedabad,Smith-Mccann,Active,West,10436,4623214.46,1213166.02,3481349.83,1313662.87,2018984.65,809086.77,11034.06,INR 20 to 30 lacs,10% to 20%,EBITDA +ve,More than 20%,57.99430532955087,23.240605210881665,0.8399460966724285,INR 25 to 35 lacs,Var <2%,High Profit
2023-11-01,Ahmedabad,Smith-Mccann,Active,West,14445,6632660.55,996039.19,5749350.65,2501987.58,3136513.96,1765514.52,14012.87,INR 20 to 30 lacs,0% to 10%,EBITDA +ve,0% to 10%,54.554229702444744,30.708068223321877,0.560069526803966,Above INR 45 lacs,Var <2%,High Profit
2023-12-01,Ahmedabad,Smith-Mccann,Active,West,12125,5454621.02,963697.3,4598913.52,1962197.36,2550103.86,1200115.73,16354.95,INR 20 to 30 lacs,More than 30%,EBITDA -ve,10% to 20%,55.450137275031864,26.095635953598016,0.8335017839387981,Above INR 45 lacs,Var <2%,High Profit
2024-01-01,Ahmedabad,Smith-Mccann,Active,West,10152,4659668.37,1374606.36,3323826.59,982208.71,2264751.1,865120.14,27307.49,INR 20 to 30 lacs,More than 30%,EBITDA -ve,More than 20%,68.13686089441869,26.027836187446834,2.7802125680600005,INR 25 to 35 lacs,Var 2-3%,High Profit
2024-02-01,Ahmedabad,Smith-Mccann,Active,West,13228,5278618.68,909522.81,4421868.08,2157849.02,2145301.69,863570.97,22891.58,INR 30 to 40 lacs,0% to 10%,EBITDA +ve,More than 20%,48.51573251818946,19.529550732323067,1.0608517921239922,INR 35 to 45 lacs,Var <2%,Moderate Profit
2024-03-01,Ahmedabad,Smith-Mccann,Active,West,9449,3172393.94,616500.43,2602756.41,900177.56,1552990.22,289895.86,16423.59,More than 40 lacs,10% to 20%,EBITDA +ve,0% to 10%,59.667136503181254,11.138032698188608,1.8244833830338985,INR 25 to 35 lacs,Var <2%,Moderate Profit
2023-10-01,Hyderabad,Walter PLC,Inactive,East,10616,3338922.33,504094.37,2936915.58,1404519.89,1418153.29,121709.38,16225.21,INR 20 to 30 lacs,More than 30%,EBITDA -ve,0% to 10%,48.28716561202621,4.144122521901021,1.1552139713735203,INR 25 to 35 lacs,Var <2%,Low Profit
2023-11-01,Hyderabad,Walter PLC,Inactive,East,9765,4277838.19,734990.05,3605635.35,1375662.17,2094922.52,756057.81,23634.72,INR 20 to 30 lacs,0% to 10%,EBITDA +ve,0% to 10%,58.10134183424843,20.968781826481706,1.7180613464132695,INR 35 to 45 lacs,Var <2%,High Profit
2023-12-01,Hyderabad,Walter PLC,Inactive,East,10767,4366974.62,970000.78,3492897.75,1432236.13,1966529.2,666323.61,22865.48,INR 20 to 30 lacs,More than 30%,EBITDA -ve,10% to 20%,56.30079494883582,19.076527791287333,1.596488143334298,INR 25 to 35 lacs,Var <2%,Moderate Profit
2024-01-01,Hyderabad,Walter PLC,Inactive,East,11435,5478311.95,935452.6,4632727.68,2250722.87,2260610.54,784970.6,21069.8,INR 30 to 40 lacs,10% to 20%,EBITDA +ve,10% to 20%,48.796534053993874,16.944026375407415,0.9361347983281478,Above INR 45 lacs,Var <2%,Moderate Profit
2024-02-01,Hyderabad,Walter PLC,Inactive,East,9327,3811702.19,657894.98,3287135.05,975252.89,2249415.01,919836.38,15013.24,INR 30 to 40 lacs,10% to 20%,EBITDA +ve,More than 20%,68.43086687296282,27.982920263650257,1.5394202010516471,INR 25 to 35 lacs,Var <2%,High Profit
2024-03-01,Hyderabad,Walter PLC,Inactive,East,12163,4206741.28,731239.56,3545049.12,1260411.27,2222221.83,1004142.22,12177.21,INR 20 to 30 lacs,10% to 20%,EBITDA +ve,More than 20%,62.68521971847883,28.325199059583127,0.9661298886989482,INR 35 to 45 lacs,Var <2%,High Profit
2023-10-01,Ahmedabad,Ferguson-Henderson,Inactive,West,9431,3300133.88,956508.82,2468094.32,903476.33,1468517.01,195141.8,10236.66,INR 30 to 40 lacs,10% to 20%,EBITDA -ve,0% to 10%,59.50003604400338,7.906577897719889,1.1330302366637541,INR 15 to 25 lacs,Var <2%,Low Profit
2023-11-01,Ahmedabad,Ferguson-Henderson,Inactive,West,14005,6988074.31,1365188.65,5686058.55,2714257.03,2830378.38,1369851.26,23649.01,More than 40 lacs,0% to 10%,EBITDA +ve,0% to 10%,49.77751029313618,24.091402646566134,0.8712885234748752,Above INR 45 lacs,Var <2%,High Profit
2023-12-01,Ahmedabad,Ferguson-Henderson,Inactive,West,10553,4488197.88,862240.23,3698205.73,1194853.04,2383097.88,1086395.41,29447.31,INR 30 to 40 lacs,10% to 20%,EBITDA -ve,More than 20%,64.43929986555939,29.37628377964792,2.464513125396576,INR 35 to 45 lacs,Var 2-3%,High Profit
2024-01-01,Ahmedabad,Ferguson-Henderson,Inactive,West,14271,5943576.39,1428566.08,4606571.57,1745155.84,2734033.15,1495760.36,18029.08,INR 20 to 30 lacs,More than 30%,EBITDA +ve,0% to 10%,59.35071470082467,32.470142648841986,1.0330928382877258,Above INR 45 lacs,Var <2%,High Profit
2024-02-01,Ahmedabad,Ferguson-Henderson,Inactive,West,9044,3495879.43,880671.81,2683197.28,1219148.09,1409445.88,128760.22,16989.49,INR 20 to 30 lacs,More than 30%,EBITDA -ve,10% to 20%,52.528596779138056,4.7987608276048945,1.3935542481963779,INR 25 to 35 lacs,Var <2%,Low Profit
2024-03-01,Ahmedabad,Ferguson-Henderson,Inactive,West,9313,3848876.07,1027692.6,2911975.69,1084077.05,1754799.65,382818.02,27046.57,INR 20 to 30 lacs,0% to 10%,EBITDA -ve,More than 20%,60.26148006750702,13.14633296269036,2.4948936978234153,INR 25 to 35 lacs,Var 2-3%,Moderate Profit
2023-10-01,Hyderabad,Garcia-Deleon,Active,West,13213,5000137.84,1292938.92,3805028.75,1824074.39,1904356.11,564499.5,14597.39,INR 30 to 40 lacs,0% to 10%,EBITDA +ve,More than 20%,50.048402656615934,14.835617207885749,0.8002628664722387,INR 35 to 45 lacs,Var <2%,Moderate Profit
2023-11-01,Hyderabad,Garcia-Deleon,Active,West,14120,5686381.76,1417623.13,4364419.85,1587891.59,2652200.43,1339980.56,22525.12,INR 20 to 30 lacs,More than 30%,EBITDA -ve,0% to 10%,60.76868223390562,30.70237525383815,1.4185552805906605,INR 35 to 45 lacs,Var <2%,High Profit
2023-12-01,Hyderabad,Garcia-Deleon,Active,West,14536,6809482.52,1783831.39,5093028.89,2200219.84,2788037.48,1535409.75,14749.53,INR 30 to 40 lacs,0% to 10%,EBITDA +ve,More than 20%,54.7422278611893,30.147281375425305,0.6703661939526916,Above INR 45 lacs,Var <2%,High Profit
2024-01-01,Hyderabad,Garcia-Deleon,Active,West,10272,3124730.22,541798.52,2673229.58,938724.17,1606957.64,206748.31,16737.19,INR 30 to 40 lacs,More than 30%,EBITDA -ve,10% to 20%,60.11296792548584,7.734027468003701,1.782972094987178,INR 25 to 35 lacs,Var <2%,Low Profit
2024-02-01,Hyderabad,Garcia-Deleon,Active,West,9700,3675991.54,787494.26,2951597.64,921441.48,1943133.21,473540.0,12597.86,More than 40 lacs,0% to 10%,EBITDA +ve,More than 20%,65.83326885977588,16.043514657370437,1.367190459018624,INR 25 to 35 lacs,Var <2%,Moderate Profit
2024-03-01,Hyderabad,Garcia-Deleon,Active,West,8863,2762179.32,694020.27,2117202.94,653793.78,1324468.55,-234973.8,14364.26,More than 40 lacs,10% to 20%,EBITDA +ve,0% to 10%,62.55746792038745,-11.098312568940603,2.19706281084534,INR 15 to 25 lacs,Var 2-3%,Loss Making
2023-10-01,Bangalore,Jarvis-Smith,Active,South,14072,5231886.38,1207850.82,4068636.52,1711642.43,2233611.08,930017.53,15923.49,INR 30 to 40 lacs,More than 30%,EBITDA -ve,10% to 20%,54.89827044073232,22.858211231904292,0.9303047015491431,INR 35 to 45 lacs,Var <2%,High Profit
2023-11-01,Bangalore,Jarvis-Smith,Active,South,9063,3385088.41,865777.81,2573587.92,1046908.41,1476244.19,126866.18,27931.58,INR 20 to 30 lacs,More than 30%,EBITDA -ve,10% to 20%,57.36132729438674,4.929545208620656,2.668006077055012,INR 25 to 35 lacs,Var 2-3%,Low Profit
2023-12-01,Bangalore,Jarvis-Smith,Active,South,11376,4495740.52,856329.06,3756060.47,1693474.75,1961807.99,508560.5,12770.95,INR 30 to 40 lacs,0% to 10%,EBITDA -ve,More than 20%,52.2304687496152,13.539731430362195,0.7541269806355247,INR 35 to 45 lacs,Var <2%,Moderate Profit
2024-01-01,Bangalore,Jarvis-Smith,Active,South,10243,4721066.91,1353423.84,3475376.91,1144161.52,2212775.15,882145.38,15305.89,INR 30 to 40 lacs,10% to 20%,EBITDA +ve,More than 20%,63.67007686656927,25.38272546674657,1.3377385738335266,INR 25 to 35 lacs,Var <2%,High Profit
2024-02-01,Bangalore,Jarvis-Smith,Active,South,14978,5633059.4,892711.45,4868312.49,1842354.64,2951979.88,1608610.16,17592.53,More than 40 lacs,More than 30%,EBITDA -ve,0% to 10%,60.63661455717276,33.04245903080884,0.9548937874414885,Above INR 45 lacs,Var <2%,High Profit
2024-03-01,Bangalore,Jarvis-Smith,Active,South,8811,3211558.6,725396.97,2596539.51,1190473.93,1275387.41,-172666.24,14753.16,More than 40 lacs,10% to 20%,EBITDA +ve,More than 20%,49.11873688376882,-6.649859912973172,1.2392677931216856,INR 25 to 35 lacs,Var <2%,Loss Making
2023-10-01,Ahmedabad,"Walker, Castillo and Powers",Inactive,West,10646,3974994.24,1042704.58,3026897.36,1292535.41,1679065.31,313732.57,24634.8,INR 20 to 30 lacs,10% to 20%,EBITDA +ve,More than 20%,55.471498049078214,10.364823536665941,1.9059284418366536,INR 25 to 35 lacs,Var <2%,Moderate Profit
2023-11-01,Ahmedabad,"Walker, Castillo and Powers",Inactive,West,12293,3786392.9,952039.35,2899713.14,880867.0,1899857.94,414741.87,12548.86,INR 30 to 40 lacs,10% to 20%,EBITDA -ve,0% to 10%,65.5188236999195,14.302858592419248,1.424603260197056,INR 25 to 35 lacs,Var <2%,Moderate Profit
2023-12-01,Ahmedabad,"Walker, Castillo and Powers",Inactive,West,7315,3175596.3,583707.36,2719334.49,1004738.99,1602337.65,245481.17,11985.87,INR 20 to 30 lacs,0% to 10%,EBITDA -ve,10% to 20%,58.92388949915461,9.027251737611728,1.192933699129164,INR 25 to 35 lacs,Var <2%,Low Profit
2024-01-01,Ahmedabad,"Walker, Castillo and Powers",Inactive,West,11965,3938143.56,933278.35,3078869.95,986235.61,2020196.51,682475.61,16693.99,INR 30 to 40 lacs,10% to 20%,EBITDA +ve,0% to 10%,65.61486983235521,22.166431875435336,1.6926979548020988,INR 25 to 35 lacs,Var <2%,High Profit
2024-02-01,Ahmedabad,"Walker, Castillo and Powers",Inactive,West,11299,3660618.09,665289.15,3092957.56,983443.85,1982927.11,638874.14,23430.67,INR 20 to 30 lacs,0% to 10%,EBITDA -ve,10% to 20%,64.11103519959065,20.655768066859608,2.382512229854302,INR 25 to 35 lacs,Var 2-3%,High Profit
2024-03-01,Ahmedabad,"Walker, Castillo and Powers",Inactive,West,7328,3212004.73,599536.18,2662118.15,821225.1,1708809.87,462138.55,14855.02,More than 40 lacs,More than 30%,EBITDA -ve,0% to 10%,64.18985836522695,17.359806137830507,1.8088852861414002,INR 25 to 35 lacs,Var <2%,Moderate Profit
2023-10-01,Ahmedabad,Horton-Wells,Inactive,West,10422,4490999.29,1013217.27,3563376.16,1184302.37,2249413.74,889376.76,17276.65,More than 40 lacs,0% to 10%,EBITDA -ve,10% to 20%,63.1259131508586,24.958823319960697,1.458803970813636,INR 35 to 45 lacs,Var <2%,High Profit
2023-11-01,Ahmedabad,Horton-Wells,Inactive,West,13647,5209001.3,1562461.95,3713070.85,1674716.66,1895273.42,707918.53,23413.92,INR 20 to 30 lacs,10% to 20%,EBITDA -ve,10% to 20%,51.04328725642281,19.06558098669192,1.3980824672753898,INR 35 to 45 lacs,Var <2%,Moderate Profit
2023-12-01,Ahmedabad,Horton-Wells,Inactive,West,10102,3755969.29,622657.99,3220172.48,1342784.72,1763787.58,278554.62,24644.35,INR 20 to 30 lacs,More than 30%,EBITDA +ve,More than 20%,54.77307786941898,8.650301241006817,1.8353165353266754,INR 25 to 35 lacs,Var <2%,Low Profit
2024-01-01,Ahmedabad,Horton-Wells,Inactive,West,10985,5320094.5,1226210.24,4159985.56,1686859.27,2357714.54,1050931.6,13415.66,More than 40 lacs,0% to 10%,EBITDA -ve,0% to 10%,56.67602701967071,25.262866537450197,0.7953040445395305,INR 35 to 45 lacs,Var <2%,High Profit
2024-02-01,Ahmedabad,Horton-Wells,Inactive,West,7159,3526217.72,831091.7,2764721.49,1005786.14,1695626.69,359974.7,16580.25,INR 20 to 30 lacs,10% to 20%,EBITDA -ve,10% to 20%,61.33083191681632,13.020287985680612,1.6484866255961728,INR 25 to 35 lacs,Var <2%,Moderate Profit
2024-03-01,Ahmedabad,Horton-Wells,Inactive,West,13324,4841422.32,1377269.59,3586696.76,1695824.12,1745961.43,243086.69,13061.7,INR 30 to 40 lacs,0% to 10%,EBITDA +ve,0% to 10%,48.678813594489654,6.777453079139035,0.7702272804092444,INR 35 to 45 lacs,Var <2%,Low Profit
2023-10-01,Bangalore,Serrano-Yang,Inactive,East,7504,3100939.58,586965.95,2660199.6,1015894.15,1575815.71,189219.76,18109.43,INR 30 to 40 lacs,10% to 20%,EBITDA +ve,10% to 20%,59.2367471222836,7.1129910702941235,1.7826099303751282,INR 25 to 35 lacs,Var <2%,Low Profit
2023-11-01,Bangalore,Serrano-Yang,Inactive,East,12512,4290912.14,904201.73,3461452.63,1339693.01,2029126.13,638869.87,12899.84,INR 30 to 40 lacs,0% to 10%,EBITDA -ve,More than 20%,58.62065285579251,18.456698337079366,0.9628952232870126,INR 25 to 35 lacs,Var <2%,Moderate Profit
2023-12-01,Bangalore,Serrano-Yang,Inactive,East,7814,2861493.58,735098.13,2222330.59,1042534.17,1068212.87,-362129.99,25604.07,More than 40 lacs,0% to 10%,EBITDA -ve,0% to 10%,48.06723512724541,-16.295054913499616,2.455945400811179,INR 15 to 25 lacs,Var 2-3%,Loss Making
2024-01-01,Bangalore,Serrano-Yang,Inactive,East,9959,4462669.8,1181451.21,3363091.29,1320761.62,1929652.72,607137.53,11208.61,INR 20 to 30 lacs,10% to 20%,EBITDA +ve,10% to 20%,57.37735177566351,18.052960138349384,0.8486474644834091,INR 25 to 35 lacs,Var <2%,Moderate Profit
2024-02-01,Bangalore,Serrano-Yang,Inactive,East,13500,4475493.87,830081.47,3734072.36,1595406.77,2055257.7,658942.82,28259.71,INR 30 to 40 lacs,More than 30%,EBITDA -ve,10% to 20%,55.040650042464634,17.64676086780493,1.7713169162495153,INR 35 to 45 lacs,Var <2%,Moderate Profit
2024-03-01,Bangalore,Serrano-Yang,Inactive,East,14785,6041603.79,1183920.29,4944218.85,2225032.44,2632803.68,1293397.23,10594.17,INR 30 to 40 lacs,10% to 20%,EBITDA -ve,More than 20%,53.25014445911916,26.159789225349524,0.4761355299610823,Above INR 45 lacs,Var <2%,High Profit
2023-10-01,Hyderabad,Thomas LLC,Inactive,South,13055,5241173.96,897695.03,4485125.86,1836559.86,2522649.75,1135038.39,14326.4,INR 30 to 40 lacs,More than 30%,EBITDA +ve,10% to 20%,56.244792871877166,25.30672327665739,0.7800671413998996,INR 35 to 45 lacs,Var <2%,High Profit
2023-11-01,Hyderabad,Thomas LLC,Inactive,South,9181,2975608.01,786794.56,2273615.33,1070106.68,1054441.16,-259658.99,27046.18,INR 30 to 40 lacs,0% to 10%,EBITDA -ve,10% to 20%,46.37728933680263,-11.420533041532579,2.5274283868595235,INR 15 to 25 lacs,Var 2-3%,Loss Making
2023-12-01,Hyderabad,Thomas LLC,Inactive,South,10552,3260798.05,677706.11,2687477.4,1266569.73,1363159.86,-16465.65,27239.34,INR 30 to 40 lacs,More than 30%,EBITDA -ve,More than 20%,50.72265389096854,-0.6126805010527717,2.1506387966495932,INR 25 to 35 lacs,Var 2-3%,Loss Making
2024-01-01,Hyderabad,Thomas LLC,Inactive,South,8969,3488829.24,903120.0,2687612.84,1155072.19,1408141.26,21893.11,21810.71,INR 20 to 30 lacs,10% to 20%,EBITDA -ve,10% to 20%,52.39375400513416,0.81459314653371,1.8882551401397691,INR 25 to 35 lacs,Var <2%,Low Profit
2024-02-01,Hyderabad,Thomas LLC,Inactive,South,8772,3055936.09,655943.32,2496093.75,1116265.72,1251381.88,-176919.09,29782.04,INR 30 to 40 lacs,10% to 20%,EBITDA +ve,More than 20%,50.13360896400626,-7.087838347417841,2.6680063237989606,INR 15 to 25 lacs,Var 2-3%,Loss Making
2024-03-01,Hyderabad,Thomas LLC,Inactive,South,8679,3279383.52,926393.88,2412829.28,790550.02,1544652.72,275210.32,13222.46,INR 20 to 30 lacs,More than 30%,EBITDA +ve,More than 20%,64.01831794746788,11.406124846097692,1.6725646278523905,INR 15 to 25 lacs,Var <2%,Moderate Profit
2023-10-01,Hyderabad,Mckenzie LLC,Inactive,West,10420,3593091.46,596171.84,3123295.26,1312650.79,1672877.54,202959.29,27392.34,More than 40 lacs,0% to 10%,EBITDA -ve,10% to 20%,53.56129986890833,6.498242180279812,2.0867956815841326,INR 25 to 35 lacs,Var 2-3%,Low Profit
2023-11-01,Hyderabad,Mckenzie LLC,Inactive,West,11338,4671494.44,1331851.98,3445132.2,1529260.76,1794108.6,415930.82,19779.9,More than 40 lacs,0% to 10%,EBITDA -ve,More than 20%,52.076625680721335,12.073000275577233,1.2934288590521346,INR 25 to 35 lacs,Var <2%,Moderate Profit
2023-12-01,Hyderabad,Mckenzie LLC,Inactive,West,8612,4150121.15,687876.59,3503438.2,1259732.29,2122045.28,710405.95,28437.33,INR 30 to 40 lacs,0% to 10%,EBITDA -ve,0% to 10%,60.570364278153946,20.27739350447226,2.2574105804654736,INR 35 to 45 lacs,Var 2-3%,High Profit
2024-01-01,Hyderabad,Mckenzie LLC,Inactive,West,13716,4420693.97,740249.77,3749501.7,1215248.15,2415262.25,1109627.21,10085.5,INR 30 to 40 lacs,More than 30%,EBITDA +ve,More than 20%,64.41555287199895,29.593991382908293,0.8299128042285028,INR 35 to 45 lacs,Var <2%,High Profit
2024-02-01,Hyderabad,Mckenzie LLC,Inactive,West,12100,4838940.79,1240444.43,3699929.69,1561506.6,2047362.68,498865.38,27018.62,INR 30 to 40 lacs,10% to 20%,EBITDA +ve,10% to 20%,55.3351780044231,13.483104323531078,1.7302917579727166,INR 35 to 45 lacs,Var <2%,Moderate Profit
2024-03-01,Hyderabad,Mckenzie LLC,Inactive,West,7058,3326205.77,849008.88,2547732.0,927150.89,1494436.17,225443.44,29308.88,More than 40 lacs,10% to 20%,EBITDA -ve,More than 20%,58.657510680087235,8.84878943311149,3.161176925581121,INR 25 to 35 lacs,Var 3-5%,Low Profit
2023-10-01,Hyderabad,Houston-Barnes,Active,North,10334,3301143.43,688087.98,2704161.55,913806.99,1660067.92,436115.5,10184.45,INR 30 to 40 lacs,More than 30%,EBITDA +ve,0% to 10%,61.389376681285924,16.127568266030558,1.114507780247993,INR 25 to 35 lacs,Var <2%,Moderate Profit
2023-11-01,Hyderabad,Houston-Barnes,Active,North,9583,3793993.89,708803.86,3147946.33,930828.52,2115506.52,668459.01,22154.43,INR 20 to 30 lacs,More than 30%,EBITDA -ve,0% to 10%,67.20275056277723,21.234765142898734,2.380076407628765,INR 25 to 35 lacs,Var 2-3%,High Profit
2023-12-01,Hyderabad,Houston-Barnes,Active,North,11976,4076381.43,861032.44,3296683.91,1269226.65,1910091.83,605908.31,19353.16,More than 40 lacs,More than 30%,EBITDA +ve,More than 20%,57.93979289934411,18.379326818748602,1.52479937290948,INR 25 to 35 lacs,Var <2%,Moderate Profit
2024-01-01,Hyderabad,Houston-Barnes,Active,North,13080,5197924.64,1086063.42,4209149.17,1606384.78,2460803.04,1059646.38,18646.76,More than 40 lacs,More than 30%,EBITDA -ve,10% to 20%,58.46319388105697,25.174835511947414,1.1607903804965083,INR 35 to 45 lacs,Var <2%,High Profit
2024-02-01,Hyderabad,Houston-Barnes,Active,North,7920,2917514.75,638765.79,2411512.82,852560.34,1470941.88,225907.81,14806.11,INR 30 to 40 lacs,0% to 10%,EBITDA +ve,0% to 10%,60.996643592381986,9.367887581870704,1.7366641755819887,INR 15 to 25 lacs,Var <2%,Low Profit
2024-03-01,Hyderabad,Houston-Barnes,Active,North,7127,3438690.28,728563.32,2786619.84,1103150.37,1569200.21,120110.89,12042.3,INR 30 to 40 lacs,0% to 10%,EBITDA +ve,10% to 20%,56.311958577026424,4.310271830979284,1.0916281521983262,INR 25 to 35 lacs,Var <2%,Low Profit
2023-10-01,Mumbai,"Marsh, Cox and Martinez",Inactive,North,12415,5319397.67,1161251.96,4252391.47,1301230.84,2827433.66,1461556.75,21474.88,More than 40 lacs,More than 30%,EBITDA +ve,10% to 20%,66.4904367330038,34.37023049996853,1.6503512935491138,INR 35 to 45 lacs,Var <2%,High Profit
2023-11-01,Mumbai,"Marsh, Cox and Martinez",Inactive,North,10173,3968597.27,907274.89,3157504.6,996496.36,2064824.01,759895.27,16722.43,INR 20 to 30 lacs,10% to 20%,EBITDA +ve,10% to 20%,65.39417266407149,24.066323450486816,1.678122537246398,INR 25 to 35 lacs,Var <2%,High Profit
2023-12-01,Mumbai,"Marsh, Cox and Martinez",Inactive,North,8591,3192240.49,778608.75,2546067.56,801808.7,1644792.03,328283.6,29893.08,INR 30 to 40 lacs,0% to 10%,EBITDA +ve,More than 20%,64.60127201023683,12.893750549180242,3.7282059922772106,INR 25 to 35 lacs,Var 3-5%,Moderate Profit
2024-01-01,Mumbai,"Marsh, Cox and Martinez",Inactive,North,14801,6400317.81,1452234.98,5028165.35,2185439.45,2703805.75,1383381.52,14619.18,INR 20 to 30 lacs,10% to 20%,EBITDA -ve,10% to 20%,53.773206762184145,27.51264971825161,0.6689354857211899,Above INR 45 lacs,Var <2%,High Profit
2024-02-01,Mumbai,"Marsh, Cox and Martinez",Inactive,North,12623,4788020.0,1041234.87,3827615.1,1561534.66,2144755.14,644208.82,24417.66,INR 30 to 40 lacs,0% to 10%,EBITDA -ve,10% to 20%,56.033720318430134,16.83055383494542,1.5636963191069997,INR 35 to 45 lacs,Var <2%,Moderate Profit
2024-03-01,Mumbai,"Marsh, Cox and Martinez",Inactive,North,10974,3908530.64,952348.94,3050993.26,1139522.96,1763724.77,471182.99,11270.47,INR 30 to 40 lacs,0% to 10%,EBITDA -ve,More than 20%,57.80821587262373,15.443593277554472,0.9890515940108832,INR 25 to 35 lacs,Var <2%,Moderate Profit
2023-10-01,Bangalore,"Baker, Fletcher and Richmond",Active,East,14368,6780341.45,1618200.4,5253299.71,2039689.48,3099157.72,1694304.74,16457.2,INR 30 to 40 lacs,0% to 10%,EBITDA +ve,0% to 10%,58.99449662277122,32.25220020808598,0.8068483051645685,Above INR 45 lacs,Var <2%,High Profit
2023-11-01,Bangalore,"Baker, Fletcher and Richmond",Active,East,10478,3277920.45,635810.74,2690034.78,1197095.5,1420816.37,163209.85,24054.79,INR 30 to 40 lacs,More than 30%,EBITDA +ve,More than 20%,52.817769515976295,6.067202224054516,2.009429489961327,INR 25 to 35 lacs,Var 2-3%,Low Profit
2023-12-01,Bangalore,"Baker, Fletcher and Richmond",Active,East,11027,4225004.73,918581.58,3413270.16,1498042.66,1830195.75,510770.66,18450.67,INR 20 to 30 lacs,More than 30%,EBITDA +ve,More than 20%,53.62000850234486,14.964261135426792,1.2316518409429007,INR 25 to 35 lacs,Var <2%,Moderate Profit
2024-01-01,Bangalore,"Baker, Fletcher and Richmond",Active,East,8642,4167929.97,1211218.79,3002228.81,1381916.67,1486854.55,152342.59,17744.47,INR 20 to 30 lacs,More than 30%,EBITDA +ve,10% to 20%,49.52502437680624,5.074316437593575,1.2840477566567021,INR 25 to 35 lacs,Var <2%,Low Profit
2024-02-01,Bangalore,"Baker, Fletcher and Richmond",Active,East,14203,5484465.65,1586226.93,3981959.52,1469713.15,2438062.87,1189053.36,12770.14,More than 40 lacs,10% to 20%,EBITDA -ve,0% to 10%,61.22771609692306,29.86101074176666,0.8688865578973692,INR 35 to 45 lacs,Var <2%,High Profit
2024-03-01,Bangalore,"Baker, Fletcher and Richmond",Active,East,9403,3659436.89,847486.92,2914089.55,1212235.87,1637979.89,305409.54,23050.7,INR 30 to 40 lacs,More than 30%,EBITDA +ve,0% to 10%,56.20897580172167,10.480444569728476,1.9015028816132953,INR 25 to 35 lacs,Var <2%,Moderate Profit
2023-10-01,Bangalore,"Hurley, Porter and Perkins",Active,North,12690,5409744.73,1124201.58,4440656.51,1753419.08,2537307.48,1067420.04,21037.6,More than 40 lacs,More than 30%,EBITDA +ve,10% to 20%,57.13811627371287,24.037437653559927,1.1998044415029405,INR 35 to 45 lacs,Var <2%,High Profit
2023-11-01,Bangalore,"Hurley, Porter and Perkins",Active,North,12406,3863271.93,602084.8,3281664.77,1247414.39,1939617.01,790923.99,29570.26,More than 40 lacs,10% to 20%,EBITDA -ve,0% to 10%,59.10466625754708,24.101303619747853,2.370524200863195,INR 25 to 35 lacs,Var 2-3%,High Profit
2023-12-01,Bangalore,"Hurley, Porter and Perkins",Active,North,12859,4726958.19,958172.63,3862351.79,1672439.9,2080802.01,641684.89,26664.59,More than 40 lacs,0% to 10%,EBITDA +ve,10% to 20%,53.873963924969146,16.61383853385349,1.5943526580536618,INR 35 to 45 lacs,Var <2%,Moderate Profit
2024-01-01,Bangalore,"Hurley, Porter and Perkins",Active,North,11755,4276632.99,855347.96,3511063.11,1590990.16,1854521.3,441595.9,16107.82,More than 40 lacs,0% to 10%,EBITDA +ve,More than 20%,52.81936672451325,12.577270364131962,1.0124399512313764,INR 35 to 45 lacs,Var <2%,Moderate Profit
2024-02-01,Bangalore,"Hurley, Porter and Perkins",Active,North,12892,5429731.29,1049698.28,4463778.13,1468973.12,2926410.24,1545314.22,19669.38,INR 20 to 30 lacs,10% to 20%,EBITDA -ve,0% to 10%,65.55904336580457,34.618974666646345,1.3389884220618007,INR 35 to 45 lacs,Var <2%,High Profit
2024-03-01,Bangalore,"Hurley, Porter and Perkins",Active,North,14186,5880424.39,1676254.13,4298278.13,2083813.38,2127725.63,782327.76,23083.76,INR 30 to 40 lacs,0% to 10%,EBITDA -ve,More than 20%,49.501813648341084,18.200957135363414,1.1077652260779705,INR 35 to 45 lacs,Var <2%,Moderate Profit
2023-10-01,Bangalore,Todd Inc,Inactive,East,10236,4294374.85,774872.2,3595498.56,1232566.5,2220608.12,993512.23,23697.37,More than 40 lacs,10% to 20%,EBITDA +ve,10% to 20%,61.76078457392013,27.632113138713088,1.9226037702631056,INR 35 to 45 lacs,Var <2%,High Profit
2023-11-01,Bangalore,Todd Inc,Inactive,East,14570,5263704.8,1316051.48,4058139.48,1658393.79,2310921.68,845705.41,19273.6,INR 30 to 40 lacs,10% to 20%,EBITDA +ve,More than 20%,56.94534875868782,20.839732448033057,1.1621847667434884,INR 35 to 45 lacs,Var <2%,High Profit
2023-12-01,Bangalore,Todd Inc,Inactive,East,13758,5499144.48,1210738.2,4382947.36,1888846.07,2402747.24,921562.76,20430.83,More than 40 lacs,10% to 20%,EBITDA +ve,More than 20%,54.82035358051848,21.026096923053164,1.0816566963553573,INR 35 to 45 lacs,Var <2%,High Profit
2024-01-01,Bangalore,Todd Inc,Inactive,East,9722,3539786.8,757238.13,2838981.23,1100975.0,1682391.18,310083.18,21144.95,INR 20 to 30 lacs,10% to 20%,EBITDA +ve,0% to 10%,59.2603840498093,10.922339912758071,1.9205658620767956,INR 25 to 35 lacs,Var <2%,Moderate Profit
2024-02-01,Bangalore,Todd Inc,Inactive,East,13799,4339195.54,1232337.79,3183656.45,1428048.08,1685311.43,232868.66,20821.42,INR 30 to 40 lacs,0% to 10%,EBITDA +ve,10% to 20%,52.936347136324954,7.314503422629033,1.4580335418398516,INR 25 to 35 lacs,Var <2%,Low Profit
2024-03-01,Bangalore,Todd Inc,Inactive,East,9258,3010511.54,839140.97,2236049.92,942039.93,1177967.55,-279042.7,25709.35,More than 40 lacs,0% to 10%,EBITDA -ve,10% to 20%,52.68073576818894,-12.479269693585374,2.7291146777610584,INR 15 to 25 lacs,Var 2-3%,Loss Making
2023-10-01,Hyderabad,Miranda-Burch,Inactive,South,8187,3603887.94,564453.21,3106708.0,947932.36,2081443.71,566293.28,11647.63,INR 30 to 40 lacs,0% to 10%,EBITDA -ve,More than 20%,66.99836965688439,18.228081943974136,1.2287406244892831,INR 25 to 35 lacs,Var <2%,Moderate Profit
2023-11-01,Hyderabad,Miranda-Burch,Inactive,South,8688,3686198.43,652129.37,3157268.15,971189.97,2085905.72,702145.92,22125.95,More than 40 lacs,More than 30%,EBITDA +ve,More than 20%,66.06679005075955,22.23903345048472,2.278230900593012,INR 25 to 35 lacs,Var 2-3%,High Profit
2023-12-01,Hyderabad,Miranda-Burch,Inactive,South,11416,3668104.38,621998.09,3150071.09,1389156.83,1700670.05,364616.13,28176.54,INR 20 to 30 lacs,10% to 20%,EBITDA -ve,0% to 10%,53.988306975002274,11.574854013850208,2.028319581454313,INR 25 to 35 lacs,Var 2-3%,Moderate Profit
2024-01-01,Hyderabad,Miranda-Burch,Inactive,South,14037,6779175.4,1193881.31,5717255.9,1786507.36,3823485.13,2526921.12,20229.28,INR 20 to 30 lacs,10% to 20%,EBITDA -ve,More than 20%,66.87622868166527,44.19814617708471,1.1323367847754067,Above INR 45 lacs,Var <2%,High Profit
2024-02-01,Hyderabad,Miranda-Burch,Inactive,South,10244,3922018.68,883706.17,3137488.36,1354620.41,1670481.7,230555.55,27911.23,INR 20 to 30 lacs,10% to 20%,EBITDA +ve,10% to 20%,53.2426421495951,7.348411326058274,2.0604465866567003,INR 25 to 35 lacs,Var 2-3%,Low Profit
2024-03-01,Hyderabad,Miranda-Burch,Inactive,South,13691,6703780.94,1432542.88,5336444.32,1583376.84,3605200.76,2197960.98,14042.85,INR 20 to 30 lacs,0% to 10%,EBITDA -ve,More than 20%,67.55810693064628,41.18774315254169,0.8868924721672701,Above INR 45 lacs,Var <2%,High Profit
2023-10-01,Hyderabad,Garza-Sanchez,Inactive,North,12182,5846349.42,1527487.03,4370357.5,1865079.85,2416735.23,1212352.48,24187.56,More than 40 lacs,10% to 20%,EBITDA -ve,More than 20%,55.29834184045585,27.740350303150258,1.296864581964145,INR 35 to 45 lacs,Var <2%,High Profit
2023-11-01,Hyderabad,Garza-Sanchez,Inactive,North,12549,5035691.1,1396901.03,3732822.09,1661612.73,1940890.15,443825.77,23220.47,INR 30 to 40 lacs,10% to 20%,EBITDA +ve,0% to 10%,51.99524925657521,11.889818461720473,1.397465822255707,INR 35 to 45 lacs,Var <2%,Moderate Profit
2023-12-01,Hyderabad,Garza-Sanchez,Inactive,North,14549,5730637.96,1453505.68,4360204.97,1868453.62,2417629.04,1062678.29,13857.87,More than 40 lacs,0% to 10%,EBITDA +ve,10% to 20%,55.44760066635125,24.372209501884956,0.7416758891772759,INR 35 to 45 lacs,Var <2%,High Profit
2024-01-01,Hyderabad,Garza-Sanchez,Inactive,North,10601,4838575.68,1187311.8,3782351.82,1689363.09,2012970.53,534167.24,22319.58,INR 20 to 30 lacs,10% to 20%,EBITDA +ve,More than 20%,53.220076444395914,14.122621729038418,1.3211831211489298,INR 35 to 45 lacs,Var <2%,Moderate Profit
2024-02-01,Hyderabad,Garza-Sanchez,Inactive,North,14751,6397105.55,1257328.83,5168197.69,1719162.57,3366866.72,1984225.72,19176.05,INR 30 to 40 lacs,0% to 10%,EBITDA -ve,More than 20%,65.14585783966015,38.3929918903702,1.1154297059876075,Above INR 45 lacs,Var <2%,High Profit
2024-03-01,Hyderabad,Garza-Sanchez,Inactive,North,7852,3447684.69,885715.32,2644784.42,1040401.7,1507993.32,111016.7,27183.34,More than 40 lacs,10% to 20%,EBITDA +ve,More than 20%,57.017627168266515,4.1975708553213575,2.6127735085400188,INR 25 to 35 lacs,Var 2-3%,Low Profit
2023-10-01,Ahmedabad,Hill-Williams,Inactive,East,14938,5060184.12,928229.19,4239119.53,1540493.23,2595263.84,1206273.88,16908.87,More than 40 lacs,0% to 10%,EBITDA -ve,More than 20%,61.221766020832156,28.455764728106164,1.0976270243005222,INR 35 to 45 lacs,Var <2%,High Profit
2023-11-01,Ahmedabad,Hill-Williams,Inactive,East,7683,3500811.76,673375.4,2881390.16,889030.85,1902437.82,454466.75,13592.86,INR 20 to 30 lacs,10% to 20%,EBITDA +ve,More than 20%,66.02499884986072,15.772482196579723,1.5289525667191415,INR 25 to 35 lacs,Var <2%,Moderate Profit
2023-12-01,Ahmedabad,Hill-Williams,Inactive,East,13982,6373379.42,1534944.31,4957442.09,1814741.27,3059369.04,1685415.21,18094.51,More than 40 lacs,0% to 10%,EBITDA -ve,0% to 10%,61.71265310736086,33.99767822603047,0.997084835129142,Above INR 45 lacs,Var <2%,High Profit
2024-01-01,Ahmedabad,Hill-Williams,Inactive,East,11991,5183650.81,907023.85,4350610.56,1683763.91,2576451.0,1056646.49,15414.84,INR 30 to 40 lacs,10% to 20%,EBITDA -ve,0% to 10%,59.220446520499415,24.28731497401597,0.9154988955666594,INR 35 to 45 lacs,Var <2%,High Profit
2024-02-01,Ahmedabad,Hill-Williams,Inactive,East,10050,4710821.73,913872.08,3893081.01,1542277.34,2268448.93,894336.71,25182.38,INR 30 to 40 lacs,0% to 10%,EBITDA +ve,0% to 10%,58.26873173646084,22.972465964688467,1.6328049013545125,INR 35 to 45 lacs,Var <2%,High Profit
2024-03-01,Ahmedabad,Hill-Williams,Inactive,East,9797,3581995.91,773175.01,2861797.23,1287895.9,1467519.42,90372.57,27483.41,More than 40 lacs,More than 30%,EBITDA -ve,More than 20%,51.279643596552084,3.1578956416838806,2.1339775986552953,INR 25 to 35 lacs,Var 2-3%,Low Profit
2023-10-01,Hyderabad,Brown-Watts,Active,North,12046,5605002.26,1196476.42,4485856.41,1983099.98,2401576.93,1165078.53,22453.86,More than 40 lacs,0% to 10%,EBITDA +ve,0% to 10%,53.536642961783976,25.972265349438594,1.1322606135067381,INR 35 to 45 lacs,Var <2%,High Profit
2023-11-01,Hyderabad,Brown-Watts,Active,North,13729,4609865.24,1140803.09,3556227.04,1193093.78,2230685.23,832442.78,24424.14,INR 20 to 30 lacs,More than 30%,EBITDA -ve,More than 20%,62.72617594179252,23.408032463529103,2.0471265888252304,INR 35 to 45 lacs,Var 2-3%,High Profit
2023-12-01,Hyderabad,Brown-Watts,Active,North,11069,4702157.56,852232.38,3920980.64,1602669.69,2175646.75,943195.41,15354.74,INR 30 to 40 lacs,More than 30%,EBITDA +ve,10% to 20%,55.48731171495914,24.055089698173056,0.958072651888737,INR 35 to 45 lacs,Var <2%,High Profit
2024-01-01,Hyderabad,Brown-Watts,Active,North,9447,4297380.21,1160108.9,3259257.2,1458051.14,1725886.08,213938.52,10407.54,More than 40 lacs,10% to 20%,EBITDA -ve,More than 20%,52.95335636598425,6.564026919998827,0.7137980084841196,INR 25 to 35 lacs,Var <2%,Low Profit
2024-02-01,Hyderabad,Brown-Watts,Active,North,8173,2641297.82,475519.18,2264710.35,795662.87,1410261.86,-53832.1,22057.93,INR 30 to 40 lacs,More than 30%,EBITDA +ve,0% to 10%,62.27118006503569,-2.3769971290147547,2.7722708739695245,INR 15 to 25 lacs,Var 2-3%,Loss Making
2024-03-01,Hyderabad,Brown-Watts,Active,North,8195,3598274.31,1053028.25,2614386.02,1210508.11,1350972.09,-40735.46,28252.35,INR 30 to 40 lacs,0% to 10%,EBITDA -ve,More than 20%,51.674545368017235,-1.5581272118338514,2.3339248838241984,INR 25 to 35 lacs,Var 2-3%,Loss Making
2023-10-01,Pune,Guerrero-Barron,Active,South,11551,5629309.34,1263246.41,4433748.95,1366823.18,3015146.28,1665685.94,25456.13,INR 20 to 30 lacs,More than 30%,EBITDA -ve,0% to 10%,68.00444305715595,37.568341346886584,1.862430369376674,INR 35 to 45 lacs,Var <2%,High Profit
2023-11-01,Pune,Guerrero-Barron,Active,South,9522,4235360.37,859686.61,3421861.59,1610439.56,1732157.03,397437.49,20234.53,More than 40 lacs,10% to 20%,EBITDA -ve,0% to 10%,50.62031249487213,11.614657096636103,1.2564600685790406,INR 25 to 35 lacs,Var <2%,Moderate Profit
2023-12-01,Pune,Guerrero-Barron,Active,South,14994,7152331.58,1443205.08,5810430.21,2481934.64,3260632.4,1711857.97,28102.84,More than 40 lacs,More than 30%,EBITDA -ve,More than 20%,56.11688432963727,29.461811055811648,1.1322957320100902,Above INR 45 lacs,Var <2%,High Profit
2024-01-01,Pune,Guerrero-Barron,Active,South,13721,6610279.08,1283543.72,5423096.16,1885511.79,3407749.35,2088167.47,11158.91,INR 30 to 40 lacs,10% to 20%,EBITDA -ve,0% to 10%,62.837708376537435,38.505079172337595,0.5918239312627156,Above INR 45 lacs,Var <2%,High Profit
2024-02-01,Pune,Guerrero-Barron,Active,South,12084,3749913.03,629475.96,3174619.05,1314353.47,1772827.3,381246.76,17535.35,More than 40 lacs,0% to 10%,EBITDA -ve,More than 20%,55.843780689213716,12.009212884928665,1.3341426336402489,INR 25 to 35 lacs,Var <2%,Moderate Profit
2024-03-01,Pune,Guerrero-Barron,Active,South,10739,4972917.61,1228469.44,3787988.71,1301824.66,2378869.2,880962.37,28396.96,More than 40 lacs,10% to 20%,EBITDA -ve,10% to 20%,62.80032444975265,23.25673167067069,2.18131987144874,INR 35 to 45 lacs,Var 2-3%,High Profit
2023-10-01,Bangalore,French PLC,Active,East,12784,5437585.12,1534716.21,4044956.72,1516688.79,2388216.38,1099871.09,25044.05,More than 40 lacs,0% to 10%,EBITDA -ve,More than 20%,59.04182777016215,27.191170787112895,1.6512319577439483,INR 35 to 45 lacs,Var <2%,High Profit
2023-11-01,Bangalore,French PLC,Active,East,9785,3999922.02,706158.01,3397378.84,1230365.15,2087862.72,674837.73,17052.9,More than 40 lacs,More than 30%,EBITDA -ve,0% to 10%,61.455104606467735,19.863481871806794,1.3860031714975023,INR 25 to 35 lacs,Var <2%,Moderate Profit
2023-12-01,Bangalore,French PLC,Active,East,10870,4515006.22,1294493.73,3274446.65,1189139.05,1942169.63,621931.31,25091.94,More than 40 lacs,10% to 20%,EBITDA +ve,10% to 20%,59.312911083770445,18.99347818050418,2.1100930122511743,INR 25 to 35 lacs,Var 2-3%,Moderate Profit
2024-01-01,Bangalore,French PLC,Active,East,10176,4670730.34,714215.18,4050257.72,1643130.97,2289156.6,901484.22,10032.06,INR 20 to 30 lacs,10% to 20%,EBITDA -ve,10% to 20%,56.518788636492005,22.25745328620718,0.6105453663258504,INR 35 to 45 lacs,Var <2%,High Profit
2024-02-01,Bangalore,French PLC,Active,East,13253,4945225.83,844736.41,4182804.09,1267805.37,2813862.84,1293109.76,10761.85,INR 30 to 40 lacs,10% to 20%,EBITDA +ve,More than 20%,67.2721643054528,30.914901395728528,0.8488566348318907,INR 35 to 45 lacs,Var <2%,High Profit
2024-03-01,Bangalore,French PLC,Active,East,12806,6179353.85,1533483.77,4693315.42,2272029.18,2330154.54,814992.13,25767.26,INR 30 to 40 lacs,10% to 20%,EBITDA +ve,0% to 10%,49.64836861529328,17.364955411413625,1.1341077934571242,Above INR 45 lacs,Var <2%,Moderate Profit
2023-10-01,Ahmedabad,"Becker, Miller and Anderson",Active,North,11784,5090085.67,1193647.78,3982631.28,1893412.45,2007762.61,577552.71,12117.47,INR 20 to 30 lacs,0% to 10%,EBITDA -ve,10% to 20%,50.41296742891047,14.501787119996706,0.6399804754637586,INR 35 to 45 lacs,Var <2%,Moderate Profit
2023-11-01,Ahmedabad,"Becker, Miller and Anderson",Active,North,13234,6319139.51,1468373.56,4942949.84,2046699.91,2779665.37,1507393.99,17870.29,INR 20 to 30 lacs,10% to 20%,EBITDA +ve,More than 20%,56.234949978776235,30.49583829076445,0.8731270232967374,Above INR 45 lacs,Var <2%,High Profit
2023-12-01,Ahmedabad,"Becker, Miller and Anderson",Active,North,8056,2478520.6,389808.35,2182987.55,665474.6,1452026.95,-23331.25,20401.25,INR 20 to 30 lacs,More than 30%,EBITDA -ve,0% to 10%,66.51558548742067,-1.068776136629822,3.065669223137893,INR 15 to 25 lacs,Var 3-5%,Loss Making
2024-01-01,Ahmedabad,"Becker, Miller and Anderson",Active,North,14051,6063082.47,1040994.18,5097808.19,2406024.47,2550827.45,1202619.94,16300.42,INR 30 to 40 lacs,0% to 10%,EBITDA -ve,10% to 20%,50.03772905782867,23.590921729049988,0.6774835502815979,Above INR 45 lacs,Var <2%,High Profit
2024-02-01,Ahmedabad,"Becker, Miller and Anderson",Active,North,10080,4864674.73,786990.94,4154514.69,1835576.15,2223408.56,917756.3,17979.86,INR 20 to 30 lacs,10% to 20%,EBITDA +ve,0% to 10%,53.51788899319069,22.09057780464847,0.9795213344867224,INR 35 to 45 lacs,Var <2%,High Profit
2024-03-01,Ahmedabad,"Becker, Miller and Anderson",Active,North,8665,3830685.26,666371.89,3296920.31,1555979.2,1687218.84,304079.0,22776.16,INR 30 to 40 lacs,More than 30%,EBITDA -ve,More than 20%,51.175602724835045,9.223122532797888,1.4637830634239841,INR 25 to 35 lacs,Var <2%,Low Profit
2023-10-01,Pune,Gonzalez Group,Active,North,10368,4309917.31,1284085.9,3117727.16,913410.89,2132516.44,706189.61,16316.63,More than 40 lacs,0% to 10%,EBITDA +ve,0% to 10%,68.39971333476146,22.650782886338263,1.7863406467597511,INR 25 to 35 lacs,Var <2%,High Profit
2023-11-01,Pune,Gonzalez Group,Active,North,14512,6174664.88,937360.42,5340796.37,2584385.01,2643624.88,1231008.67,22086.36,INR 30 to 40 lacs,0% to 10%,EBITDA +ve,More than 20%,49.498702007243914,23.049159427136143,0.854607959516063,Above INR 45 lacs,Var <2%,High Profit
2023-12-01,Pune,Gonzalez Group,Active,North,9550,3778404.24,928281.85,2919020.92,1227056.96,1625781.09,398650.4,26930.39,INR 20 to 30 lacs,More than 30%,EBITDA -ve,0% to 10%,55.69610957087625,13.656990166415115,2.1947139275425323,INR 25 to 35 lacs,Var 2-3%,Moderate Profit
2024-01-01,Pune,Gonzalez Group,Active,North,13540,5139186.12,982074.84,4223608.09,1643241.26,2490154.57,1173703.84,18545.03,INR 20 to 30 lacs,More than 30%,EBITDA -ve,0% to 10%,58.95799318823636,27.789127565573917,1.128564042993906,INR 35 to 45 lacs,Var <2%,High Profit
2024-02-01,Pune,Gonzalez Group,Active,North,11522,4689754.03,1099177.17,3620681.04,1165101.92,2373112.23,989684.56,11276.83,INR 30 to 40 lacs,More than 30%,EBITDA +ve,10% to 20%,65.54325564120941,27.334210030276516,0.9678835650704275,INR 35 to 45 lacs,Var <2%,High Profit
2024-03-01,Pune,Gonzalez Group,Active,North,9098,3192351.38,913340.32,2401888.65,1120025.49,1171341.43,-26275.4,20493.51,INR 20 to 30 lacs,0% to 10%,EBITDA -ve,0% to 10%,48.76751592959982,-1.0939474650500556,1.8297360357396864,INR 15 to 25 lacs,Var <2%,Loss Making
2023-10-01,Ahmedabad,"Holt, Willis and Dunlap",Inactive,West,7215,3183261.48,864229.23,2477818.05,831416.95,1511290.76,119794.54,17976.43,INR 30 to 40 lacs,10% to 20%,EBITDA +ve,10% to 20%,60.99280615055655,4.834678639942912,2.162143795600992,INR 15 to 25 lacs,Var 2-3%,Low Profit
2023-11-01,Ahmedabad,"Holt, Willis and Dunlap",Inactive,West,14796,6801260.04,1813242.96,5048093.78,1668884.49,3295410.24,1854495.02,21635.72,INR 20 to 30 lacs,More than 30%,EBITDA +ve,0% to 10%,65.28028962251173,36.73654057987805,1.2964180642603973,Above INR 45 lacs,Var <2%,High Profit
2023-12-01,Ahmedabad,"Holt, Willis and Dunlap",Inactive,West,13723,5592089.98,1256953.83,4420433.39,1810347.88,2539252.22,1153820.54,16605.16,More than 40 lacs,More than 30%,EBITDA +ve,More than 20%,57.44351279547276,26.101977752004995,0.9172358629767887,INR 35 to 45 lacs,Var <2%,High Profit
2024-01-01,Ahmedabad,"Holt, Willis and Dunlap",Inactive,West,13072,5790348.49,1112351.84,4759939.13,1497218.76,3208319.52,1719062.44,23155.15,More than 40 lacs,0% to 10%,EBITDA -ve,10% to 20%,67.40253251936018,36.11521897760067,1.5465442070736544,Above INR 45 lacs,Var <2%,High Profit
2024-02-01,Ahmedabad,"Holt, Willis and Dunlap",Inactive,West,12623,6232917.13,1779316.84,4507193.15,1772781.37,2615804.18,1324452.6,14237.33,More than 40 lacs,0% to 10%,EBITDA +ve,10% to 20%,58.03621218229797,29.385308237788742,0.8031069279569425,Above INR 45 lacs,Var <2%,High Profit
2024-03-01,Ahmedabad,"Holt, Willis and Dunlap",Inactive,West,10547,4355968.68,750948.0,3720301.77,1449870.75,2131672.15,817507.33,25480.43,More than 40 lacs,More than 30%,EBITDA -ve,0% to 10%,57.29836668599063,21.97422092455688,1.7574276879508053,INR 35 to 45 lacs,Var <2%,High Profit
2023-10-01,Ahmedabad,Salinas-Kramer,Active,West,7819,3229704.27,751824.35,2556254.57,757229.21,1665216.14,239021.86,28017.6,INR 20 to 30 lacs,More than 30%,EBITDA -ve,10% to 20%,65.1428132214547,9.350471694217841,3.7000157455626943,INR 25 to 35 lacs,Var 3-5%,Low Profit
2023-11-01,Ahmedabad,Salinas-Kramer,Active,West,11119,4607934.48,1246077.25,3408522.44,1099458.26,2216608.91,942345.54,28281.35,INR 30 to 40 lacs,10% to 20%,EBITDA +ve,0% to 10%,65.03137206865507,27.646745960692577,2.5722986518833375,INR 25 to 35 lacs,Var 2-3%,High Profit
2023-12-01,Ahmedabad,Salinas-Kramer,Active,West,11345,4482372.76,718771.61,3835938.0,1774050.65,1923825.0,514455.99,17331.23,INR 30 to 40 lacs,More than 30%,EBITDA +ve,0% to 10%,50.15266148722945,13.411478235571064,0.9769298300474115,INR 35 to 45 lacs,Var <2%,Moderate Profit
2024-01-01,Ahmedabad,Salinas-Kramer,Active,West,14755,6628522.48,1336890.59,5371249.02,2488257.93,2775646.09,1402268.23,18562.06,More than 40 lacs,More than 30%,EBITDA -ve,More than 20%,51.675989693734216,26.106930153091284,0.7459861687248798,Above INR 45 lacs,Var <2%,High Profit
2024-02-01,Ahmedabad,Salinas-Kramer,Active,West,8053,2446454.93,519010.03,2024858.28,755212.82,1139669.19,-108316.51,22490.84,INR 20 to 30 lacs,More than 30%,EBITDA -ve,0% to 10%,56.28389903909719,-5.3493378311888575,2.978079741813705,INR 15 to 25 lacs,Var 2-3%,Loss Making
2024-03-01,Ahmedabad,Salinas-Kramer,Active,West,9298,3909722.09,1085315.38,2885665.37,904612.61,1876628.3,437321.0,15149.31,More than 40 lacs,More than 30%,EBITDA +ve,More than 20%,65.03277613232056,15.154945010134698,1.674673758969599,INR 25 to 35 lacs,Var <2%,Moderate Profit
2023-10-01,Bangalore,Sanders Ltd,Active,East,7686,3836811.32,714075.41,3194785.03,1095542.83,2031429.35,735992.93,29645.07,INR 20 to 30 lacs,10% to 20%,EBITDA -ve,0% to 10%,63.585791561067886,23.037322483009135,2.7059708838585523,INR 25 to 35 lacs,Var 2-3%,High Profit
2023-11-01,Bangalore,Sanders Ltd,Active,East,7097,2927627.55,497662.95,2520568.96,752862.86,1662304.4,27871.94,24003.73,INR 20 to 30 lacs,10% to 20%,EBITDA +ve,More than 20%,65.94957037001677,1.1057797045949498,3.1883270214710815,INR 25 to 35 lacs,Var 3-5%,Low Profit
2023-12-01,Bangalore,Sanders Ltd,Active,East,13758,4151281.8,1065106.45,3212279.3,1242292.13,1844118.41,494849.29,13759.87,INR 20 to 30 lacs,10% to 20%,EBITDA -ve,0% to 10%,57.408408104488295,15.404927273914195,1.107619509752509,INR 25 to 35 lacs,Var <2%,Moderate Profit
2024-01-01,Bangalore,Sanders Ltd,Active,East,13455,6647184.31,1592623.15,5182209.01,2466777.32,2657193.56,1340043.55,23532.56,INR 30 to 40 lacs,More than 30%,EBITDA -ve,10% to 20%,51.27530662836002,25.858539233252582,0.9539799076797091,Above INR 45 lacs,Var <2%,High Profit
2024-02-01,Bangalore,Sanders Ltd,Active,East,8885,4161183.3,958360.32,3308693.22,1022927.15,2182186.84,831791.26,25342.29,More than 40 lacs,More than 30%,EBITDA +ve,10% to 20%,65.953133001554,25.139570358837922,2.47742862236084,INR 25 to 35 lacs,Var 2-3%,High Profit
2024-03-01,Bangalore,Sanders Ltd,Active,East,11759,5635046.12,1138138.25,4624708.83,2019814.23,2524169.1,1091445.54,17999.52,INR 20 to 30 lacs,0% to 10%,EBITDA +ve,0% to 10%,54.58006531407946,23.60030825983914,0.8911473012050222,Above INR 45 lacs,Var <2%,High Profit
2023-10-01,Mumbai,Warren Ltd,Active,South,9428,3372990.33,903696.45,2582242.91,762367.33,1698036.53,274467.76,17021.5,INR 20 to 30 lacs,10% to 20%,EBITDA -ve,More than 20%,65.75820281756529,10.629044964635028,2.232716346856049,INR 25 to 35 lacs,Var 2-3%,Moderate Profit
2023-11-01,Mumbai,Warren Ltd,Active,South,14269,5330644.23,812882.91,4597692.98,1818940.21,2669139.63,1127585.51,28364.56,More than 40 lacs,More than 30%,EBITDA -ve,10% to 20%,58.05389010555463,24.525028419796747,1.5594003499433333,Above INR 45 lacs,Var <2%,High Profit
2023-12-01,Mumbai,Warren Ltd,Active,South,9947,3438544.58,878493.93,2675943.09,819890.44,1767358.07,527953.32,17007.85,More than 40 lacs,10% to 20%,EBITDA +ve,More than 20%,66.04617551862809,19.729616895552137,2.074405209554584,INR 25 to 35 lacs,Var 2-3%,Moderate Profit
2024-01-01,Mumbai,Warren Ltd,Active,South,7939,2742440.88,548232.41,2273760.34,1066882.35,1077340.16,-195864.23,17794.88,More than 40 lacs,More than 30%,EBITDA +ve,10% to 20%,47.381429830023336,-8.614110579481741,1.667932738787927,INR 15 to 25 lacs,Var <2%,Loss Making
2024-02-01,Mumbai,Warren Ltd,Active,South,8896,3064118.98,549255.73,2597516.32,877382.75,1621386.91,244568.72,18536.57,INR 20 to 30 lacs,10% to 20%,EBITDA +ve,More than 20%,62.420663058625166,9.415483480003699,2.112711926465388,INR 25 to 35 lacs,Var 2-3%,Low Profit
2024-03-01,Mumbai,Warren Ltd,Active,South,14127,5567369.47,987369.16,4617221.17,1989320.13,2481663.01,1093513.92,24699.91,INR 20 to 30 lacs,0% to 10%,EBITDA -ve,10% to 20%,53.74797781237757,23.68337750647539,1.2416257005351874,Above INR 45 lacs,Var <2%,High Profit
2023-10-01,Hyderabad,Stewart-Young,Inactive,West,11457,5449369.47,1598391.27,3925584.92,1879823.41,1977857.39,608966.58,28896.34,More than 40 lacs,10% to 20%,EBITDA +ve,0% to 10%,50.38376268268322,15.512760325154296,1.5371837506800707,INR 35 to 45 lacs,Var <2%,Moderate Profit
2023-11-01,Hyderabad,Stewart-Young,Inactive,West,12840,4601475.85,723965.08,3975831.8,1685991.96,2218847.1,815937.2,22194.04,INR 20 to 30 lacs,0% to 10%,EBITDA -ve,0% to 10%,55.80837448908176,20.522427533277437,1.3163787566341658,INR 35 to 45 lacs,Var <2%,High Profit
2023-12-01,Hyderabad,Stewart-Young,Inactive,West,12479,5225197.23,1002299.65,4283282.89,2067335.65,2089453.32,796120.61,28541.59,INR 30 to 40 lacs,More than 30%,EBITDA +ve,10% to 20%,48.78158584571098,18.586692274252286,1.3805977756925925,INR 35 to 45 lacs,Var <2%,Moderate Profit
2024-01-01,Hyderabad,Stewart-Young,Inactive,West,14327,5987494.82,1440427.09,4629309.2,1959456.76,2578428.01,1218609.15,25995.72,More than 40 lacs,More than 30%,EBITDA +ve,0% to 10%,55.69790002361474,26.323779582491486,1.3266799518454289,Above INR 45 lacs,Var <2%,High Profit
2024-02-01,Hyderabad,Stewart-Young,Inactive,West,12258,4491954.69,695103.56,3856781.98,1527459.88,2250875.98,838504.33,27373.11,INR 20 to 30 lacs,More than 30%,EBITDA +ve,More than 20%,58.361504271496315,21.741035255511125,1.792067363497626,INR 35 to 45 lacs,Var <2%,High Profit
2024-03-01,Hyderabad,Stewart-Young,Inactive,West,14052,5860027.78,1516458.34,4419517.62,1436913.19,2925001.02,1542391.53,25780.22,INR 20 to 30 lacs,0% to 10%,EBITDA -ve,10% to 20%,66.18371667449082,34.89954476072436,1.7941390043193912,INR 35 to 45 lacs,Var <2%,High Profit
2023-10-01,Hyderabad,Reyes and Sons,Active,East,11540,3647831.74,899262.32,2864382.84,1025235.37,1703015.71,457861.04,18270.57,INR 30 to 40 lacs,0% to 10%,EBITDA -ve,More than 20%,59.45489151163886,15.984631439839237,1.7820854151764196,INR 25 to 35 lacs,Var <2%,Moderate Profit
2023-11-01,Hyderabad,Reyes and Sons,Active,East,13665,5716097.43,1381142.5,4435403.37,1365140.98,3013959.78,1552726.8,25561.8,INR 20 to 30 lacs,0% to 10%,EBITDA -ve,10% to 20%,67.95232650959544,35.00756685406044,1.87246594853522,INR 35 to 45 lacs,Var <2%,High Profit
2023-12-01,Hyderabad,Reyes and Sons,Active,East,8160,3360513.65,585256.73,2848199.7,901521.66,1866191.24,601027.29,28212.07,INR 30 to 40 lacs,More than 30%,EBITDA +ve,10% to 20%,65.5217834620234,21.102006646514287,3.129383491462645,INR 25 to 35 lacs,Var 3-5%,High Profit
2024-01-01,Hyderabad,Reyes and Sons,Active,East,10768,3585824.4,1074339.43,2601606.0,810738.4,1688676.01,455349.44,28614.84,More than 40 lacs,More than 30%,EBITDA +ve,10% to 20%,64.90898352786701,17.50262876085003,3.529478805987233,INR 25 to 35 lacs,Var 3-5%,Moderate Profit
2024-02-01,Hyderabad,Reyes and Sons,Active,East,13670,5048192.6,1397323.39,3753942.23,1402589.7,2293412.23,1018140.89,19513.68,INR 30 to 40 lacs,More than 30%,EBITDA -ve,0% to 10%,61.093434301465,27.121911516469982,1.3912607514514046,INR 35 to 45 lacs,Var <2%,High Profit
2024-03-01,Hyderabad,Reyes and Sons,Active,East,12822,5080394.45,1001736.2,4195568.87,1810367.64,2309909.77,938720.28,28239.37,INR 30 to 40 lacs,More than 30%,EBITDA +ve,10% to 20%,55.05593738471989,22.3740882127386,1.559869353387249,INR 35 to 45 lacs,Var <2%,High Profit
2023-10-01,Pune,"Dorsey, Schultz and Sharp",Active,East,7467,2646309.36,712890.27,2026736.02,758697.43,1156454.25,-116980.39,14754.26,More than 40 lacs,More than 30%,EBITDA +ve,0% to 10%,57.059934722036466,-5.771861201736574,1.9446830075594164,INR 15 to 25 lacs,Var <2%,Loss Making
2023-11-01,Pune,"Dorsey, Schultz and Sharp",Active,East,8855,4096650.05,881329.39,3341742.0,1324994.47,1867036.17,380823.4,12306.25,More than 40 lacs,More than 30%,EBITDA +ve,0% to 10%,55.87014706700876,11.395954565014296,0.9287774612372534,INR 25 to 35 lacs,Var <2%,Moderate Profit
2023-12-01,Pune,"Dorsey, Schultz and Sharp",Active,East,14186,5178708.86,1321559.62,3927953.28,1224154.91,2629935.95,1227418.85,24339.23,INR 20 to 30 lacs,0% to 10%,EBITDA +ve,10% to 20%,66.95435924329529,31.248305733412394,1.9882475494870173,INR 35 to 45 lacs,Var <2%,High Profit
2024-01-01,Pune,"Dorsey, Schultz and Sharp",Active,East,10579,4391549.72,1030950.28,3478386.82,1277329.83,2053050.76,677434.91,28349.3,INR 30 to 40 lacs,10% to 20%,EBITDA +ve,0% to 10%,59.02307208029267,19.47554843828439,2.219418926433433,INR 25 to 35 lacs,Var 2-3%,Moderate Profit
2024-02-01,Pune,"Dorsey, Schultz and Sharp",Active,East,9430,4542843.9,867659.02,3767037.69,1436294.79,2262240.62,1005461.51,10712.65,INR 20 to 30 lacs,More than 30%,EBITDA -ve,0% to 10%,60.05357010378094,26.69103929246856,0.7458531545602834,INR 35 to 45 lacs,Var <2%,High Profit
2024-03-01,Pune,"Dorsey, Schultz and Sharp",Active,East,7819,3033836.85,534777.74,2597589.22,748459.2,1748642.34,406611.91,11559.49,INR 30 to 40 lacs,0% to 10%,EBITDA -ve,More than 20%,67.31789331956035,15.65343384047459,1.5444382272273494,INR 25 to 35 lacs,Var <2%,Moderate Profit
2023-10-01,Mumbai,Henderson Inc,Active,East,11472,3474842.83,912541.73,2656988.6,905372.18,1658314.61,138997.66,14039.9,More than 40 lacs,10% to 20%,EBITDA +ve,More than 20%,62.413312951361554,5.231398433549922,1.5507324291762532,INR 25 to 35 lacs,Var <2%,Low Profit
2023-11-01,Mumbai,Henderson Inc,Active,East,9353,3371141.57,949896.26,2533313.05,804528.07,1581087.66,155806.14,10438.83,More than 40 lacs,0% to 10%,EBITDA +ve,0% to 10%,62.41185470544195,6.150291611216388,1.297509731388241,INR 25 to 35 lacs,Var <2%,Low Profit
2023-12-01,Mumbai,Henderson Inc,Active,East,14412,6236296.14,1221270.51,5164262.96,2349249.71,2698056.94,1311250.1,23971.56,More than 40 lacs,0% to 10%,EBITDA -ve,0% to 10%,52.244762919663565,25.390846867333032,1.0203921659737059,Above INR 45 lacs,Var <2%,High Profit
2024-01-01,Mumbai,Henderson Inc,Active,East,11414,5046196.0,1413708.62,3676315.91,1715711.41,1848549.23,443587.56,15465.25,INR 30 to 40 lacs,10% to 20%,EBITDA -ve,10% to 20%,50.282654571978824,12.066089282300007,0.901389937134008,INR 35 to 45 lacs,Var <2%,Moderate Profit
2024-02-01,Mumbai,Henderson Inc,Active,East,13230,4150243.26,753334.8,3509807.75,1298615.3,2062062.04,532293.67,29868.33,INR 20 to 30 lacs,More than 30%,EBITDA -ve,0% to 10%,58.75142420549958,15.165892490835148,2.300013714608168,INR 35 to 45 lacs,Var 2-3%,Moderate Profit
2024-03-01,Mumbai,Henderson Inc,Active,East,9161,4109764.09,925585.09,3267073.21,1463121.73,1665389.3,324779.91,20353.67,INR 30 to 40 lacs,0% to 10%,EBITDA -ve,More than 20%,50.974961164093415,9.941004964501545,1.3911125494664067,INR 25 to 35 lacs,Var <2%,Low Profit
2023-10-01,Mumbai,Baker Ltd,Inactive,South,7490,2598508.5,686088.3,1991000.8,608893.53,1254149.15,-60147.76,10328.13,INR 30 to 40 lacs,More than 30%,EBITDA -ve,0% to 10%,62.990891314558986,-3.0209812070391933,1.6962128009473183,INR 15 to 25 lacs,Var <2%,Loss Making
2023-11-01,Mumbai,Baker Ltd,Inactive,South,10927,3725110.36,840210.02,2963166.2,944505.64,1942054.34,628561.94,24919.3,More than 40 lacs,More than 30%,EBITDA +ve,0% to 10%,65.53983843363224,21.21251045587655,2.6383431654256717,INR 25 to 35 lacs,Var 2-3%,High Profit
2023-12-01,Mumbai,Baker Ltd,Inactive,South,9278,3366085.7,564765.7,2843206.56,1376053.62,1350762.93,79282.56,14314.47,INR 20 to 30 lacs,10% to 20%,EBITDA +ve,0% to 10%,47.50843463163647,2.788491033869871,1.0402552481930172,INR 25 to 35 lacs,Var <2%,Low Profit
2024-01-01,Mumbai,Baker Ltd,Inactive,South,7529,2486334.34,714099.49,1869786.8,731935.94,1060763.45,-345437.17,21162.78,More than 40 lacs,10% to 20%,EBITDA +ve,10% to 20%,56.73178621220344,-18.47468224719524,2.891343195963297,INR 15 to 25 lacs,Var 2-3%,Loss Making
2024-02-01,Mumbai,Baker Ltd,Inactive,South,12156,5823781.82,940214.82,4951188.58,2429219.42,2433711.79,1140851.19,20868.59,INR 20 to 30 lacs,More than 30%,EBITDA -ve,More than 20%,49.154092005923964,23.041966016168182,0.8590656664518186,Above INR 45 lacs,Var <2%,High Profit
2024-03-01,Mumbai,Baker Ltd,Inactive,South,12148,4363042.98,664845.56,3757579.27,1637559.32,2061095.66,592605.13,28971.18,More than 40 lacs,10% to 20%,EBITDA +ve,0% to 10%,54.851688065651906,15.7709282338041,1.7691682766032562,INR 35 to 45 lacs,Var <2%,Moderate Profit
2023-10-01,Hyderabad,Moore PLC,Inactive,South,7531,3539241.19,954376.17,2687472.6,1146150.72,1402937.45,-1371.5,24159.43,INR 30 to 40 lacs,0% to 10%,EBITDA +ve,More than 20%,52.20285594725691,-0.05103307843957181,2.107875480809365,INR 25 to 35 lacs,Var 2-3%,Loss Making
2023-11-01,Hyderabad,Moore PLC,Inactive,South,7148,3456426.64,763315.86,2789383.23,1201878.6,1517311.26,197880.68,20860.48,INR 30 to 40 lacs,0% to 10%,EBITDA +ve,0% to 10%,54.395941141440076,7.094065737249018,1.735656163609203,INR 25 to 35 lacs,Var <2%,Low Profit
2023-12-01,Hyderabad,Moore PLC,Inactive,South,10023,4603648.23,1000623.14,3703189.51,1181896.6,2380613.97,956526.52,10857.74,More than 40 lacs,10% to 20%,EBITDA -ve,10% to 20%,64.28550209411239,25.82980205082726,0.9186708888070241,INR 35 to 45 lacs,Var <2%,High Profit
2024-01-01,Hyderabad,Moore PLC,Inactive,South,8716,2955200.1,515233.17,2510841.84,803525.15,1650480.44,496241.26,23031.0,More than 40 lacs,0% to 10%,EBITDA +ve,More than 20%,65.73414596277398,19.76393941244822,2.8662450702383118,INR 25 to 35 lacs,Var 2-3%,Moderate Profit
2024-02-01,Hyderabad,Moore PLC,Inactive,South,14771,6687270.79,1580336.06,5216296.83,2268921.85,2887952.17,1255057.28,15914.48,INR 20 to 30 lacs,More than 30%,EBITDA -ve,0% to 10%,55.3640305396501,24.060311767189063,0.7014115536857296,Above INR 45 lacs,Var <2%,High Profit
2024-03-01,Hyderabad,Moore PLC,Inactive,South,7729,3792254.47,1126572.53,2824041.27,890723.99,1806931.5,441116.08,22298.89,More than 40 lacs,More than 30%,EBITDA +ve,10% to 20%,63.98389142521278,15.62002951890289,2.5034567666691,INR 25 to 35 lacs,Var 2-3%,Moderate Profit
2023-10-01,Pune,Harrison-Mora,Inactive,South,14081,5075014.31,1005027.95,4180933.35,1271326.49,2765699.94,1457005.72,17729.59,INR 30 to 40 lacs,10% to 20%,EBITDA -ve,More than 20%,66.15029966933102,34.848814798733876,1.394574103462597,INR 35 to 45 lacs,Var <2%,High Profit
2023-11-01,Pune,Harrison-Mora,Inactive,South,7174,2503358.61,468419.81,2115558.93,929933.09,1106159.13,-229107.46,14768.25,More than 40 lacs,10% to 20%,EBITDA -ve,10% to 20%,52.286850265144814,-10.829642074777846,1.5880981286513849,INR 15 to 25 lacs,Var <2%,Loss Making
2023-12-01,Pune,Harrison-Mora,Inactive,South,14510,6470692.42,1766638.86,4789319.81,1780978.97,2945684.34,1672232.99,28532.43,INR 30 to 40 lacs,0% to 10%,EBITDA +ve,0% to 10%,61.505275422398654,34.91587649896364,1.6020643972006026,Above INR 45 lacs,Var <2%,High Profit
2024-01-01,Pune,Harrison-Mora,Inactive,South,8665,3889730.69,886980.58,3134951.25,1020926.52,2063195.55,724033.54,16868.63,INR 20 to 30 lacs,More than 30%,EBITDA +ve,0% to 10%,65.81268369005738,23.095527881015695,1.6522863956947655,INR 25 to 35 lacs,Var <2%,High Profit
2024-02-01,Pune,Harrison-Mora,Inactive,South,12635,5241671.92,856781.32,4489571.13,1587504.36,2800839.89,1394933.81,11373.69,INR 20 to 30 lacs,0% to 10%,EBITDA -ve,10% to 20%,62.3854664265003,31.070535906622332,0.7164509456843319,INR 35 to 45 lacs,Var <2%,High Profit
2024-03-01,Pune,Harrison-Mora,Inactive,South,12518,5123051.14,815960.42,4390719.87,1715732.61,2574468.14,1131158.51,28026.35,INR 30 to 40 lacs,10% to 20%,EBITDA +ve,More than 20%,58.63430636033722,25.76248413679828,1.6334917129074094,INR 35 to 45 lacs,Var <2%,High Profit
2023-10-01,Mumbai,Keller Group,Inactive,South,7755,2738787.66,449236.09,2373835.13,926637.54,1387586.58,136830.93,15002.68,INR 30 to 40 lacs,10% to 20%,EBITDA -ve,0% to 10%,58.45336782087306,5.764129457465734,1.6190451338718697,INR 15 to 25 lacs,Var <2%,Low Profit
2023-11-01,Mumbai,Keller Group,Inactive,South,13765,4692718.02,712339.59,4110664.01,1391427.0,2649929.78,1290570.68,25621.96,INR 20 to 30 lacs,0% to 10%,EBITDA -ve,More than 20%,64.46476222706413,31.39567419911802,1.8414160426669886,INR 35 to 45 lacs,Var <2%,High Profit
2023-12-01,Mumbai,Keller Group,Inactive,South,12428,4520863.7,1215631.93,3373770.13,1611025.62,1641940.28,344090.04,24205.65,More than 40 lacs,More than 30%,EBITDA +ve,0% to 10%,48.667817211364074,10.198977012106038,1.5024993829707065,INR 25 to 35 lacs,Var <2%,Moderate Profit
2024-01-01,Mumbai,Keller Group,Inactive,South,7859,3296920.25,700186.73,2699532.78,809907.56,1765853.15,525758.85,28064.47,INR 30 to 40 lacs,0% to 10%,EBITDA +ve,More than 20%,65.41328792458671,19.475920199791016,3.465144837023129,INR 25 to 35 lacs,Var 3-5%,Moderate Profit
2024-02-01,Mumbai,Keller Group,Inactive,South,10772,3648325.5,591506.26,3097853.77,1063999.95,1970599.41,527391.89,29226.02,INR 20 to 30 lacs,10% to 20%,EBITDA -ve,More than 20%,63.61176337900546,17.024428173702983,2.7468065200566976,INR 25 to 35 lacs,Var 2-3%,Moderate Profit
2024-03-01,Mumbai,Keller Group,Inactive,South,13467,5982810.5,1286320.3,4800850.33,2247225.28,2455301.43,1012050.36,24900.73,INR 20 to 30 lacs,More than 30%,EBITDA -ve,10% to 20%,51.14305302660831,21.080648019285366,1.1080655874430179,Above INR 45 lacs,Var <2%,High Profit
2023-10-01,Pune,Moore-Bentley,Inactive,West,14074,5055973.15,1183592.54,3974915.65,1588142.73,2237827.71,879422.27,11590.34,INR 30 to 40 lacs,More than 30%,EBITDA +ve,0% to 10%,56.29874711932567,22.124300172256486,0.7298046819759079,INR 35 to 45 lacs,Var <2%,High Profit
2023-11-01,Pune,Moore-Bentley,Inactive,West,14570,7053886.12,1572124.32,5531964.55,1991410.42,3423693.89,2130593.28,18202.99,INR 30 to 40 lacs,0% to 10%,EBITDA +ve,0% to 10%,61.88929554872148,38.51422511375276,0.9140752612914419,Above INR 45 lacs,Var <2%,High Profit
2023-12-01,Pune,Moore-Bentley,Inactive,West,14716,5238712.85,1212299.49,4131842.4,1852714.29,2219175.87,836701.73,29406.79,INR 20 to 30 lacs,0% to 10%,EBITDA +ve,0% to 10%,53.70911218685398,20.250088193102428,1.587227461823053,INR 35 to 45 lacs,Var <2%,High Profit
2024-01-01,Pune,Moore-Bentley,Inactive,West,12801,5275798.55,1138386.42,4187086.63,2063018.37,2072540.88,723592.55,21698.42,INR 20 to 30 lacs,10% to 20%,EBITDA -ve,More than 20%,49.49839979785658,17.281528039461655,1.0517802611714018,INR 35 to 45 lacs,Var <2%,Moderate Profit
2024-02-01,Pune,Moore-Bentley,Inactive,West,8338,3864847.32,769067.64,3171941.25,1358625.73,1668475.5,167367.22,22372.83,More than 40 lacs,More than 30%,EBITDA +ve,More than 20%,52.601084588183966,5.276491801353508,1.6467250329492877,INR 25 to 35 lacs,Var <2%,Low Profit
2024-03-01,Pune,Moore-Bentley,Inactive,West,14075,5121531.24,1263972.86,3997067.02,1812628.99,2085449.39,798252.16,23484.81,More than 40 lacs,10% to 20%,EBITDA +ve,0% to 10%,52.17449143497224,19.97094759747111,1.2956214498147247,INR 35 to 45 lacs,Var <2%,Moderate Profit
2023-10-01,Ahmedabad,Perkins-Williams,Inactive,South,10404,4822537.69,1067234.93,3863382.45,1200301.81,2536217.69,1312234.05,15351.15,INR 20 to 30 lacs,0% to 10%,EBITDA -ve,0% to 10%,65.64759567099033,33.96593702495076,1.2789408357219756,INR 35 to 45 lacs,Var <2%,High Profit
2023-11-01,Ahmedabad,Perkins-Williams,Inactive,South,13332,4173557.15,1080538.57,3188225.94,1243150.85,1808373.58,479858.63,28459.62,INR 20 to 30 lacs,10% to 20%,EBITDA +ve,0% to 10%,56.72037095338357,15.050960597855244,2.289313481143499,INR 25 to 35 lacs,Var 2-3%,Moderate Profit
2023-12-01,Ahmedabad,Perkins-Williams,Inactive,South,14850,4609086.0,955741.8,3742602.68,1478209.03,2133393.13,649091.61,22839.68,More than 40 lacs,10% to 20%,EBITDA -ve,10% to 20%,57.00292850749521,17.34332135945566,1.5450913596435003,INR 35 to 45 lacs,Var <2%,Moderate Profit
2024-01-01,Ahmedabad,Perkins-Williams,Inactive,South,9674,4696284.79,769529.02,4012225.04,1176390.14,2762626.99,1374342.04,18996.47,INR 20 to 30 lacs,10% to 20%,EBITDA -ve,0% to 10%,68.85523524871876,34.253862290835016,1.6148103723480718,INR 35 to 45 lacs,Var <2%,High Profit
2024-02-01,Ahmedabad,Perkins-Williams,Inactive,South,10702,4490776.27,1322094.66,3221248.86,1134968.94,1999245.13,557911.84,27703.31,INR 30 to 40 lacs,0% to 10%,EBITDA +ve,10% to 20%,62.06428676857956,17.319737289716883,2.4408870607507556,INR 25 to 35 lacs,Var 2-3%,Moderate Profit
2024-03-01,Ahmedabad,Perkins-Williams,Inactive,South,10008,4039320.64,664039.19,3444711.82,1627148.84,1733824.9,505881.19,29056.49,INR 30 to 40 lacs,10% to 20%,EBITDA +ve,0% to 10%,50.33294483252303,14.685733275650328,1.7857303084824128,INR 25 to 35 lacs,Var <2%,Moderate Profit
2023-10-01,Hyderabad,"Russell, Ortiz and Cole",Inactive,South,14746,5209035.37,797436.56,4496013.0,1606308.91,2816642.11,1350770.68,10397.74,INR 30 to 40 lacs,10% to 20%,EBITDA -ve,0% to 10%,62.64755262051066,30.043744980274745,0.6473063764553233,INR 35 to 45 lacs,Var <2%,High Profit
2023-11-01,Hyderabad,"Russell, Ortiz and Cole",Inactive,South,12737,6317804.46,1461592.54,4924588.96,2410829.13,2387781.22,1101895.27,29443.64,INR 20 to 30 lacs,10% to 20%,EBITDA -ve,0% to 10%,48.48691412409779,22.37537546686942,1.2213076253977404,Above INR 45 lacs,Var <2%,High Profit
2023-12-01,Hyderabad,"Russell, Ortiz and Cole",Inactive,South,7303,2368307.78,561003.54,1907692.86,800579.43,1005575.98,-356638.52,16768.67,INR 30 to 40 lacs,0% to 10%,EBITDA +ve,More than 20%,52.71162885203648,-18.694755716598948,2.0945666815346478,INR 15 to 25 lacs,Var 2-3%,Loss Making
2024-01-01,Hyderabad,"Russell, Ortiz and Cole",Inactive,South,9023,4464146.05,1135096.89,3444742.17,1192081.24,2174554.42,772127.75,22889.05,More than 40 lacs,0% to 10%,EBITDA -ve,More than 20%,63.126768642890916,22.414674651833234,1.9200914528274933,INR 25 to 35 lacs,Var <2%,High Profit
2024-02-01,Hyderabad,"Russell, Ortiz and Cole",Inactive,South,14979,5397586.4,1058839.54,4424446.18,1367958.72,2948434.8,1519173.88,29227.24,INR 30 to 40 lacs,10% to 20%,EBITDA -ve,10% to 20%,66.63963533623546,34.335910489027576,2.1365586236403393,INR 35 to 45 lacs,Var 2-3%,High Profit
2024-03-01,Hyderabad,"Russell, Ortiz and Cole",Inactive,South,10526,4927198.61,874753.48,4081173.6,1456916.41,2550654.43,1188478.64,16948.77,More than 40 lacs,More than 30%,EBITDA -ve,10% to 20%,62.498062567100796,29.121001860837282,1.163331669797034,INR 35 to 45 lacs,Var <2%,High Profit
2023-10-01,Mumbai,"Cross, Cordova and Cobb",Active,South,9620,3085078.92,718801.68,2497984.05,1041266.1,1333347.02,-33650.05,26172.61,INR 30 to 40 lacs,More than 30%,EBITDA +ve,0% to 10%,53.376922883074464,-1.3470882650351592,2.5135371256204344,INR 15 to 25 lacs,Var 2-3%,Loss Making
2023-11-01,Mumbai,"Cross, Cordova and Cobb",Active,South,14636,4817312.39,946795.99,3964960.79,1887974.23,1996961.68,571956.91,15885.01,INR 30 to 40 lacs,0% to 10%,EBITDA -ve,More than 20%,50.36523148063716,14.425285401119945,0.8413785393670336,INR 35 to 45 lacs,Var <2%,Moderate Profit
2023-12-01,Mumbai,"Cross, Cordova and Cobb",Active,South,7284,2569903.06,472349.2,2209329.11,649720.53,1436112.51,183317.23,17397.23,INR 30 to 40 lacs,More than 30%,EBITDA +ve,0% to 10%,65.00219924228492,8.297416132809657,2.6776481882140923,INR 15 to 25 lacs,Var 2-3%,Low Profit
2024-01-01,Mumbai,"Cross, Cordova and Cobb",Active,South,12597,5772310.63,1124904.0,4724706.35,2124384.61,2477864.23,1044023.68,18615.71,INR 20 to 30 lacs,0% to 10%,EBITDA +ve,10% to 20%,52.44483035437748,22.097112553883907,0.8762871804084478,Above INR 45 lacs,Var <2%,High Profit
2024-02-01,Mumbai,"Cross, Cordova and Cobb",Active,South,9530,3253329.11,970721.28,2413526.0,985144.89,1330919.96,25858.1,20112.21,More than 40 lacs,More than 30%,EBITDA +ve,0% to 10%,55.14421472981853,1.0713826990055213,2.04154842644517,INR 15 to 25 lacs,Var 2-3%,Low Profit
2024-03-01,Mumbai,"Cross, Cordova and Cobb",Active,South,13693,4165355.81,872074.12,3331989.96,1514988.1,1737772.38,521887.29,23949.94,More than 40 lacs,10% to 20%,EBITDA -ve,0% to 10%,52.15419016448657,15.662931049167986,1.5808665427801047,INR 25 to 35 lacs,Var <2%,Moderate Profit
2023-10-01,Pune,Harris-Randall,Inactive,South,12659,4668578.43,1226544.25,3519674.76,1527312.62,1877401.66,410855.09,18870.18,More than 40 lacs,More than 30%,EBITDA -ve,More than 20%,53.3402029453426,11.67309817001387,1.235515228048073,INR 35 to 45 lacs,Var <2%,Moderate Profit
2023-11-01,Pune,Harris-Randall,Inactive,South,9391,3953882.94,1093887.87,2953122.4,1005960.48,1862705.1,544083.93,18620.87,INR 20 to 30 lacs,More than 30%,EBITDA -ve,More than 20%,63.075783787356734,18.424022316176263,1.8510538306634072,INR 25 to 35 lacs,Var <2%,Moderate Profit
2023-12-01,Pune,Harris-Randall,Inactive,South,12590,4910851.94,973733.29,4009449.92,1349437.34,2532784.92,1227468.56,10994.37,More than 40 lacs,0% to 10%,EBITDA +ve,10% to 20%,63.17038423066275,30.614388120353432,0.8147373482343389,INR 35 to 45 lacs,Var <2%,High Profit
2024-01-01,Pune,Harris-Randall,Inactive,South,7514,2498384.2,733204.99,1882655.52,622555.71,1141005.62,-331718.21,27472.64,More than 40 lacs,10% to 20%,EBITDA +ve,10% to 20%,60.60618142186735,-17.619697627954796,4.412880575780117,INR 15 to 25 lacs,Var 3-5%,Loss Making
2024-02-01,Pune,Harris-Randall,Inactive,South,10306,3646918.59,816021.23,2883791.31,1282524.03,1493115.7,137366.32,25554.13,INR 20 to 30 lacs,0% to 10%,EBITDA +ve,0% to 10%,51.776135631673014,4.763393229033622,1.9924874234130336,INR 25 to 35 lacs,Var <2%,Low Profit
2024-03-01,Pune,Harris-Randall,Inactive,South,9974,3892908.48,1033039.96,2920607.54,1205523.84,1604305.93,190652.32,16066.46,More than 40 lacs,0% to 10%,EBITDA +ve,More than 20%,54.930554962547276,6.527830849878584,1.3327368125710395,INR 25 to 35 lacs,Var <2%,Low Profit
2023-10-01,Bangalore,"Harris, Miller and Copeland",Inactive,West,10845,4948959.41,1144601.44,3893919.66,1839854.58,1950846.45,679682.55,16559.97,More than 40 lacs,0% to 10%,EBITDA +ve,10% to 20%,50.099812536964365,17.4549710663522,0.9000695044061581,INR 35 to 45 lacs,Var <2%,Moderate Profit
2023-11-01,Bangalore,"Harris, Miller and Copeland",Inactive,West,13215,5511316.15,1027473.0,4554190.2,2177813.69,2226625.94,804049.82,27142.32,More than 40 lacs,0% to 10%,EBITDA -ve,0% to 10%,48.89180825166239,17.655165565988,1.2463104683670163,Above INR 45 lacs,Var <2%,Moderate Profit
2023-12-01,Bangalore,"Harris, Miller and Copeland",Inactive,West,8265,3238331.42,954262.03,2341179.77,1123438.31,1086348.97,-265256.02,29173.15,INR 20 to 30 lacs,0% to 10%,EBITDA +ve,0% to 10%,46.401775033277346,-11.330015037674789,2.596773649280306,INR 15 to 25 lacs,Var 2-3%,Loss Making
2024-01-01,Bangalore,"Harris, Miller and Copeland",Inactive,West,14253,5873409.05,945907.6,5035896.29,2036445.43,2932552.72,1465311.09,17827.81,More than 40 lacs,10% to 20%,EBITDA +ve,10% to 20%,58.23298477816746,29.097324599589804,0.8754376492180299,Above INR 45 lacs,Var <2%,High Profit
2024-02-01,Bangalore,"Harris, Miller and Copeland",Inactive,West,8476,2870494.5,549734.53,2411803.18,1121539.67,1211691.55,-45024.04,28047.38,More than 40 lacs,More than 30%,EBITDA -ve,More than 20%,50.2400676824715,-1.8668206582263485,2.500792504290107,INR 15 to 25 lacs,Var 2-3%,Loss Making
2024-03-01,Bangalore,"Harris, Miller and Copeland",Inactive,West,13238,6377674.91,1394383.39,5030644.93,1962632.5,2974690.57,1706738.98,13242.19,INR 20 to 30 lacs,10% to 20%,EBITDA -ve,10% to 20%,59.131395902354015,33.926842457553455,0.6747157198303809,Above INR 45 lacs,Var <2%,High Profit
2023-10-01,Pune,Stafford-Walker,Inactive,South,10315,4693402.21,1326682.59,3458240.21,1069231.88,2327729.07,970054.71,20662.73,More than 40 lacs,10% to 20%,EBITDA -ve,0% to 10%,67.3096409922317,28.05053007003235,1.9324835320099136,INR 25 to 35 lacs,Var <2%,High Profit
2023-11-01,Pune,Stafford-Walker,Inactive,South,11721,4524775.07,782181.72,3833724.99,1297037.77,2467099.9,1016162.76,23500.1,More than 40 lacs,More than 30%,EBITDA -ve,0% to 10%,64.35255284182499,26.50588559822597,1.8118285021106209,INR 35 to 45 lacs,Var <2%,High Profit
2023-12-01,Pune,Stafford-Walker,Inactive,South,10119,4888651.92,1372059.75,3597620.69,1592569.04,1910222.8,523607.99,24473.93,More than 40 lacs,More than 30%,EBITDA +ve,10% to 20%,53.09683717657294,14.554285599241426,1.5367578663968,INR 35 to 45 lacs,Var <2%,Moderate Profit
2024-01-01,Pune,Stafford-Walker,Inactive,South,14964,4535216.17,1152855.65,3489367.65,1441308.26,1899829.55,551362.27,28909.01,INR 30 to 40 lacs,More than 30%,EBITDA -ve,0% to 10%,54.44624185703103,15.801208852268692,2.0057478890740557,INR 25 to 35 lacs,Var 2-3%,Moderate Profit
2024-02-01,Pune,Stafford-Walker,Inactive,South,9638,3153105.83,852587.06,2393965.69,718820.11,1619588.29,452544.64,26771.32,INR 20 to 30 lacs,More than 30%,EBITDA +ve,More than 20%,67.65294493422753,18.90355579824538,3.7243421027828507,INR 15 to 25 lacs,Var 3-5%,Moderate Profit
2024-03-01,Pune,Stafford-Walker,Inactive,South,10762,3435755.85,756016.58,2722244.56,874141.4,1717765.4,533852.78,16838.6,More than 40 lacs,10% to 20%,EBITDA +ve,0% to 10%,63.10106833311111,19.610757528706387,1.926301625801043,INR 25 to 35 lacs,Var <2%,Moderate Profit
2023-10-01,Hyderabad,Kelley-Mills,Active,East,10869,3805247.48,967439.29,2899237.98,1256635.9,1506654.03,226554.77,29020.75,More than 40 lacs,More than 30%,EBITDA +ve,10% to 20%,51.967242440718856,7.814286773381742,2.309400041810042,INR 25 to 35 lacs,Var 2-3%,Low Profit
2023-11-01,Hyderabad,Kelley-Mills,Active,East,8613,2642692.17,454867.26,2322762.92,745192.78,1460788.68,81939.67,28832.62,INR 20 to 30 lacs,10% to 20%,EBITDA +ve,0% to 10%,62.89013258400043,3.5276811634310055,3.8691491348050904,INR 15 to 25 lacs,Var 3-5%,Low Profit
2023-12-01,Hyderabad,Kelley-Mills,Active,East,11987,3655031.96,892878.33,2846773.41,924579.48,1786277.03,382290.42,29361.03,INR 30 to 40 lacs,10% to 20%,EBITDA +ve,More than 20%,62.74742568991467,13.428902302414015,3.1756090887935344,INR 25 to 35 lacs,Var 3-5%,Moderate Profit
2024-01-01,Hyderabad,Kelley-Mills,Active,East,12261,3728880.63,565550.07,3215550.55,1208024.85,1909558.98,483268.23,16606.96,INR 20 to 30 lacs,More than 30%,EBITDA -ve,10% to 20%,59.385133286117984,15.029097583304981,1.3747200647403899,INR 25 to 35 lacs,Var <2%,Moderate Profit
2024-02-01,Hyderabad,Kelley-Mills,Active,East,12689,4288473.69,889427.42,3464603.64,1390727.76,1948252.49,512142.03,16782.86,INR 20 to 30 lacs,10% to 20%,EBITDA +ve,0% to 10%,56.233055565340216,14.782124687717523,1.2067681743837486,INR 25 to 35 lacs,Var <2%,Moderate Profit
2024-03-01,Hyderabad,Kelley-Mills,Active,East,12945,5063390.25,1150797.43,3981833.69,1664553.65,2249506.42,1003165.3,11862.19,More than 40 lacs,0% to 10%,EBITDA -ve,10% to 20%,56.49423343946843,25.193550964204135,0.7126348856343562,INR 35 to 45 lacs,Var <2%,High Profit
2023-10-01,Ahmedabad,"Bush, Ortiz and Williams",Active,West,8525,2648886.11,628120.91,2105679.43,827798.37,1193377.76,-214498.8,27528.9,INR 30 to 40 lacs,10% to 20%,EBITDA -ve,0% to 10%,56.67423744553557,-10.186678795641747,3.32555619794226,INR 15 to 25 lacs,Var 3-5%,Loss Making
2023-11-01,Ahmedabad,"Bush, Ortiz and Williams",Active,West,10597,5190498.51,1124365.41,4145756.36,1571563.28,2463489.86,1044046.29,15439.14,INR 30 to 40 lacs,10% to 20%,EBITDA -ve,10% to 20%,59.42196419859077,25.183493658078838,0.9824065118141472,INR 35 to 45 lacs,Var <2%,High Profit
2023-12-01,Ahmedabad,"Bush, Ortiz and Williams",Active,West,11876,5780258.34,1384660.64,4488050.28,2146814.49,2195612.09,676323.2,10504.7,More than 40 lacs,10% to 20%,EBITDA +ve,10% to 20%,48.92128993706371,15.069421191956875,0.4893156837226303,INR 35 to 45 lacs,Var <2%,Moderate Profit
2024-01-01,Ahmedabad,"Bush, Ortiz and Williams",Active,West,14514,5718062.64,1107690.21,4683713.37,2261291.95,2319290.94,1043850.57,25256.58,More than 40 lacs,More than 30%,EBITDA +ve,0% to 10%,49.51820824167982,22.286815770709726,1.1169092960331815,Above INR 45 lacs,Var <2%,High Profit
2024-02-01,Ahmedabad,"Bush, Ortiz and Williams",Active,West,14827,5148805.06,1484617.84,3765096.85,1240380.6,2456797.22,1040669.42,26886.53,INR 30 to 40 lacs,0% to 10%,EBITDA +ve,10% to 20%,65.25189969548858,27.639911042394566,2.1676032340396163,INR 35 to 45 lacs,Var 2-3%,High Profit
2024-03-01,Ahmedabad,"Bush, Ortiz and Williams",Active,West,10065,3946887.11,992771.67,3034252.05,1138735.01,1768075.87,428279.82,22461.87,INR 20 to 30 lacs,10% to 20%,EBITDA -ve,0% to 10%,58.27056687660473,14.114839932298967,1.9725282706465657,INR 25 to 35 lacs,Var <2%,Moderate Profit
2023-10-01,Ahmedabad,Beck-Huff,Active,East,13090,4767607.75,966485.96,3875592.45,1807308.83,1995567.66,642029.66,16850.36,INR 30 to 40 lacs,0% to 10%,EBITDA +ve,More than 20%,51.490647836306934,16.565974577641672,0.9323453590386098,INR 35 to 45 lacs,Var <2%,Moderate Profit
2023-11-01,Ahmedabad,Beck-Huff,Active,East,13099,5765935.33,985511.93,4877257.68,2254642.69,2572470.27,1286989.41,20392.14,INR 20 to 30 lacs,10% to 20%,EBITDA -ve,More than 20%,52.74419435636626,26.38756232375239,0.9044510729103599,Above INR 45 lacs,Var <2%,High Profit
2023-12-01,Ahmedabad,Beck-Huff,Active,East,10960,3584450.46,693725.07,2963876.17,1321258.22,1556845.95,365793.68,11514.04,INR 20 to 30 lacs,10% to 20%,EBITDA +ve,More than 20%,52.52736149229879,12.341732886903976,0.8714450987483734,INR 25 to 35 lacs,Var <2%,Moderate Profit
2024-01-01,Ahmedabad,Beck-Huff,Active,East,9050,3894003.54,668423.95,3312663.76,985482.07,2204589.45,840804.68,24806.57,INR 30 to 40 lacs,0% to 10%,EBITDA +ve,0% to 10%,66.55035372500348,25.38152800633168,2.5172015559856913,INR 25 to 35 lacs,Var 2-3%,High Profit
2024-02-01,Ahmedabad,Beck-Huff,Active,East,13438,4143911.54,811461.25,3395655.81,1418308.48,1857285.1,413879.32,28224.83,INR 30 to 40 lacs,0% to 10%,EBITDA +ve,10% to 20%,54.69591748758541,12.188494451680013,1.9900346361885959,INR 25 to 35 lacs,Var <2%,Moderate Profit
2024-03-01,Ahmedabad,Beck-Huff,Active,East,11870,3991056.29,1144919.3,2911756.77,1225295.03,1575819.09,219177.53,12509.31,More than 40 lacs,More than 30%,EBITDA -ve,More than 20%,54.119186953929535,7.527329626505856,1.0209222835091398,INR 25 to 35 lacs,Var <2%,Low Profit
2023-10-01,Mumbai,"Kaufman, Tate and Williams",Active,East,14766,4647992.75,888695.34,3826859.93,1566639.31,2193556.6,890873.42,25773.86,INR 20 to 30 lacs,0% to 10%,EBITDA -ve,More than 20%,57.32001275520946,23.279488570149994,1.6451687274462685,INR 35 to 45 lacs,Var <2%,High Profit
2023-11-01,Mumbai,"Kaufman, Tate and Williams",Active,East,9966,3092480.15,566489.17,2654281.0,787077.8,1758556.42,322302.8,22612.75,More than 40 lacs,10% to 20%,EBITDA +ve,0% to 10%,66.25358882499629,12.14275353664514,2.8730006106130803,INR 25 to 35 lacs,Var 2-3%,Moderate Profit
2023-12-01,Mumbai,"Kaufman, Tate and Williams",Active,East,14154,6498409.74,1517778.5,5122757.12,2014420.21,3051127.0,1796795.72,18590.91,INR 30 to 40 lacs,0% to 10%,EBITDA -ve,0% to 10%,59.560251023573805,35.074778637953465,0.9228913564166435,Above INR 45 lacs,Var <2%,High Profit
2024-01-01,Mumbai,"Kaufman, Tate and Williams",Active,East,7279,3233683.05,701284.79,2578372.4,922981.56,1521592.09,274646.32,11012.96,INR 30 to 40 lacs,More than 30%,EBITDA -ve,0% to 10%,59.01366652854336,10.65192599796678,1.1931939355321464,INR 25 to 35 lacs,Var <2%,Moderate Profit
2024-02-01,Mumbai,"Kaufman, Tate and Williams",Active,East,8713,4164897.49,846900.77,3427686.18,1556069.99,1731528.83,403743.42,20079.17,INR 20 to 30 lacs,0% to 10%,EBITDA +ve,0% to 10%,50.515967304801514,11.778891030216773,1.290377047885873,INR 25 to 35 lacs,Var <2%,Moderate Profit
2024-03-01,Mumbai,"Kaufman, Tate and Williams",Active,East,8958,4257718.2,918369.7,3458612.69,1570942.56,1771098.51,511324.38,29097.2,More than 40 lacs,10% to 20%,EBITDA +ve,10% to 20%,51.20835053664249,14.784089050456817,1.8522128523909875,INR 25 to 35 lacs,Var <2%,Moderate Profit
2023-10-01,Ahmedabad,"Wolf, Quinn and Johnson",Inactive,East,9658,3194274.67,496851.39,2836799.75,1193330.3,1500627.38,89666.49,27651.06,INR 30 to 40 lacs,10% to 20%,EBITDA -ve,0% to 10%,52.898600967516295,3.160832554359891,2.317133822882064,INR 25 to 35 lacs,Var 2-3%,Low Profit
2023-11-01,Ahmedabad,"Wolf, Quinn and Johnson",Inactive,East,10642,3473940.28,681408.88,2908069.62,1261409.48,1562424.99,285882.86,10450.34,More than 40 lacs,More than 30%,EBITDA -ve,0% to 10%,53.72722094596896,9.830674548981396,0.8284653132621137,INR 25 to 35 lacs,Var <2%,Low Profit
2023-12-01,Ahmedabad,"Wolf, Quinn and Johnson",Inactive,East,12632,3817507.52,844943.95,3024205.17,1261183.69,1702257.24,246491.52,12445.06,INR 30 to 40 lacs,10% to 20%,EBITDA -ve,0% to 10%,56.287756428906576,8.150621606139243,0.9867761610523206,INR 25 to 35 lacs,Var <2%,Low Profit
2024-01-01,Ahmedabad,"Wolf, Quinn and Johnson",Inactive,East,9028,4217175.08,1141488.85,3149689.41,1328564.75,1671390.53,342321.38,17594.1,INR 30 to 40 lacs,0% to 10%,EBITDA -ve,10% to 20%,53.06524905895403,10.868417022743838,1.3242937538422572,INR 25 to 35 lacs,Var <2%,Moderate Profit
2024-02-01,Ahmedabad,"Wolf, Quinn and Johnson",Inactive,East,10556,3720842.18,881853.44,2893550.18,1023360.85,1784189.45,337467.71,18160.86,INR 30 to 40 lacs,10% to 20%,EBITDA +ve,10% to 20%,61.66091268546792,11.662756441293167,1.7746291545157313,INR 25 to 35 lacs,Var <2%,Moderate Profit
2024-03-01,Ahmedabad,"Wolf, Quinn and Johnson",Inactive,East,10023,3024990.62,897705.02,2244424.36,952298.85,1185885.71,-33927.83,28731.52,More than 40 lacs,0% to 10%,EBITDA +ve,More than 20%,52.836964842067566,-1.5116495171171642,3.0170696940356487,INR 15 to 25 lacs,Var 3-5%,Loss Making
2023-10-01,Ahmedabad,Perez and Sons,Inactive,West,12365,4979123.54,798928.76,4272099.11,1317360.87,2862423.21,1492525.29,23557.39,More than 40 lacs,10% to 20%,EBITDA +ve,More than 20%,67.00273416643651,34.936579221824275,1.7882260310343054,INR 35 to 45 lacs,Var <2%,High Profit
2023-11-01,Ahmedabad,Perez and Sons,Inactive,West,7229,2405556.72,485046.88,1977554.16,633825.23,1217945.67,-140093.31,25363.05,INR 20 to 30 lacs,10% to 20%,EBITDA -ve,More than 20%,61.58848615301641,-7.084170579682127,4.00158415909067,INR 15 to 25 lacs,Var 3-5%,Loss Making
2023-12-01,Ahmedabad,Perez and Sons,Inactive,West,12112,5571564.77,1561828.62,4113570.24,1645474.19,2352929.45,894134.96,23914.61,More than 40 lacs,10% to 20%,EBITDA +ve,10% to 20%,57.19920440692414,21.73622687429788,1.4533567372454503,INR 35 to 45 lacs,Var <2%,High Profit
2024-01-01,Ahmedabad,Perez and Sons,Inactive,West,14647,5585884.7,1139882.18,4492393.4,2041384.79,2347867.03,850764.62,10526.1,INR 30 to 40 lacs,0% to 10%,EBITDA -ve,More than 20%,52.2631662222636,18.937892215761867,0.5156352712905243,INR 35 to 45 lacs,Var <2%,Moderate Profit
2024-02-01,Ahmedabad,Perez and Sons,Inactive,West,14912,5792210.73,1526406.17,4346047.65,1562696.21,2696259.07,1195127.9,24823.05,INR 20 to 30 lacs,More than 30%,EBITDA +ve,0% to 10%,62.03933521069423,27.499189982419995,1.5884757281135273,INR 35 to 45 lacs,Var <2%,High Profit
2024-03-01,Ahmedabad,Perez and Sons,Inactive,West,14157,5639745.82,1257564.1,4478877.25,1581954.83,2810320.98,1522586.15,12467.11,INR 30 to 40 lacs,0% to 10%,EBITDA +ve,0% to 10%,62.74610405989581,33.99481756281666,0.7880825522685752,INR 35 to 45 lacs,Var <2%,High Profit
2023-10-01,Pune,Arroyo-Turner,Active,South,8642,3374290.96,571233.9,2884765.77,1278186.52,1491545.13,214833.66,21793.29,INR 30 to 40 lacs,0% to 10%,EBITDA -ve,0% to 10%,51.704202313798255,7.447178631768082,1.7050164165398958,INR 25 to 35 lacs,Var <2%,Low Profit
2023-11-01,Pune,Arroyo-Turner,Active,South,10174,3536075.97,733564.73,2867709.35,1020076.53,1771021.61,427176.38,15514.73,More than 40 lacs,0% to 10%,EBITDA -ve,10% to 20%,61.757360800877535,14.896083523945688,1.5209378457124192,INR 25 to 35 lacs,Var <2%,Moderate Profit
2023-12-01,Pune,Arroyo-Turner,Active,South,11012,5329062.83,1406389.05,4046109.33,1794209.41,2169503.23,787256.79,10423.31,More than 40 lacs,0% to 10%,EBITDA +ve,10% to 20%,53.61949104820655,19.457130932247942,0.5809416638830358,INR 35 to 45 lacs,Var <2%,Moderate Profit
2024-01-01,Pune,Arroyo-Turner,Active,South,11545,5739144.87,1561908.32,4295083.65,1708974.1,2534361.22,1318266.18,28145.55,More than 40 lacs,10% to 20%,EBITDA -ve,10% to 20%,59.00609688940517,30.692444837482963,1.6469266561734315,INR 35 to 45 lacs,Var <2%,High Profit
2024-02-01,Pune,Arroyo-Turner,Active,South,7600,3385313.82,900649.28,2571911.45,974222.28,1517949.39,255787.41,20206.15,More than 40 lacs,10% to 20%,EBITDA +ve,More than 20%,59.02028197743744,9.945420554817312,2.0740800549131357,INR 25 to 35 lacs,Var 2-3%,Low Profit
2024-03-01,Pune,Arroyo-Turner,Active,South,11852,4336760.31,1266477.65,3138610.49,1460165.98,1599242.3,317935.84,20807.34,More than 40 lacs,More than 30%,EBITDA -ve,0% to 10%,50.953831483562006,10.129827865323932,1.4249982731415234,INR 25 to 35 lacs,Var <2%,Moderate Profit
2023-10-01,Bangalore,"Powers, Mercer and Peterson",Active,South,10717,3437055.38,935914.56,2558163.07,988780.08,1516265.68,67063.79,11019.54,More than 40 lacs,More than 30%,EBITDA +ve,0% to 10%,59.27165854989846,2.621560399587818,1.1144581310739998,INR 25 to 35 lacs,Var <2%,Low Profit
2023-11-01,Bangalore,"Powers, Mercer and Peterson",Active,South,11078,3669664.9,600201.17,3155289.04,1229863.41,1873789.46,434331.21,25300.8,More than 40 lacs,0% to 10%,EBITDA -ve,More than 20%,59.38566756470589,13.765179813764384,2.0572040597581482,INR 25 to 35 lacs,Var 2-3%,Moderate Profit
2023-12-01,Bangalore,"Powers, Mercer and Peterson",Active,South,13445,4871417.72,1306063.61,3692811.99,1260521.02,2369830.51,982281.84,21188.3,INR 30 to 40 lacs,10% to 20%,EBITDA -ve,10% to 20%,64.17414470104121,26.59983347811866,1.6809160389883857,INR 35 to 45 lacs,Var <2%,High Profit
2024-01-01,Bangalore,"Powers, Mercer and Peterson",Active,South,12588,5663809.87,1061539.57,4663812.04,2222632.01,2344426.55,967601.28,26447.79,More than 40 lacs,10% to 20%,EBITDA -ve,0% to 10%,50.26846129073418,20.74700420388297,1.1899311213465338,Above INR 45 lacs,Var <2%,High Profit
2024-02-01,Bangalore,"Powers, Mercer and Peterson",Active,South,14078,4321702.77,1185524.13,3213296.46,1525865.28,1555021.25,165642.71,20533.11,INR 20 to 30 lacs,10% to 20%,EBITDA -ve,0% to 10%,48.393332808140585,5.154915273519456,1.345669913925822,INR 25 to 35 lacs,Var <2%,Low Profit
2024-03-01,Bangalore,"Powers, Mercer and Peterson",Active,South,12099,4172796.82,856985.82,3427338.08,1482413.44,1864363.91,520261.72,13892.0,More than 40 lacs,More than 30%,EBITDA -ve,0% to 10%,54.39684870539529,15.179760731395367,0.9371204837430508,INR 25 to 35 lacs,Var <2%,Moderate Profit
2023-10-01,Bangalore,Ayers Group,Active,East,8386,4073660.47,697425.28,3471818.28,1579158.65,1748298.85,414264.27,27025.04,INR 20 to 30 lacs,More than 30%,EBITDA -ve,10% to 20%,50.35686516403734,11.932199112679367,1.7113568671520116,INR 25 to 35 lacs,Var <2%,Moderate Profit
2023-11-01,Bangalore,Ayers Group,Active,East,9034,3890252.9,1155514.52,2831352.91,1294363.4,1430818.59,6678.52,15867.81,INR 30 to 40 lacs,0% to 10%,EBITDA -ve,10% to 20%,50.53480210631884,0.23587734246805708,1.225916153067987,INR 25 to 35 lacs,Var <2%,Low Profit
2023-12-01,Bangalore,Ayers Group,Active,East,11025,4230546.04,1260806.64,3035201.34,1400861.82,1569773.16,148367.93,21862.15,INR 30 to 40 lacs,10% to 20%,EBITDA -ve,More than 20%,51.71891364544534,4.88824013236631,1.5606214465892145,INR 25 to 35 lacs,Var <2%,Low Profit
2024-01-01,Bangalore,Ayers Group,Active,East,9997,4095620.91,776677.76,3404186.18,1041366.03,2280324.3,854180.1,24233.02,More than 40 lacs,0% to 10%,EBITDA +ve,0% to 10%,66.98588677074059,25.092050047626945,2.327041530248495,INR 25 to 35 lacs,Var 2-3%,High Profit
2024-02-01,Bangalore,Ayers Group,Active,East,7540,3371110.48,962486.69,2493588.48,872423.87,1536851.05,94016.25,15981.77,INR 30 to 40 lacs,More than 30%,EBITDA -ve,10% to 20%,61.63210418745598,3.7703193912734148,1.8318813308031108,INR 15 to 25 lacs,Var <2%,Low Profit
2024-03-01,Bangalore,Ayers Group,Active,East,12582,4211910.57,1061195.09,3196257.8,962892.43,2091373.16,609490.02,19595.26,INR 30 to 40 lacs,More than 30%,EBITDA -ve,More than 20%,65.4319298024083,19.068862968437656,2.0350414427912784,INR 25 to 35 lacs,Var 2-3%,Moderate Profit
2023-10-01,Ahmedabad,"Navarro, Roberson and Brooks",Inactive,South,7307,2730114.75,577792.87,2183579.29,1001363.93,1076753.22,-259042.43,22242.19,INR 20 to 30 lacs,10% to 20%,EBITDA -ve,More than 20%,49.31138635226752,-11.863202366239697,2.221189453069275,INR 15 to 25 lacs,Var 2-3%,Loss Making
2023-11-01,Ahmedabad,"Navarro, Roberson and Brooks",Inactive,South,14965,4644883.0,1224224.34,3495473.2,1192538.99,2154987.91,741892.57,29259.16,INR 30 to 40 lacs,0% to 10%,EBITDA +ve,0% to 10%,61.650820552708,21.224381580153437,2.4535181025821218,INR 25 to 35 lacs,Var 2-3%,High Profit
2023-12-01,Ahmedabad,"Navarro, Roberson and Brooks",Inactive,South,11413,4475120.89,1109664.79,3480585.65,1415073.55,1953098.28,592348.92,26096.51,INR 30 to 40 lacs,More than 30%,EBITDA -ve,0% to 10%,56.11407034330559,17.01865661602093,1.844180466803298,INR 25 to 35 lacs,Var <2%,Moderate Profit
2024-01-01,Ahmedabad,"Navarro, Roberson and Brooks",Inactive,South,8728,2848430.91,645711.72,2291549.63,709988.22,1473175.68,115582.57,24540.63,More than 40 lacs,More than 30%,EBITDA +ve,0% to 10%,64.28731286086088,5.0438606472599075,3.456484108989865,INR 15 to 25 lacs,Var 3-5%,Low Profit
2024-02-01,Ahmedabad,"Navarro, Roberson and Brooks",Inactive,South,7134,2780218.39,505144.04,2353651.69,710669.0,1587212.64,244452.92,15626.71,INR 20 to 30 lacs,0% to 10%,EBITDA +ve,0% to 10%,67.43617361666627,10.386112823686329,2.198873174431416,INR 15 to 25 lacs,Var 2-3%,Moderate Profit
2024-03-01,Ahmedabad,"Navarro, Roberson and Brooks",Inactive,South,12724,4420878.31,842280.53,3660709.64,1510754.45,2053413.52,712944.64,21596.38,INR 20 to 30 lacs,10% to 20%,EBITDA +ve,10% to 20%,56.093318562135394,19.475585613504162,1.4295096069384405,INR 35 to 45 lacs,Var <2%,Moderate Profit
2023-10-01,Pune,"Thomas, Dean and Kelley",Inactive,East,11021,4202495.56,1123306.62,3196270.28,1372216.47,1700911.62,301105.29,20263.87,INR 30 to 40 lacs,More than 30%,EBITDA -ve,More than 20%,53.21551280075101,9.420520282158366,1.4767254615447079,INR 25 to 35 lacs,Var <2%,Low Profit
2023-11-01,Pune,"Thomas, Dean and Kelley",Inactive,East,11041,5143830.63,1332927.07,3869300.17,1674429.84,2112134.3,717171.94,25304.74,INR 20 to 30 lacs,More than 30%,EBITDA +ve,0% to 10%,54.58698491205452,18.53492643347957,1.511245165100498,INR 35 to 45 lacs,Var <2%,Moderate Profit
2023-12-01,Pune,"Thomas, Dean and Kelley",Inactive,East,12591,5202737.58,1442108.66,3801135.04,1755203.11,1934925.1,718778.91,21230.58,INR 30 to 40 lacs,10% to 20%,EBITDA -ve,0% to 10%,50.903876858844775,18.909586279786577,1.2095796708108615,INR 35 to 45 lacs,Var <2%,Moderate Profit
2024-01-01,Pune,"Thomas, Dean and Kelley",Inactive,East,8046,3009542.68,756404.47,2362589.34,1100582.85,1197427.24,-264345.12,24678.81,INR 30 to 40 lacs,More than 30%,EBITDA -ve,10% to 20%,50.68283428384554,-11.188788314773317,2.2423400473667203,INR 15 to 25 lacs,Var 2-3%,Loss Making
2024-02-01,Pune,"Thomas, Dean and Kelley",Inactive,East,11344,3947788.2,1064348.59,2993051.63,1189170.06,1686855.04,358533.82,29951.43,INR 20 to 30 lacs,10% to 20%,EBITDA +ve,10% to 20%,56.35903581121987,11.978871877996973,2.5186834925864177,INR 25 to 35 lacs,Var 2-3%,Moderate Profit
2024-03-01,Pune,"Thomas, Dean and Kelley",Inactive,East,13940,5835865.84,1523292.95,4411330.66,2000165.29,2339618.11,921837.21,26626.75,INR 20 to 30 lacs,10% to 20%,EBITDA +ve,0% to 10%,53.03656176161593,20.89703268809144,1.3312274807048572,INR 35 to 45 lacs,Var <2%,High Profit
2023-10-01,Hyderabad,Stone Ltd,Active,South,14760,4960664.78,889983.7,4150072.32,1721686.18,2361360.65,1107156.67,18967.0,More than 40 lacs,0% to 10%,EBITDA +ve,10% to 20%,56.899265071120496,26.67800907141782,1.1016525671362478,INR 35 to 45 lacs,Var <2%,High Profit
2023-11-01,Hyderabad,Stone Ltd,Active,South,10309,3433950.41,877734.84,2622490.54,956749.99,1538461.62,278629.74,17775.55,More than 40 lacs,10% to 20%,EBITDA +ve,More than 20%,58.664143741773046,10.624623263655318,1.8579096091759562,INR 25 to 35 lacs,Var <2%,Moderate Profit
2023-12-01,Hyderabad,Stone Ltd,Active,South,7598,3036562.73,653324.76,2491656.9,981254.37,1360442.69,152177.18,19732.65,INR 20 to 30 lacs,10% to 20%,EBITDA +ve,More than 20%,54.59992063915381,6.107469290816083,2.0109617448124077,INR 15 to 25 lacs,Var 2-3%,Low Profit
2024-01-01,Hyderabad,Stone Ltd,Active,South,8856,2918648.71,810041.03,2197783.1,717253.29,1366946.88,3884.3,24269.24,INR 20 to 30 lacs,More than 30%,EBITDA +ve,0% to 10%,62.19662349755988,0.17673718575777564,3.383635925880521,INR 15 to 25 lacs,Var 3-5%,Low Profit
2024-02-01,Hyderabad,Stone Ltd,Active,South,13373,5628691.94,1247132.13,4427605.65,2180890.51,2156163.79,695629.63,29150.83,INR 30 to 40 lacs,More than 30%,EBITDA -ve,More than 20%,48.69818950565301,15.711192120282888,1.3366480282405377,INR 35 to 45 lacs,Var <2%,Moderate Profit
2024-03-01,Hyderabad,Stone Ltd,Active,South,8703,2692072.67,496653.58,2288702.07,1031551.82,1187140.49,-252319.26,17618.77,More than 40 lacs,More than 30%,EBITDA -ve,10% to 20%,51.869594804884336,-11.02455681354804,1.7079869046229788,INR 15 to 25 lacs,Var <2%,Loss Making
2023-10-01,Bangalore,Jenkins PLC,Inactive,East,9729,4174985.77,1234485.99,3024335.3,946659.51,1936493.06,578428.98,17762.37,INR 30 to 40 lacs,0% to 10%,EBITDA -ve,10% to 20%,64.03036925171625,19.125821796280327,1.8763208748623885,INR 25 to 35 lacs,Var <2%,Moderate Profit
2023-11-01,Bangalore,Jenkins PLC,Inactive,East,14677,6017883.3,1109704.26,4946847.91,2428493.44,2421917.29,944825.39,10732.05,More than 40 lacs,More than 30%,EBITDA -ve,More than 20%,48.958798290606836,19.099543935645276,0.4419221325959192,Above INR 45 lacs,Var <2%,Moderate Profit
2023-12-01,Bangalore,Jenkins PLC,Inactive,East,14018,4904662.37,1457552.81,3558473.02,1134897.61,2363589.63,912642.01,28739.67,INR 20 to 30 lacs,0% to 10%,EBITDA -ve,More than 20%,66.42145708891731,25.647012211996483,2.5323579631117554,INR 35 to 45 lacs,Var 2-3%,High Profit
2024-01-01,Bangalore,Jenkins PLC,Inactive,East,9275,3322739.35,885806.7,2511811.27,762709.18,1679502.35,218200.16,12171.1,More than 40 lacs,More than 30%,EBITDA -ve,10% to 20%,66.8641935825059,8.686964765469819,1.5957720608528667,INR 25 to 35 lacs,Var <2%,Low Profit
2024-02-01,Bangalore,Jenkins PLC,Inactive,East,10316,3695705.46,633785.65,3176085.36,1131533.38,1944634.0,431868.5,24828.67,More than 40 lacs,0% to 10%,EBITDA -ve,0% to 10%,61.22738464434722,13.597509230671307,2.1942498947755302,INR 25 to 35 lacs,Var 2-3%,Moderate Profit
2024-03-01,Bangalore,Jenkins PLC,Inactive,East,12651,6014129.25,1396286.5,4719422.57,1410201.96,3216412.36,1806616.68,17990.12,INR 30 to 40 lacs,10% to 20%,EBITDA -ve,10% to 20%,68.1526672446286,38.28046023011667,1.2757123100296923,Above INR 45 lacs,Var <2%,High Profit
2023-10-01,Mumbai,"Thomas, Williams and Jones",Active,East,9288,3504729.67,770330.19,2812929.37,867782.17,1892578.71,705972.06,14268.29,INR 20 to 30 lacs,More than 30%,EBITDA +ve,0% to 10%,67.28141595677533,25.097397308628477,1.6442248404343225,INR 25 to 35 lacs,Var <2%,High Profit
2023-11-01,Mumbai,"Thomas, Williams and Jones",Active,East,9838,3665464.36,1012172.76,2772109.85,889504.37,1814174.44,541190.93,18848.64,More than 40 lacs,10% to 20%,EBITDA -ve,More than 20%,65.44381493395724,19.522708668994486,2.119004766665733,INR 25 to 35 lacs,Var 2-3%,Moderate Profit
2023-12-01,Mumbai,"Thomas, Williams and Jones",Active,East,10659,4261556.58,1137593.42,3169756.08,1146044.08,1906506.13,454973.44,23349.98,INR 20 to 30 lacs,More than 30%,EBITDA +ve,More than 20%,60.14677728767066,14.35357890377483,2.0374417011952977,INR 25 to 35 lacs,Var 2-3%,Moderate Profit
2024-01-01,Mumbai,"Thomas, Williams and Jones",Active,East,13742,4296982.23,1142472.79,3244533.64,1110338.26,2041502.93,740952.68,25300.51,INR 30 to 40 lacs,10% to 20%,EBITDA -ve,10% to 20%,62.92130569495343,22.836954774184434,2.27863083813756,INR 25 to 35 lacs,Var 2-3%,High Profit
2024-02-01,Mumbai,"Thomas, Williams and Jones",Active,East,12878,6000732.93,1795236.84,4251769.69,1775877.49,2405479.57,1056856.72,29882.05,INR 30 to 40 lacs,10% to 20%,EBITDA +ve,More than 20%,56.57596119699512,24.8568666004108,1.6826639319585046,INR 35 to 45 lacs,Var <2%,High Profit
2024-03-01,Mumbai,"Thomas, Williams and Jones",Active,East,11292,4284999.85,1003719.42,3408971.33,1605569.44,1741092.52,266481.85,19302.09,More than 40 lacs,More than 30%,EBITDA +ve,10% to 20%,51.07383874654059,7.817075129229672,1.2021959012872094,INR 25 to 35 lacs,Var <2%,Low Profit
2023-10-01,Pune,Miller PLC,Inactive,North,9021,3294966.24,822572.64,2534873.49,1075973.93,1350377.33,12.48,23307.73,More than 40 lacs,10% to 20%,EBITDA +ve,More than 20%,53.271981238006475,0.0004923322623094692,2.1661983947882457,INR 25 to 35 lacs,Var 2-3%,Low Profit
2023-11-01,Pune,Miller PLC,Inactive,North,10731,5072709.82,1104590.58,4091080.43,1885872.81,2068524.73,706374.65,26841.34,More than 40 lacs,0% to 10%,EBITDA -ve,0% to 10%,50.56182016934827,17.266212730019586,1.4232847442134764,INR 35 to 45 lacs,Var <2%,Moderate Profit
2023-12-01,Pune,Miller PLC,Inactive,North,11852,5417757.99,1260441.79,4254140.84,1487870.46,2702882.67,1462580.36,12690.04,INR 30 to 40 lacs,0% to 10%,EBITDA -ve,More than 20%,63.53533584468727,34.3801584152536,0.8528995192229303,INR 35 to 45 lacs,Var <2%,High Profit
2024-01-01,Pune,Miller PLC,Inactive,North,8773,2826034.97,779978.46,2107419.57,985799.17,1041740.84,-367276.57,27789.76,More than 40 lacs,0% to 10%,EBITDA -ve,More than 20%,49.43205685425043,-17.427785868003497,2.8190082570266313,INR 15 to 25 lacs,Var 2-3%,Loss Making
2024-02-01,Pune,Miller PLC,Inactive,North,11387,4763329.82,1214501.88,3675131.65,1073704.74,2546561.33,1116461.32,12019.28,INR 20 to 30 lacs,0% to 10%,EBITDA -ve,0% to 10%,69.29170360468584,30.378811599851126,1.1194213411035143,INR 35 to 45 lacs,Var <2%,High Profit
2024-03-01,Pune,Miller PLC,Inactive,North,10894,4412054.22,1182144.18,3314596.1,1062291.73,2193294.94,718450.26,28625.14,More than 40 lacs,10% to 20%,EBITDA -ve,10% to 20%,66.17080554701673,21.675348619398907,2.6946590274217797,INR 25 to 35 lacs,Var 2-3%,High Profit
2023-10-01,Mumbai,Lane-Pena,Inactive,East,8569,3607591.15,1003124.25,2667120.04,890888.77,1629519.43,333441.45,13714.62,INR 30 to 40 lacs,0% to 10%,EBITDA -ve,0% to 10%,61.096591288032165,12.501928859564943,1.5394312356187856,INR 25 to 35 lacs,Var <2%,Moderate Profit
2023-11-01,Mumbai,Lane-Pena,Inactive,East,9450,3468174.12,882859.12,2662115.58,1262313.57,1275914.78,-41851.91,28499.66,More than 40 lacs,More than 30%,EBITDA +ve,10% to 20%,47.92860195799613,-1.5721297119638962,2.2577322051604023,INR 25 to 35 lacs,Var 2-3%,Loss Making
2023-12-01,Mumbai,Lane-Pena,Inactive,East,10892,4955546.02,834995.14,4252110.29,1329688.92,2827996.98,1420843.88,23387.82,INR 20 to 30 lacs,More than 30%,EBITDA +ve,More than 20%,66.50808156718814,33.415028846770575,1.7588941028402343,INR 35 to 45 lacs,Var <2%,High Profit
2024-01-01,Mumbai,Lane-Pena,Inactive,East,12890,4213157.18,1091017.66,3197008.53,1178266.38,1947259.4,603228.28,19852.61,INR 30 to 40 lacs,More than 30%,EBITDA -ve,10% to 20%,60.908795886134214,18.868522693619465,1.6848999799179538,INR 25 to 35 lacs,Var <2%,Moderate Profit
2024-02-01,Mumbai,Lane-Pena,Inactive,East,12161,4755845.33,1097413.58,3775466.87,1140866.09,2526633.74,1092553.89,19256.79,INR 20 to 30 lacs,0% to 10%,EBITDA +ve,0% to 10%,66.92241852462607,28.938245987045303,1.6879097528439992,INR 35 to 45 lacs,Var <2%,High Profit
2024-03-01,Mumbai,Lane-Pena,Inactive,East,8419,3233076.76,580354.49,2724345.59,794753.99,1816334.4,533778.77,25747.94,INR 30 to 40 lacs,10% to 20%,EBITDA -ve,0% to 10%,66.67048434189292,19.592916991122262,3.2397371166390743,INR 25 to 35 lacs,Var 3-5%,Moderate Profit
2023-10-01,Mumbai,Hendricks-Best,Active,South,7167,2733517.07,434027.19,2394791.18,951528.32,1386185.49,41611.41,11478.95,INR 30 to 40 lacs,10% to 20%,EBITDA +ve,10% to 20%,57.88335540804855,1.737579892038854,1.2063697694252549,INR 15 to 25 lacs,Var <2%,Low Profit
2023-11-01,Mumbai,Hendricks-Best,Active,South,14710,6957054.01,1070360.68,6004913.75,2793811.47,3075517.97,1664367.51,17745.58,More than 40 lacs,0% to 10%,EBITDA +ve,10% to 20%,51.216688499480945,27.716759628729054,0.635174570315584,Above INR 45 lacs,Var <2%,High Profit
2023-12-01,Mumbai,Hendricks-Best,Active,South,9205,2835939.17,675361.48,2268732.13,716732.79,1424139.61,228987.17,10785.64,INR 30 to 40 lacs,0% to 10%,EBITDA +ve,More than 20%,62.77248826197918,10.093177901967652,1.5048341795552564,INR 15 to 25 lacs,Var <2%,Moderate Profit
2024-01-01,Mumbai,Hendricks-Best,Active,South,10215,3200677.37,490850.8,2758991.04,842501.53,1841683.36,361200.81,23180.48,INR 20 to 30 lacs,10% to 20%,EBITDA +ve,0% to 10%,66.75206020241372,13.091771765956878,2.751387288281838,INR 25 to 35 lacs,Var 2-3%,Moderate Profit
2024-02-01,Mumbai,Hendricks-Best,Active,South,7460,2273122.1,380759.92,1982644.37,889599.06,973159.39,-463818.19,13760.27,More than 40 lacs,10% to 20%,EBITDA -ve,10% to 20%,49.083910595625376,-23.39391758896226,1.5467945750752028,INR 15 to 25 lacs,Var <2%,Loss Making
2024-03-01,Mumbai,Hendricks-Best,Active,South,10951,3964722.1,776459.89,3222266.44,1176899.05,1956450.24,461542.55,20103.27,INR 30 to 40 lacs,10% to 20%,EBITDA -ve,0% to 10%,60.71658804229734,14.323537751893664,1.7081558524497067,INR 25 to 35 lacs,Var <2%,Moderate Profit
2023-10-01,Ahmedabad,Henderson Inc,Inactive,South,8901,3718805.48,637855.42,3146130.03,1152803.03,1877677.17,479018.32,16587.8,INR 20 to 30 lacs,10% to 20%,EBITDA +ve,0% to 10%,59.68212222938541,15.225636430545118,1.4389101666396555,INR 25 to 35 lacs,Var <2%,Moderate Profit
2023-11-01,Ahmedabad,Henderson Inc,Inactive,South,8979,4248783.49,902691.5,3373093.06,1551623.41,1675932.08,281727.97,16406.54,More than 40 lacs,0% to 10%,EBITDA +ve,0% to 10%,49.68531997750457,8.352214569496638,1.0573789937856122,INR 25 to 35 lacs,Var <2%,Low Profit
2023-12-01,Ahmedabad,Henderson Inc,Inactive,South,11220,5092684.56,833156.95,4336838.44,1990115.02,2232247.35,770201.05,25776.43,More than 40 lacs,10% to 20%,EBITDA -ve,0% to 10%,51.47176637735207,17.759505239950787,1.2952231273547195,INR 35 to 45 lacs,Var <2%,Moderate Profit
2024-01-01,Ahmedabad,Henderson Inc,Inactive,South,10477,4903919.23,1442879.04,3598415.81,1602840.53,1880381.5,499447.89,11282.16,INR 20 to 30 lacs,10% to 20%,EBITDA -ve,0% to 10%,52.25581476088501,13.879660283062172,0.7038853703056785,INR 35 to 45 lacs,Var <2%,Moderate Profit
2024-02-01,Ahmedabad,Henderson Inc,Inactive,South,7443,3045768.63,722189.26,2415836.84,812232.83,1471657.33,875.07,16776.21,INR 20 to 30 lacs,0% to 10%,EBITDA -ve,10% to 20%,60.917082877169804,0.036222230968213906,2.065443476349017,INR 15 to 25 lacs,Var 2-3%,Low Profit
2024-03-01,Ahmedabad,Henderson Inc,Inactive,South,9796,3440214.32,640509.46,2888404.7,995244.89,1766328.81,418946.55,11227.85,INR 30 to 40 lacs,More than 30%,EBITDA -ve,10% to 20%,61.15240049290877,14.504426959283093,1.128149474849351,INR 25 to 35 lacs,Var <2%,Moderate Profit
2023-10-01,Pune,"Burnett, Dudley and Hayes",Inactive,East,8688,3439733.12,785885.92,2762916.18,1172625.21,1463272.25,235198.81,27534.21,INR 30 to 40 lacs,0% to 10%,EBITDA +ve,10% to 20%,52.961152444371294,8.512701605012134,2.348082726278757,INR 25 to 35 lacs,Var 2-3%,Low Profit
2023-11-01,Pune,"Burnett, Dudley and Hayes",Inactive,East,12191,4267933.73,981112.37,3417693.97,1356689.16,1995132.46,552700.89,14735.84,INR 20 to 30 lacs,0% to 10%,EBITDA +ve,More than 20%,58.37656845560106,16.171748987812386,1.0861618441765983,INR 25 to 35 lacs,Var <2%,Moderate Profit
2023-12-01,Pune,"Burnett, Dudley and Hayes",Inactive,East,11395,4342672.89,797843.99,3662401.2,1554056.63,2001354.87,699425.19,18359.76,INR 20 to 30 lacs,0% to 10%,EBITDA +ve,More than 20%,54.645975705774674,19.097448690219952,1.1814086852163168,INR 35 to 45 lacs,Var <2%,Moderate Profit
2024-01-01,Pune,"Burnett, Dudley and Hayes",Inactive,East,8047,2919512.24,786268.01,2240650.09,822880.93,1273391.21,61315.94,28059.31,More than 40 lacs,0% to 10%,EBITDA +ve,10% to 20%,56.83132835792313,2.7365245592630667,3.4098870173112408,INR 15 to 25 lacs,Var 3-5%,Low Profit
2024-02-01,Pune,"Burnett, Dudley and Hayes",Inactive,East,11422,4273201.85,765948.33,3586381.83,1209474.65,2321719.57,1019648.97,28561.05,More than 40 lacs,More than 30%,EBITDA +ve,10% to 20%,64.73709939579969,28.431132498794753,2.361442631311041,INR 35 to 45 lacs,Var 2-3%,High Profit
2024-03-01,Pune,"Burnett, Dudley and Hayes",Inactive,East,14252,6219536.9,1773146.98,4502247.56,1591760.84,2856241.18,1596302.94,20213.37,More than 40 lacs,10% to 20%,EBITDA +ve,More than 20%,63.44034045075922,35.45569004650646,1.2698748136057927,Above INR 45 lacs,Var <2%,High Profit
2023-10-01,Ahmedabad,"Perez, Krueger and Brooks",Active,West,14303,5289214.29,1258223.92,4069016.16,1700459.36,2289690.12,1105670.58,28143.71,INR 20 to 30 lacs,More than 30%,EBITDA +ve,10% to 20%,56.27134496315198,27.172921820000834,1.6550651348703798,INR 35 to 45 lacs,Var <2%,High Profit
2023-11-01,Ahmedabad,"Perez, Krueger and Brooks",Active,West,14102,5464069.15,853445.46,4719135.72,1833189.58,2793957.51,1625818.56,16968.11,INR 30 to 40 lacs,10% to 20%,EBITDA +ve,More than 20%,59.20485605359958,34.45161691598902,0.9256058503234564,Above INR 45 lacs,Var <2%,High Profit
2023-12-01,Ahmedabad,"Perez, Krueger and Brooks",Active,West,10999,4670737.5,1061149.97,3680272.93,1490099.51,2075283.58,565687.74,22832.89,INR 30 to 40 lacs,10% to 20%,EBITDA +ve,0% to 10%,56.38939338121317,15.370809468742308,1.5323063893900617,INR 35 to 45 lacs,Var <2%,Moderate Profit
2024-01-01,Ahmedabad,"Perez, Krueger and Brooks",Active,West,13521,6560386.93,1754678.43,4902968.86,1938674.3,2887492.16,1544295.51,28304.84,More than 40 lacs,More than 30%,EBITDA +ve,10% to 20%,58.892728925061945,31.497151095509913,1.460010069767779,Above INR 45 lacs,Var <2%,High Profit
2024-02-01,Ahmedabad,"Perez, Krueger and Brooks",Active,West,13309,4785555.69,771349.97,4134334.04,1777159.9,2273035.22,879491.33,29329.63,INR 30 to 40 lacs,More than 30%,EBITDA +ve,More than 20%,54.97947669463109,21.272865750344643,1.6503652822686357,INR 35 to 45 lacs,Var <2%,High Profit
2024-03-01,Ahmedabad,"Perez, Krueger and Brooks",Active,West,13814,4868136.74,1085631.26,3872915.83,1875087.05,1936514.38,685503.52,18176.86,More than 40 lacs,10% to 20%,EBITDA +ve,10% to 20%,50.001457945446745,17.6999333342083,0.9693875279017047,INR 35 to 45 lacs,Var <2%,Moderate Profit
2023-10-01,Ahmedabad,Ball Ltd,Inactive,West,12119,4297794.15,836044.71,3571250.84,1076207.93,2416225.73,1127225.59,17608.72,INR 20 to 30 lacs,0% to 10%,EBITDA -ve,0% to 10%,67.65768741128248,31.56388729053824,1.6361819597445266,INR 35 to 45 lacs,Var <2%,High Profit
2023-11-01,Ahmedabad,Ball Ltd,Inactive,West,8441,3493854.28,920707.91,2633679.14,1065401.39,1441967.44,93917.5,27196.64,More than 40 lacs,0% to 10%,EBITDA -ve,More than 20%,54.751067360468205,3.5660190557609077,2.552713020207342,INR 25 to 35 lacs,Var 2-3%,Low Profit
2023-12-01,Ahmedabad,Ball Ltd,Inactive,West,14059,5907935.94,1511488.65,4503965.48,1341320.53,3060391.43,1747748.03,23088.4,INR 20 to 30 lacs,10% to 20%,EBITDA -ve,10% to 20%,67.94882073563316,38.80464976387874,1.7213186172584716,Above INR 45 lacs,Var <2%,High Profit
2024-01-01,Ahmedabad,Ball Ltd,Inactive,West,9972,3831298.48,990613.27,2967011.46,1382348.1,1457520.06,17719.2,26925.6,INR 20 to 30 lacs,0% to 10%,EBITDA -ve,0% to 10%,49.12418032925292,0.5972069956211089,1.9478161832030585,INR 25 to 35 lacs,Var <2%,Low Profit
2024-02-01,Ahmedabad,Ball Ltd,Inactive,West,13802,4235805.42,705220.03,3628041.33,1337987.73,2208058.71,792067.09,26044.86,More than 40 lacs,10% to 20%,EBITDA -ve,0% to 10%,60.86090287179832,21.831810003112615,1.9465694203339219,INR 35 to 45 lacs,Var <2%,High Profit
2024-03-01,Ahmedabad,Ball Ltd,Inactive,West,14459,6303412.96,1650108.48,4803107.09,1637314.62,3026910.16,1562185.28,19804.86,INR 20 to 30 lacs,0% to 10%,EBITDA +ve,0% to 10%,63.01983493772154,32.524473236344186,1.209594036361808,Above INR 45 lacs,Var <2%,High Profit
2023-10-01,Hyderabad,Dean-Scott,Active,North,9352,3424842.19,823514.01,2663562.99,892973.32,1716300.08,316481.66,15686.9,INR 20 to 30 lacs,More than 30%,EBITDA +ve,More than 20%,64.43624898091859,11.88189133082976,1.7567042204575607,INR 25 to 35 lacs,Var <2%,Moderate Profit
2023-11-01,Hyderabad,Dean-Scott,Active,North,8234,3869438.35,1112073.39,2807216.95,886524.92,1826074.07,538601.94,24355.46,More than 40 lacs,0% to 10%,EBITDA -ve,More than 20%,65.04926774540884,19.186331145514064,2.7472955864568362,INR 25 to 35 lacs,Var 2-3%,Moderate Profit
2023-12-01,Hyderabad,Dean-Scott,Active,North,13676,5965720.21,1742814.23,4356278.98,1619634.87,2615276.89,1332958.46,11003.48,INR 20 to 30 lacs,10% to 20%,EBITDA -ve,10% to 20%,60.03465117837793,30.59855592627816,0.6793802852614552,INR 35 to 45 lacs,Var <2%,High Profit
2024-01-01,Hyderabad,Dean-Scott,Active,North,10091,4263785.36,953103.14,3465060.45,1157368.1,2236322.07,781717.11,27905.79,INR 30 to 40 lacs,0% to 10%,EBITDA +ve,0% to 10%,64.53919353701318,22.55998477602317,2.411142142244978,INR 25 to 35 lacs,Var 2-3%,High Profit
2024-02-01,Hyderabad,Dean-Scott,Active,North,11540,3604669.56,713676.38,2976448.51,997078.42,1928248.99,467637.94,20798.27,INR 20 to 30 lacs,10% to 20%,EBITDA -ve,More than 20%,64.78354937173094,15.711272626718479,2.0859211856174764,INR 25 to 35 lacs,Var 2-3%,Moderate Profit
2024-03-01,Hyderabad,Dean-Scott,Active,North,9393,3297894.86,676318.2,2749998.13,838592.52,1815716.79,314087.62,19432.03,INR 30 to 40 lacs,10% to 20%,EBITDA +ve,0% to 10%,66.02610998866389,11.42137576653552,2.3172195716699213,INR 25 to 35 lacs,Var 2-3%,Moderate Profit
2023-10-01,Ahmedabad,Gonzalez Inc,Active,West,12750,5325782.06,1302712.77,4112904.48,1833984.07,2131430.74,797090.15,12516.03,More than 40 lacs,More than 30%,EBITDA +ve,10% to 20%,51.82300611075704,19.38022518821055,0.6824503115776791,INR 35 to 45 lacs,Var <2%,Moderate Profit
2023-11-01,Ahmedabad,Gonzalez Inc,Active,West,13877,6929104.45,1974058.43,5034204.07,1959136.86,2975053.45,1528096.22,26705.48,INR 30 to 40 lacs,10% to 20%,EBITDA -ve,More than 20%,59.09679879147212,30.35427644076415,1.3631247793479828,Above INR 45 lacs,Var <2%,High Profit
2023-12-01,Ahmedabad,Gonzalez Inc,Active,West,9489,3780611.38,619011.35,3259228.53,1113413.18,2023514.45,734171.07,10360.49,INR 20 to 30 lacs,10% to 20%,EBITDA -ve,0% to 10%,62.085687805389945,22.525915665079182,0.9305161988472241,INR 25 to 35 lacs,Var <2%,High Profit
2024-01-01,Ahmedabad,Gonzalez Inc,Active,West,11391,3930804.25,1154308.84,2903527.91,1310623.99,1465401.46,85134.44,17159.09,INR 20 to 30 lacs,10% to 20%,EBITDA -ve,10% to 20%,50.46968740865315,2.9321033804011205,1.3092305749721551,INR 25 to 35 lacs,Var <2%,Low Profit
2024-02-01,Ahmedabad,Gonzalez Inc,Active,West,14656,4459413.58,1077044.06,3460658.99,1019251.98,2297056.45,1052564.93,19553.01,INR 30 to 40 lacs,10% to 20%,EBITDA -ve,10% to 20%,66.37627274567149,30.41515887700914,1.9183686059653273,INR 25 to 35 lacs,Var <2%,High Profit
2024-03-01,Ahmedabad,Gonzalez Inc,Active,West,7436,2768608.55,546378.27,2320498.09,1006340.71,1237029.29,-109741.67,29102.6,More than 40 lacs,0% to 10%,EBITDA +ve,0% to 10%,53.3087829432344,-4.729229059611077,2.89192315393859,INR 15 to 25 lacs,Var 2-3%,Loss Making
2023-10-01,Ahmedabad,Reed LLC,Active,South,10282,5126441.82,880483.66,4313756.14,1536715.78,2722844.9,1313934.27,22891.11,INR 30 to 40 lacs,More than 30%,EBITDA -ve,More than 20%,63.12004692968111,30.45916893206671,1.4896124773313644,INR 35 to 45 lacs,Var <2%,High Profit
2023-11-01,Ahmedabad,Reed LLC,Active,South,10174,3197721.4,501583.62,2811185.24,994435.43,1695779.53,409407.2,18688.2,More than 40 lacs,10% to 20%,EBITDA +ve,More than 20%,60.322582299841606,14.563508450976355,1.8792773704774377,INR 25 to 35 lacs,Var <2%,Moderate Profit
2023-12-01,Ahmedabad,Reed LLC,Active,South,7267,2845174.58,799300.29,2126863.12,647813.67,1339207.13,-108755.35,29305.16,INR 30 to 40 lacs,10% to 20%,EBITDA +ve,More than 20%,62.96630551382169,-5.113415573259834,4.523702008325943,INR 15 to 25 lacs,Var 3-5%,Loss Making
2024-01-01,Ahmedabad,Reed LLC,Active,South,13371,4742544.56,1352290.41,3508367.0,1286992.42,2165130.51,672768.48,18025.13,More than 40 lacs,0% to 10%,EBITDA -ve,10% to 20%,61.713341563183086,19.176114699516898,1.4005622503977142,INR 35 to 45 lacs,Var <2%,Moderate Profit
2024-02-01,Ahmedabad,Reed LLC,Active,South,8922,3369874.09,986005.58,2449067.19,956119.06,1365218.25,136421.06,19955.94,INR 20 to 30 lacs,10% to 20%,EBITDA -ve,0% to 10%,55.74441793897864,5.570327370234379,2.087181485535912,INR 15 to 25 lacs,Var 2-3%,Low Profit
2024-03-01,Ahmedabad,Reed LLC,Active,South,12562,4761873.38,1073452.54,3745696.72,1140072.46,2498504.56,1008145.18,10430.56,INR 20 to 30 lacs,10% to 20%,EBITDA -ve,0% to 10%,66.70333309846825,26.91475726310271,0.9149032509740652,INR 35 to 45 lacs,Var <2%,High Profit
2023-10-01,Hyderabad,Johnson-Ruiz,Inactive,South,10311,4364466.52,731455.86,3714598.78,1281887.93,2321549.94,1010409.12,13492.78,More than 40 lacs,More than 30%,EBITDA +ve,10% to 20%,62.4979998512787,27.201029770434587,1.0525709529069365,INR 35 to 45 lacs,Var <2%,High Profit
2023-11-01,Hyderabad,Johnson-Ruiz,Inactive,South,12831,4073585.08,1187618.55,2971514.75,1062775.43,1802168.15,444554.62,11603.63,More than 40 lacs,More than 30%,EBITDA +ve,10% to 20%,60.64813072188182,14.960538896870695,1.0918233215082889,INR 25 to 35 lacs,Var <2%,Moderate Profit
2023-12-01,Hyderabad,Johnson-Ruiz,Inactive,South,10827,3466073.85,850736.12,2694635.42,831469.26,1729467.31,251261.99,22199.53,INR 30 to 40 lacs,More than 30%,EBITDA -ve,0% to 10%,64.1818665769635,9.32452635837467,2.669915902844081,INR 25 to 35 lacs,Var 2-3%,Low Profit
2024-01-01,Hyderabad,Johnson-Ruiz,Inactive,South,11495,3716787.17,565547.8,3278393.52,1170529.8,2009656.18,709139.98,11249.94,More than 40 lacs,More than 30%,EBITDA +ve,0% to 10%,61.30002904593345,21.63071564392306,0.9610981283859668,INR 25 to 35 lacs,Var <2%,High Profit
2024-02-01,Hyderabad,Johnson-Ruiz,Inactive,South,14969,5734877.48,1413618.77,4422270.33,1561660.85,2798027.73,1479525.86,25115.39,More than 40 lacs,0% to 10%,EBITDA -ve,10% to 20%,63.27129553837112,33.45625096600551,1.6082486796028725,INR 35 to 45 lacs,Var <2%,High Profit
2024-03-01,Hyderabad,Johnson-Ruiz,Inactive,South,14507,5407714.64,1447649.11,4036633.73,1951882.14,2033814.31,683042.79,21155.64,INR 20 to 30 lacs,0% to 10%,EBITDA -ve,10% to 20%,50.38392001941677,16.921099006919313,1.0838584751843674,INR 35 to 45 lacs,Var <2%,Moderate Profit
2023-10-01,Pune,"Fox, Huang and Shaw",Inactive,East,11346,4681314.35,960476.68,3772001.4,1403293.88,2306998.8,892333.51,15590.7,INR 20 to 30 lacs,More than 30%,EBITDA +ve,More than 20%,61.16113318515735,23.65676507967362,1.1110074819110594,INR 35 to 45 lacs,Var <2%,High Profit
2023-11-01,Pune,"Fox, Huang and Shaw",Inactive,East,8586,3109134.04,729926.25,2464211.74,1054521.21,1280376.26,-10076.36,16950.15,More than 40 lacs,10% to 20%,EBITDA -ve,0% to 10%,51.95885723683793,-0.4089080429427708,1.6073787648140336,INR 15 to 25 lacs,Var <2%,Loss Making
2023-12-01,Pune,"Fox, Huang and Shaw",Inactive,East,9044,2972927.22,882347.67,2191814.05,1000271.79,1085124.31,-484066.56,21552.22,INR 20 to 30 lacs,10% to 20%,EBITDA -ve,More than 20%,49.50804608630007,-22.085201981436338,2.1546363913751883,INR 15 to 25 lacs,Var 2-3%,Loss Making
2024-01-01,Pune,"Fox, Huang and Shaw",Inactive,East,9323,4059030.24,696262.38,3446235.14,1091106.7,2220856.81,952383.27,21595.16,INR 30 to 40 lacs,0% to 10%,EBITDA -ve,10% to 20%,64.44298545455607,27.63546976077784,1.9791978181418919,INR 25 to 35 lacs,Var <2%,High Profit
2024-02-01,Pune,"Fox, Huang and Shaw",Inactive,East,7576,2876168.26,557029.77,2381096.0,728203.14,1570772.73,76600.48,17967.05,INR 30 to 40 lacs,0% to 10%,EBITDA -ve,More than 20%,65.96847544156137,3.2170261089851055,2.4673128984310613,INR 15 to 25 lacs,Var 2-3%,Low Profit
2024-03-01,Pune,"Fox, Huang and Shaw",Inactive,East,14806,5749300.87,1558186.28,4248506.52,1492301.85,2652154.9,1277620.15,28859.49,More than 40 lacs,0% to 10%,EBITDA +ve,10% to 20%,62.42558149587117,30.07221817797752,1.9338909215987368,INR 35 to 45 lacs,Var <2%,High Profit
2023-10-01,Bangalore,"Patterson, James and Allen",Active,West,12274,4644835.38,719389.54,3990253.53,1219581.12,2675865.47,1217177.65,18469.9,INR 20 to 30 lacs,More than 30%,EBITDA -ve,More than 20%,67.06003640826303,30.503767263129266,1.514446205923555,INR 35 to 45 lacs,Var <2%,High Profit
2023-11-01,Bangalore,"Patterson, James and Allen",Active,West,13703,4455367.42,1139427.76,3380402.68,1566366.37,1682108.81,361396.07,28603.81,More than 40 lacs,0% to 10%,EBITDA -ve,10% to 20%,49.760604556141224,10.690917745929605,1.8261251357177697,INR 25 to 35 lacs,Var <2%,Moderate Profit
2023-12-01,Bangalore,"Patterson, James and Allen",Active,West,8605,4267188.23,840004.2,3524228.4,1076304.66,2338627.79,931523.11,24035.18,INR 30 to 40 lacs,0% to 10%,EBITDA +ve,10% to 20%,66.35857624891736,26.43197330797289,2.2331204995433174,INR 35 to 45 lacs,Var 2-3%,High Profit
2024-01-01,Bangalore,"Patterson, James and Allen",Active,West,12364,3784777.1,1055677.46,2836420.51,1336647.85,1376702.64,-35776.17,29844.26,INR 30 to 40 lacs,More than 30%,EBITDA -ve,More than 20%,48.53661983991224,-1.2613140355553274,2.232769087235654,INR 25 to 35 lacs,Var 2-3%,Loss Making
2024-02-01,Bangalore,"Patterson, James and Allen",Active,West,12913,5774871.0,1105658.24,4742396.72,1828105.3,2810341.57,1490916.34,15866.94,More than 40 lacs,10% to 20%,EBITDA -ve,0% to 10%,59.25994251278075,31.438034985820423,0.8679445325168086,Above INR 45 lacs,Var <2%,High Profit
2024-03-01,Bangalore,"Patterson, James and Allen",Active,West,14793,7029233.84,1896302.88,5216458.57,1688113.15,3458542.13,2070737.9,17482.1,INR 20 to 30 lacs,More than 30%,EBITDA +ve,0% to 10%,66.30057698320797,39.69623974220502,1.035600012949369,Above INR 45 lacs,Var <2%,High Profit
2023-10-01,Mumbai,Scott-Bell,Inactive,East,9565,3031812.94,503806.08,2642918.76,1165779.23,1382407.35,-91838.17,17972.39,More than 40 lacs,More than 30%,EBITDA -ve,More than 20%,52.306085639953615,-3.4748767684406614,1.5416632529985974,INR 25 to 35 lacs,Var <2%,Loss Making
2023-11-01,Mumbai,Scott-Bell,Inactive,East,11262,4167314.7,1015122.99,3212540.53,1020825.13,2057422.6,687589.71,14166.85,INR 20 to 30 lacs,0% to 10%,EBITDA +ve,10% to 20%,64.04347527406917,21.403300707929123,1.3877842133451397,INR 25 to 35 lacs,Var <2%,High Profit
2023-12-01,Mumbai,Scott-Bell,Inactive,East,14663,7076551.95,1386256.94,5764429.26,2168242.03,3519342.16,2260432.61,28941.49,INR 20 to 30 lacs,More than 30%,EBITDA -ve,0% to 10%,61.052742626596135,39.21346777009455,1.3347905630258445,Above INR 45 lacs,Var <2%,High Profit
2024-01-01,Mumbai,Scott-Bell,Inactive,East,11338,5183979.18,1029437.0,4249246.2,1570824.76,2620845.39,1438188.07,16649.99,INR 30 to 40 lacs,More than 30%,EBITDA +ve,0% to 10%,61.67788983373098,33.845722330704206,1.0599520980303367,INR 35 to 45 lacs,Var <2%,High Profit
2024-02-01,Mumbai,Scott-Bell,Inactive,East,13866,4515962.64,746322.5,3861614.78,1800182.66,2002229.35,744215.87,23849.1,INR 20 to 30 lacs,10% to 20%,EBITDA +ve,10% to 20%,51.84953611556252,19.272141640187115,1.3248155606609386,INR 35 to 45 lacs,Var <2%,Moderate Profit
2024-03-01,Mumbai,Scott-Bell,Inactive,East,11122,4251308.45,861671.4,3473047.95,1405013.11,1960642.54,706930.71,28152.36,INR 20 to 30 lacs,More than 30%,EBITDA -ve,0% to 10%,56.45308006761035,20.354763889741285,2.003707993870605,INR 25 to 35 lacs,Var 2-3%,High Profit
2023-10-01,Bangalore,Burton Inc,Active,West,7229,2840217.11,439198.17,2537514.85,812536.62,1576927.99,129026.39,16765.95,INR 30 to 40 lacs,10% to 20%,EBITDA +ve,10% to 20%,62.14458173515713,5.084754085281511,2.063408539051446,INR 25 to 35 lacs,Var 2-3%,Low Profit
2023-11-01,Bangalore,Burton Inc,Active,West,11438,4042394.57,1129676.29,3036569.68,1196141.36,1728253.3,447914.62,27075.26,INR 20 to 30 lacs,More than 30%,EBITDA +ve,More than 20%,56.91465970245741,14.75067814020984,2.2635501877470396,INR 25 to 35 lacs,Var 2-3%,Moderate Profit
2023-12-01,Bangalore,Burton Inc,Active,West,12408,6096371.07,928270.56,5273944.4,1913366.24,3256369.59,1888803.85,18854.9,INR 30 to 40 lacs,More than 30%,EBITDA -ve,More than 20%,61.744480848148484,35.813874905469234,0.9854307871555213,Above INR 45 lacs,Var <2%,High Profit
2024-01-01,Bangalore,Burton Inc,Active,West,14902,7015346.61,1829166.09,5204896.8,1639383.05,3455429.51,2019631.43,11351.41,INR 20 to 30 lacs,More than 30%,EBITDA +ve,More than 20%,66.38805038363105,38.80252592135929,0.6924196270054153,Above INR 45 lacs,Var <2%,High Profit
2024-02-01,Bangalore,Burton Inc,Active,West,10518,3973880.06,911474.02,3183487.67,988573.56,2074750.32,551235.0,16842.25,INR 20 to 30 lacs,0% to 10%,EBITDA -ve,More than 20%,65.17224299474043,17.31544322268413,1.7036921359701345,INR 25 to 35 lacs,Var <2%,Moderate Profit
2024-03-01,Bangalore,Burton Inc,Active,West,10010,3915209.54,838391.66,3151016.43,1520385.79,1529120.95,255829.66,14692.32,More than 40 lacs,More than 30%,EBITDA -ve,More than 20%,48.527863436116704,8.118956713913422,0.966354730268822,INR 25 to 35 lacs,Var <2%,Low Profit
2023-10-01,Bangalore,"Allen, Torres and Williams",Active,North,9158,3779573.52,650544.87,3218936.57,1038754.13,2129461.03,801006.38,11643.47,INR 30 to 40 lacs,10% to 20%,EBITDA -ve,10% to 20%,66.1541780551457,24.884192732011492,1.1209072160319593,INR 25 to 35 lacs,Var <2%,High Profit
2023-11-01,Bangalore,"Allen, Torres and Williams",Active,North,12675,4506988.53,851424.5,3770649.94,1586103.54,2087720.79,910589.44,24403.74,INR 30 to 40 lacs,0% to 10%,EBITDA +ve,10% to 20%,55.36766401603433,24.14940274195806,1.538596906479384,INR 35 to 45 lacs,Var <2%,High Profit
2023-12-01,Bangalore,"Allen, Torres and Williams",Active,North,11455,3441048.88,982979.0,2527454.72,976792.64,1467385.97,143661.28,10461.19,More than 40 lacs,More than 30%,EBITDA -ve,More than 20%,58.057853950396385,5.684029821115845,1.0709734667943445,INR 25 to 35 lacs,Var <2%,Low Profit
2024-01-01,Bangalore,"Allen, Torres and Williams",Active,North,7931,3380419.49,909388.98,2579729.0,878162.39,1591882.94,61151.8,25209.13,More than 40 lacs,10% to 20%,EBITDA +ve,0% to 10%,61.70737081298074,2.370473797829152,2.8706683737617142,INR 25 to 35 lacs,Var 2-3%,Low Profit
2024-02-01,Bangalore,"Allen, Torres and Williams",Active,North,9186,4169667.83,1039970.15,3219901.59,1467610.49,1642526.71,388804.86,20225.5,INR 20 to 30 lacs,More than 30%,EBITDA -ve,More than 20%,51.01170529873244,12.0750541323221,1.3781245185839466,INR 25 to 35 lacs,Var <2%,Moderate Profit
2024-03-01,Bangalore,"Allen, Torres and Williams",Active,North,9701,3627305.61,742322.34,3028368.47,1134357.49,1748344.77,472637.84,26989.36,INR 30 to 40 lacs,More than 30%,EBITDA +ve,More than 20%,57.73223395104229,15.607012313135066,2.379264053697922,INR 25 to 35 lacs,Var 2-3%,Moderate Profit
2023-10-01,Pune,"Aguilar, Becker and Hernandez",Active,East,11811,3561403.95,868767.88,2765074.26,1211271.41,1456824.63,-36376.38,28443.11,INR 30 to 40 lacs,More than 30%,EBITDA -ve,More than 20%,52.686636705373694,-1.3155661143075412,2.3482028689177104,INR 25 to 35 lacs,Var 2-3%,Loss Making
2023-11-01,Pune,"Aguilar, Becker and Hernandez",Active,East,11644,4825764.03,1140538.26,3786760.71,1579655.84,2095810.12,758731.0,17778.06,More than 40 lacs,More than 30%,EBITDA -ve,More than 20%,55.34572370695163,20.036412599200123,1.125438817103351,INR 35 to 45 lacs,Var <2%,High Profit
2023-12-01,Pune,"Aguilar, Becker and Hernandez",Active,East,7350,2214055.95,401609.99,1848533.16,827268.01,956745.49,-498857.41,14507.84,More than 40 lacs,More than 30%,EBITDA -ve,10% to 20%,51.75700986613624,-26.98666276562764,1.7537049450274282,INR 15 to 25 lacs,Var <2%,Loss Making
2024-01-01,Pune,"Aguilar, Becker and Hernandez",Active,East,8943,2903684.8,545214.41,2433055.01,940707.36,1350946.1,-133095.99,23207.37,INR 20 to 30 lacs,More than 30%,EBITDA +ve,0% to 10%,55.52468375961628,-5.47032391182968,2.4670126956378864,INR 15 to 25 lacs,Var 2-3%,Loss Making
2024-02-01,Pune,"Aguilar, Becker and Hernandez",Active,East,10502,3806376.3,727270.41,3190390.8,1381802.12,1740862.85,345649.03,28946.76,INR 30 to 40 lacs,0% to 10%,EBITDA +ve,More than 20%,54.565818394411124,10.83406553203451,2.0948556657301984,INR 25 to 35 lacs,Var 2-3%,Moderate Profit
2024-03-01,Pune,"Aguilar, Becker and Hernandez",Active,East,13583,5344672.22,1336495.34,4125657.96,1915929.16,2142403.81,646348.04,27490.04,INR 20 to 30 lacs,0% to 10%,EBITDA -ve,0% to 10%,51.92877913708581,15.66654449463862,1.4348150533916402,INR 35 to 45 lacs,Var <2%,Moderate Profit
2023-10-01,Mumbai,Lin-David,Active,East,9718,3754241.43,662665.93,3201876.23,1374408.56,1719636.6,362456.34,15402.28,INR 20 to 30 lacs,More than 30%,EBITDA -ve,0% to 10%,53.707154070724336,11.320123389029314,1.1206478516111686,INR 25 to 35 lacs,Var <2%,Moderate Profit
2023-11-01,Mumbai,Lin-David,Active,East,7303,3503447.38,944581.7,2674816.33,767994.15,1824492.09,466982.17,23576.91,More than 40 lacs,0% to 10%,EBITDA -ve,10% to 20%,68.20999518871638,17.458476111516784,3.0699335405093904,INR 25 to 35 lacs,Var 3-5%,Moderate Profit
2023-12-01,Mumbai,Lin-David,Active,East,13744,4787748.65,1000587.69,3883938.93,1441756.92,2325579.93,923989.09,13288.75,INR 20 to 30 lacs,More than 30%,EBITDA +ve,More than 20%,59.87684080295259,23.79000047768516,0.9217053038316612,INR 35 to 45 lacs,Var <2%,High Profit
2024-01-01,Mumbai,Lin-David,Active,East,10014,3791934.91,635842.68,3222821.69,1185471.97,1974697.5,625355.77,17111.91,More than 40 lacs,More than 30%,EBITDA -ve,0% to 10%,61.27231630987316,19.403982911632944,1.4434681235018996,INR 25 to 35 lacs,Var <2%,Moderate Profit
2024-02-01,Mumbai,Lin-David,Active,East,12363,5867419.21,1231073.37,4715214.69,1832325.08,2807403.51,1464139.57,11812.96,More than 40 lacs,More than 30%,EBITDA -ve,More than 20%,59.53925101128321,31.051387185087005,0.6446978284006242,Above INR 45 lacs,Var <2%,High Profit
2024-03-01,Mumbai,Lin-David,Active,East,14698,5132927.02,946034.59,4290726.19,1896624.38,2286988.14,942119.4,18006.69,More than 40 lacs,0% to 10%,EBITDA -ve,10% to 20%,53.300724369923024,21.957108384023915,0.9494072832702909,INR 35 to 45 lacs,Var <2%,High Profit
2023-10-01,Bangalore,Huang-Hart,Active,East,12260,5594307.19,867269.48,4786763.92,1574077.18,3126977.79,1676838.87,23265.32,INR 20 to 30 lacs,More than 30%,EBITDA -ve,0% to 10%,65.32550679875601,35.03074097709001,1.4780291777052508,Above INR 45 lacs,Var <2%,High Profit
2023-11-01,Bangalore,Huang-Hart,Active,East,12408,3847627.25,744795.72,3189296.41,1540238.45,1560413.09,245573.49,13165.19,More than 40 lacs,10% to 20%,EBITDA +ve,More than 20%,48.92656214415643,7.699926831197229,0.8547501200220007,INR 25 to 35 lacs,Var <2%,Low Profit
2023-12-01,Bangalore,Huang-Hart,Active,East,14492,5295006.24,862572.38,4557977.32,1855996.58,2634774.36,1352972.9,23684.48,More than 40 lacs,More than 30%,EBITDA -ve,More than 20%,57.80578039383486,29.68362510412842,1.2761057997208163,Above INR 45 lacs,Var <2%,High Profit
2024-01-01,Bangalore,Huang-Hart,Active,East,14967,5775360.65,1453727.16,4408659.78,1832668.15,2428856.36,1136819.72,28298.89,More than 40 lacs,More than 30%,EBITDA +ve,More than 20%,55.092850916248295,25.786061450176135,1.5441360728618545,INR 35 to 45 lacs,Var <2%,High Profit
2024-02-01,Bangalore,Huang-Hart,Active,East,11727,4997371.07,1129496.53,3923538.21,1833767.65,2037824.85,806900.54,23049.28,INR 20 to 30 lacs,10% to 20%,EBITDA -ve,0% to 10%,51.938447924532895,20.565634812563736,1.2569356864813273,INR 35 to 45 lacs,Var <2%,High Profit
2024-03-01,Bangalore,Huang-Hart,Active,East,8844,3241511.99,877221.71,2434545.97,979804.8,1384680.06,6348.09,10485.06,More than 40 lacs,0% to 10%,EBITDA +ve,0% to 10%,56.876316038509636,0.2607504675707561,1.0701172315138687,INR 15 to 25 lacs,Var <2%,Low Profit
2023-10-01,Hyderabad,"Rodriguez, Montoya and Phillips",Inactive,West,8935,3201072.44,899733.41,2406861.92,855644.24,1459307.13,-59597.2,10993.1,INR 20 to 30 lacs,10% to 20%,EBITDA -ve,More than 20%,60.63111131859197,-2.4761370606586355,1.2847746161418676,INR 15 to 25 lacs,Var <2%,Loss Making
2023-11-01,Hyderabad,"Rodriguez, Montoya and Phillips",Inactive,West,11753,5659224.54,1616214.3,4153806.43,1785243.02,2243182.48,1011815.82,13094.14,INR 30 to 40 lacs,0% to 10%,EBITDA +ve,More than 20%,54.0030576244257,24.3587619464492,0.7334654079756604,INR 35 to 45 lacs,Var <2%,High Profit
2023-12-01,Hyderabad,"Rodriguez, Montoya and Phillips",Inactive,West,8887,3862651.92,827773.1,3107418.24,1278274.53,1744514.25,460282.36,17054.16,INR 30 to 40 lacs,0% to 10%,EBITDA -ve,10% to 20%,56.14031054924875,14.812372344187564,1.334154721834284,INR 25 to 35 lacs,Var <2%,Moderate Profit
2024-01-01,Hyderabad,"Rodriguez, Montoya and Phillips",Inactive,West,11142,5320428.23,1313831.38,4145861.53,1539481.55,2494223.26,1135152.86,24844.45,More than 40 lacs,0% to 10%,EBITDA +ve,0% to 10%,60.16175991290284,27.38038527784598,1.6138192757165555,INR 35 to 45 lacs,Var <2%,High Profit
2024-02-01,Hyderabad,"Rodriguez, Montoya and Phillips",Inactive,West,7086,2431691.14,484181.3,2036881.33,924676.51,1049416.57,-126054.88,20623.09,INR 30 to 40 lacs,More than 30%,EBITDA +ve,More than 20%,51.520751579572874,-6.188621700410991,2.2303032224750687,INR 15 to 25 lacs,Var 2-3%,Loss Making
2024-03-01,Hyderabad,"Rodriguez, Montoya and Phillips",Inactive,West,8250,3280374.23,540645.06,2836320.12,1068307.72,1704167.8,367558.01,26727.12,More than 40 lacs,More than 30%,EBITDA -ve,10% to 20%,60.08376092611154,12.95897481416872,2.501818483535811,INR 25 to 35 lacs,Var 2-3%,Moderate Profit
2023-10-01,Hyderabad,Torres Ltd,Active,East,13083,4559548.63,909471.29,3742606.56,1213407.79,2401970.76,1092686.13,15837.28,More than 40 lacs,10% to 20%,EBITDA +ve,0% to 10%,64.17908806315991,29.19585888825033,1.305190236169491,INR 35 to 45 lacs,Var <2%,High Profit
2023-11-01,Hyderabad,Torres Ltd,Active,East,8576,4285969.8,889642.7,3444142.86,1370913.73,1992564.96,527148.74,22845.96,More than 40 lacs,0% to 10%,EBITDA +ve,10% to 20%,57.85372561462216,15.30565837213849,1.6664768540905923,INR 25 to 35 lacs,Var <2%,Moderate Profit
2023-12-01,Hyderabad,Torres Ltd,Active,East,9238,2797494.66,683573.54,2178749.49,947187.31,1144003.58,-149989.03,11110.41,More than 40 lacs,More than 30%,EBITDA -ve,0% to 10%,52.50734814859326,-6.884179695206721,1.1729897437076093,INR 15 to 25 lacs,Var <2%,Loss Making
2024-01-01,Hyderabad,Torres Ltd,Active,East,13903,5219154.77,866341.79,4479388.24,2053958.19,2328370.34,943381.95,27942.56,INR 30 to 40 lacs,0% to 10%,EBITDA +ve,More than 20%,51.9796502390246,21.06050870017911,1.3604249656123721,INR 35 to 45 lacs,Var <2%,High Profit
2024-02-01,Hyderabad,Torres Ltd,Active,East,12887,6305333.69,1775728.1,4607354.05,2089548.92,2407936.93,1239227.17,23732.7,INR 30 to 40 lacs,10% to 20%,EBITDA -ve,10% to 20%,52.26290195779507,26.896721123483008,1.1357810182304802,Above INR 45 lacs,Var <2%,High Profit
2024-03-01,Hyderabad,Torres Ltd,Active,East,14246,4893070.43,812707.89,4217196.04,1266089.47,2822622.81,1503085.99,11513.05,INR 20 to 30 lacs,More than 30%,EBITDA -ve,More than 20%,66.9312686255866,35.641833477582416,0.9093393691995558,INR 35 to 45 lacs,Var <2%,High Profit
2023-10-01,Ahmedabad,"Gay, Walker and Ruiz",Inactive,West,12169,5558214.2,1236672.02,4375696.05,1744719.72,2523381.02,1236674.39,10229.05,INR 30 to 40 lacs,0% to 10%,EBITDA +ve,0% to 10%,57.668105626303735,28.262346741383006,0.5862861457197263,INR 35 to 45 lacs,Var <2%,High Profit
2023-11-01,Ahmedabad,"Gay, Walker and Ruiz",Inactive,West,8296,2766242.99,698317.46,2187337.73,909833.61,1225850.52,-135763.83,12983.49,More than 40 lacs,10% to 20%,EBITDA -ve,0% to 10%,56.043038218885386,-6.206806938771178,1.4270180676222766,INR 15 to 25 lacs,Var <2%,Loss Making
2023-12-01,Ahmedabad,"Gay, Walker and Ruiz",Inactive,West,8343,3758498.24,582938.03,3199910.64,1309988.37,1776508.07,420943.12,10979.98,INR 30 to 40 lacs,10% to 20%,EBITDA -ve,0% to 10%,55.517427511663264,13.15483984890278,0.8381738534060419,INR 25 to 35 lacs,Var <2%,Moderate Profit
2024-01-01,Ahmedabad,"Gay, Walker and Ruiz",Inactive,West,11471,3488311.67,627646.32,2996473.63,1039028.98,1869622.73,534823.95,18860.91,More than 40 lacs,10% to 20%,EBITDA -ve,10% to 20%,62.39409922656319,17.848445073751574,1.8152438828029611,INR 25 to 35 lacs,Var <2%,Moderate Profit
2024-02-01,Ahmedabad,"Gay, Walker and Ruiz",Inactive,West,8253,2807630.47,670708.35,2236380.94,674656.08,1420738.83,64674.79,27496.48,INR 20 to 30 lacs,10% to 20%,EBITDA +ve,10% to 20%,63.5284805280088,2.891939778381406,4.075629170939956,INR 15 to 25 lacs,Var 3-5%,Low Profit
2024-03-01,Ahmedabad,"Gay, Walker and Ruiz",Inactive,West,13912,4912971.54,1340134.75,3661780.42,1408284.86,2124448.73,774938.14,13835.96,More than 40 lacs,0% to 10%,EBITDA +ve,0% to 10%,58.016824777275964,21.162878466644923,0.9824688451170311,INR 35 to 45 lacs,Var <2%,High Profit
2023-10-01,Hyderabad,Reyes PLC,Active,West,14103,5270774.06,1355075.21,4005270.01,1787905.01,2108455.79,739710.87,27011.2,INR 20 to 30 lacs,More than 30%,EBITDA +ve,More than 20%,52.642038732365016,18.46843953474188,1.5107737742733882,INR 35 to 45 lacs,Var <2%,Moderate Profit
2023-11-01,Hyderabad,Reyes PLC,Active,West,11333,3569018.3,582656.22,3043729.34,1010876.45,1970459.64,575164.82,29703.39,INR 30 to 40 lacs,0% to 10%,EBITDA +ve,More than 20%,64.73833313970026,18.896713726851942,2.9383798583892227,INR 25 to 35 lacs,Var 2-3%,Moderate Profit
2023-12-01,Hyderabad,Reyes PLC,Active,West,7830,3814734.34,937058.74,2972004.74,1139090.17,1706415.62,97712.65,29562.9,More than 40 lacs,More than 30%,EBITDA -ve,More than 20%,57.416315560788775,3.2877689824949603,2.5953081484321827,INR 25 to 35 lacs,Var 2-3%,Low Profit
2024-01-01,Hyderabad,Reyes PLC,Active,West,7213,2399285.32,560995.79,1890224.02,739654.26,1075897.08,-386069.07,19959.49,INR 20 to 30 lacs,More than 30%,EBITDA +ve,0% to 10%,56.91902486775086,-20.424514021359226,2.698489156271472,INR 15 to 25 lacs,Var 2-3%,Loss Making
2024-02-01,Hyderabad,Reyes PLC,Active,West,10950,3875148.8,795536.16,3172859.44,917598.09,2129151.7,880971.35,14067.71,INR 30 to 40 lacs,More than 30%,EBITDA -ve,0% to 10%,67.10513781852246,27.76584865038963,1.533101491089634,INR 25 to 35 lacs,Var <2%,High Profit
2024-03-01,Hyderabad,Reyes PLC,Active,West,13336,4084235.43,1078982.01,3054257.03,1295653.25,1676292.83,383384.42,13564.38,INR 20 to 30 lacs,0% to 10%,EBITDA +ve,0% to 10%,54.88381670353396,12.552460917148156,1.0469143653983037,INR 25 to 35 lacs,Var <2%,Moderate Profit
2023-10-01,Mumbai,"Barker, Morgan and Hughes",Active,West,14227,6969454.49,1624253.35,5419267.18,2068269.05,3251296.03,1901641.02,27158.93,INR 30 to 40 lacs,10% to 20%,EBITDA -ve,10% to 20%,59.99512336278647,35.09037212666086,1.3131236480089474,Above INR 45 lacs,Var <2%,High Profit
2023-11-01,Mumbai,"Barker, Morgan and Hughes",Active,West,12412,4257648.8,1064204.26,3279389.76,1276353.51,1858110.64,483923.1,12343.07,More than 40 lacs,10% to 20%,EBITDA -ve,10% to 20%,56.66025620571554,14.756498477326465,0.9670573162759587,INR 25 to 35 lacs,Var <2%,Moderate Profit
2023-12-01,Mumbai,"Barker, Morgan and Hughes",Active,West,7219,3508940.05,605808.24,2977792.79,1261574.02,1661967.93,413750.52,10018.48,INR 20 to 30 lacs,10% to 20%,EBITDA +ve,More than 20%,55.81207448621702,13.894536966757853,0.794125421194073,INR 25 to 35 lacs,Var <2%,Moderate Profit
2024-01-01,Mumbai,"Barker, Morgan and Hughes",Active,West,14540,5094614.78,1454191.18,3712296.2,1480714.29,2094910.04,634623.93,28231.17,INR 20 to 30 lacs,More than 30%,EBITDA +ve,More than 20%,56.431651116632345,17.09518572359609,1.9065913114136284,INR 35 to 45 lacs,Var <2%,Moderate Profit
2024-02-01,Mumbai,"Barker, Morgan and Hughes",Active,West,8501,3521252.24,591870.47,3036786.72,1279935.39,1665684.18,430756.09,20938.3,More than 40 lacs,0% to 10%,EBITDA +ve,10% to 20%,54.85021944511137,14.184601347308314,1.6358872614655966,INR 25 to 35 lacs,Var <2%,Moderate Profit
2024-03-01,Mumbai,"Barker, Morgan and Hughes",Active,West,14008,5141764.3,1146263.51,4069665.15,1716559.75,2223857.72,1002129.78,24089.24,More than 40 lacs,0% to 10%,EBITDA -ve,More than 20%,54.6447345919848,24.624379231790115,1.4033441014797186,INR 35 to 45 lacs,Var <2%,High Profit
2023-10-01,Mumbai,Gibson-Floyd,Inactive,West,12686,3949597.5,657477.2,3345664.45,1153303.46,2127193.85,717825.07,13912.32,INR 30 to 40 lacs,10% to 20%,EBITDA -ve,More than 20%,63.58060952585966,21.455381456439838,1.206301765538794,INR 25 to 35 lacs,Var <2%,High Profit
2023-11-01,Mumbai,Gibson-Floyd,Inactive,West,11647,5617935.94,981035.96,4744646.26,1730855.64,2879497.83,1658265.48,21746.88,INR 20 to 30 lacs,10% to 20%,EBITDA +ve,More than 20%,60.68941017322543,34.95024474174393,1.256423672629336,Above INR 45 lacs,Var <2%,High Profit
2023-12-01,Mumbai,Gibson-Floyd,Inactive,West,11809,3648901.9,742152.56,3013560.01,1315146.06,1617256.32,188598.19,11267.7,INR 20 to 30 lacs,0% to 10%,EBITDA -ve,More than 20%,53.66597362034945,6.258318711894509,0.8567641528728756,INR 25 to 35 lacs,Var <2%,Low Profit
2024-01-01,Mumbai,Gibson-Floyd,Inactive,West,14513,5019692.14,1145428.28,3969884.37,1355012.67,2520067.09,1139076.3,24425.45,INR 30 to 40 lacs,More than 30%,EBITDA +ve,10% to 20%,63.47960935698487,28.69293394557988,1.8025993808604022,INR 35 to 45 lacs,Var <2%,High Profit
2024-02-01,Mumbai,Gibson-Floyd,Inactive,West,8781,4343261.53,1116918.74,3271944.47,1452931.41,1732931.2,400639.91,21502.77,More than 40 lacs,More than 30%,EBITDA -ve,0% to 10%,52.96334384305733,12.244703835086785,1.4799576808653343,INR 25 to 35 lacs,Var <2%,Moderate Profit
2024-03-01,Mumbai,Gibson-Floyd,Inactive,West,9121,3374750.54,622396.75,2868804.45,1280336.3,1528998.25,77950.92,25064.01,More than 40 lacs,More than 30%,EBITDA +ve,0% to 10%,53.2974023377578,2.7171918253264,1.957611449429341,INR 25 to 35 lacs,Var <2%,Low Profit
2023-10-01,Ahmedabad,"Tran, Scott and Harrison",Inactive,West,14413,6334746.73,1687950.37,4732578.25,2200819.56,2407986.1,1071606.94,22932.86,More than 40 lacs,More than 30%,EBITDA +ve,10% to 20%,50.88106255823662,22.643195387207808,1.0420145484348566,Above INR 45 lacs,Var <2%,High Profit
2023-11-01,Ahmedabad,"Tran, Scott and Harrison",Inactive,West,9105,2916433.27,579164.91,2467324.26,774662.71,1573031.33,56267.29,23546.58,INR 20 to 30 lacs,More than 30%,EBITDA -ve,0% to 10%,63.75454396091417,2.2804983889713792,3.0395912564321064,INR 15 to 25 lacs,Var 3-5%,Low Profit
2023-12-01,Ahmedabad,"Tran, Scott and Harrison",Inactive,West,11924,3599815.91,865427.74,2848602.37,1286446.21,1483183.6,78124.03,15158.93,INR 30 to 40 lacs,More than 30%,EBITDA +ve,0% to 10%,52.06706332972685,2.742538966573983,1.1783570803166343,INR 25 to 35 lacs,Var <2%,Low Profit
2024-01-01,Ahmedabad,"Tran, Scott and Harrison",Inactive,West,10051,3673285.31,741937.84,3013117.5,1067216.91,1880451.79,591681.13,28484.79,INR 20 to 30 lacs,0% to 10%,EBITDA -ve,0% to 10%,62.408843664410696,19.636842240636152,2.6690722132579405,INR 25 to 35 lacs,Var 2-3%,Moderate Profit
2024-02-01,Ahmedabad,"Tran, Scott and Harrison",Inactive,West,8967,2890444.81,499719.11,2469231.41,1125197.94,1258018.24,-108458.27,29993.94,INR 20 to 30 lacs,0% to 10%,EBITDA +ve,More than 20%,50.94776596900652,-4.392389857052725,2.6656589861869104,INR 15 to 25 lacs,Var 2-3%,Loss Making
2024-03-01,Ahmedabad,"Tran, Scott and Harrison",Inactive,West,9377,3990135.9,1004411.64,3045102.32,1048062.8,1869815.58,632320.67,25269.93,INR 30 to 40 lacs,More than 30%,EBITDA +ve,10% to 20%,61.40403124450676,20.765169887624666,2.4111083801466857,INR 25 to 35 lacs,Var 2-3%,High Profit
2023-10-01,Ahmedabad,Chavez-Bell,Active,East,8848,3380353.65,668103.85,2841146.89,937382.28,1780260.75,562930.95,20879.53,INR 20 to 30 lacs,More than 30%,EBITDA -ve,10% to 20%,62.659933432727236,19.813510944518605,2.227429560541725,INR 25 to 35 lacs,Var 2-3%,Moderate Profit
2023-11-01,Ahmedabad,Chavez-Bell,Active,East,7895,3610956.24,708376.34,2983956.09,916015.73,1998881.09,617522.21,20695.63,INR 30 to 40 lacs,0% to 10%,EBITDA +ve,0% to 10%,66.98761743508096,20.694748561129128,2.259309455308153,INR 25 to 35 lacs,Var 2-3%,High Profit
2023-12-01,Ahmedabad,Chavez-Bell,Active,East,14341,7069491.36,1340321.69,5843756.71,2448721.42,3289291.49,1950091.67,26412.58,INR 30 to 40 lacs,More than 30%,EBITDA +ve,0% to 10%,56.28727637431026,33.370514324508896,1.078627392412813,Above INR 45 lacs,Var <2%,High Profit
2024-01-01,Ahmedabad,Chavez-Bell,Active,East,9034,2957491.04,740385.2,2265271.66,1088657.43,1125412.17,-350961.95,10978.14,INR 30 to 40 lacs,10% to 20%,EBITDA -ve,10% to 20%,49.68111286043281,-15.493150609582958,1.0084108827512435,INR 15 to 25 lacs,Var <2%,Loss Making
2024-02-01,Ahmedabad,Chavez-Bell,Active,East,7065,2378549.6,389910.66,2053151.7,595622.06,1381084.19,13923.92,28079.51,More than 40 lacs,More than 30%,EBITDA -ve,More than 20%,67.26654391879568,0.6781729766972406,4.714316659124411,INR 15 to 25 lacs,Var 3-5%,Low Profit
2024-03-01,Ahmedabad,Chavez-Bell,Active,East,13240,6213742.46,1779278.01,4487565.35,1358967.7,3005312.39,1724392.85,12453.57,More than 40 lacs,0% to 10%,EBITDA -ve,10% to 20%,66.96977437888454,38.42602202996331,0.916399263941299,INR 35 to 45 lacs,Var <2%,High Profit
2023-10-01,Bangalore,Valdez Inc,Active,South,13681,4779276.39,1032212.4,3858990.56,1223265.7,2560458.24,1270118.93,29406.53,INR 30 to 40 lacs,0% to 10%,EBITDA +ve,More than 20%,66.35046653236697,32.91324273153962,2.4039364465136233,INR 35 to 45 lacs,Var 2-3%,High Profit
2023-11-01,Bangalore,Valdez Inc,Active,South,13950,6557630.37,1947624.92,4709222.4,1667267.44,2956274.6,1606549.58,22037.57,More than 40 lacs,More than 30%,EBITDA -ve,10% to 20%,62.77627915810474,34.114965137344115,1.3217777467063112,Above INR 45 lacs,Var <2%,High Profit
2023-12-01,Bangalore,Valdez Inc,Active,South,7118,3412562.0,528754.57,2953655.15,1209463.73,1657662.69,313663.46,10979.43,INR 30 to 40 lacs,0% to 10%,EBITDA -ve,10% to 20%,56.122418014845096,10.619501738379986,0.9077932415550817,INR 25 to 35 lacs,Var <2%,Moderate Profit
2024-01-01,Bangalore,Valdez Inc,Active,South,10990,4901314.96,1009402.52,3948614.11,1834375.45,2040619.22,718602.4,20046.33,INR 30 to 40 lacs,10% to 20%,EBITDA -ve,10% to 20%,51.67937821100478,18.19885103940937,1.092814995970427,INR 35 to 45 lacs,Var <2%,Moderate Profit
2024-02-01,Bangalore,Valdez Inc,Active,South,13612,6127989.05,1578279.58,4585995.24,1998688.12,2527974.31,1136625.8,19054.84,INR 30 to 40 lacs,More than 30%,EBITDA +ve,0% to 10%,55.12378835351779,24.78471390650637,0.9533673517807271,Above INR 45 lacs,Var <2%,High Profit
2024-03-01,Bangalore,Valdez Inc,Active,South,13980,5881970.0,1756542.16,4183210.87,1563391.5,2569360.57,1091273.52,24014.43,More than 40 lacs,More than 30%,EBITDA +ve,10% to 20%,61.42077580707759,26.086983274644243,1.53604711295923,INR 35 to 45 lacs,Var <2%,High Profit
2023-10-01,Pune,Smith-Carpenter,Inactive,South,8405,3422844.02,1017177.36,2451336.85,1112308.06,1223466.06,60644.68,20294.51,More than 40 lacs,More than 30%,EBITDA +ve,More than 20%,49.910156574360634,2.4739431465732666,1.8245404065488833,INR 15 to 25 lacs,Var <2%,Low Profit
2023-11-01,Pune,Smith-Carpenter,Inactive,South,14665,7197998.69,1231947.89,6056223.92,2277395.79,3660495.14,2431338.32,20419.68,INR 20 to 30 lacs,0% to 10%,EBITDA +ve,More than 20%,60.44187249932463,40.146110053341616,0.8966241217122827,Above INR 45 lacs,Var <2%,High Profit
2023-12-01,Pune,Smith-Carpenter,Inactive,South,8960,4042721.79,717702.65,3455287.15,1591243.74,1752589.98,262082.4,17698.41,More than 40 lacs,10% to 20%,EBITDA +ve,0% to 10%,50.7219777667393,7.584967287016942,1.1122375255974297,INR 25 to 35 lacs,Var <2%,Low Profit
2024-01-01,Pune,Smith-Carpenter,Inactive,South,10081,4725719.89,1297082.2,3514459.65,1349512.69,2097811.26,775932.77,28959.72,More than 40 lacs,10% to 20%,EBITDA -ve,More than 20%,59.6908620077627,22.078295023247744,2.1459390648634806,INR 35 to 45 lacs,Var 2-3%,High Profit
2024-02-01,Pune,Smith-Carpenter,Inactive,South,14968,5262897.03,966023.22,4398245.92,1497485.22,2781749.52,1235282.53,17303.4,INR 20 to 30 lacs,10% to 20%,EBITDA -ve,0% to 10%,63.24679362176274,28.085799486173347,1.155497214189533,INR 35 to 45 lacs,Var <2%,High Profit
2024-03-01,Pune,Smith-Carpenter,Inactive,South,9699,3942701.77,765491.73,3292796.12,1512156.08,1686763.8,333296.2,20457.81,More than 40 lacs,More than 30%,EBITDA -ve,0% to 10%,51.2258803317589,10.12198107181929,1.3528901064234056,INR 25 to 35 lacs,Var <2%,Moderate Profit
2023-10-01,Bangalore,Jensen-Edwards,Inactive,West,12820,4520429.48,1046124.57,3546632.86,1211538.99,2252097.37,901736.67,10499.1,INR 30 to 40 lacs,More than 30%,EBITDA +ve,More than 20%,63.49959127147996,25.425148460390684,0.8665920029532025,INR 35 to 45 lacs,Var <2%,High Profit
2023-11-01,Bangalore,Jensen-Edwards,Inactive,West,10177,3211321.08,800755.07,2508607.64,910654.11,1527674.78,224244.71,28224.91,INR 20 to 30 lacs,More than 30%,EBITDA +ve,More than 20%,60.897318322764896,8.939010884938545,3.0994105983884483,INR 25 to 35 lacs,Var 3-5%,Low Profit
2023-12-01,Bangalore,Jensen-Edwards,Inactive,West,7828,2986683.36,881848.31,2186275.88,816990.27,1287371.94,96347.98,15262.65,INR 20 to 30 lacs,10% to 20%,EBITDA +ve,0% to 10%,58.884240171921945,4.406945202176406,1.8681556635919299,INR 15 to 25 lacs,Var <2%,Low Profit
2024-01-01,Bangalore,Jensen-Edwards,Inactive,West,9462,3190246.48,929330.9,2390730.64,686782.95,1635861.89,442065.87,14306.59,More than 40 lacs,More than 30%,EBITDA +ve,More than 20%,68.4251861179978,18.490827138936904,2.0831312134350455,INR 15 to 25 lacs,Var 2-3%,Moderate Profit
2024-02-01,Bangalore,Jensen-Edwards,Inactive,West,8663,4118468.94,827958.75,3386906.95,1019992.52,2299456.62,927425.42,10925.4,More than 40 lacs,10% to 20%,EBITDA -ve,0% to 10%,67.89252418050634,27.3826660635008,1.0711255019791712,INR 25 to 35 lacs,Var <2%,High Profit
2024-03-01,Bangalore,Jensen-Edwards,Inactive,West,12184,5491684.53,1207669.22,4414531.47,2012454.96,2341894.57,956959.88,17337.59,INR 20 to 30 lacs,10% to 20%,EBITDA +ve,0% to 10%,53.04967437461715,21.677495935939042,0.861514436079603,INR 35 to 45 lacs,Var <2%,High Profit
2023-10-01,Mumbai,"Hahn, Farmer and Bowen",Active,East,11854,4297278.44,769724.52,3590312.4,1298718.15,2214178.26,861580.4,21393.25,INR 20 to 30 lacs,More than 30%,EBITDA +ve,More than 20%,61.67090808031078,23.997365800257384,1.6472588759924547,INR 35 to 45 lacs,Var <2%,High Profit
2023-11-01,Mumbai,"Hahn, Farmer and Bowen",Active,East,9205,2762235.83,459700.83,2362187.14,805002.8,1412074.81,5537.99,24205.91,INR 30 to 40 lacs,10% to 20%,EBITDA -ve,10% to 20%,59.77827861682458,0.23444332187838426,3.0069348827109668,INR 15 to 25 lacs,Var 3-5%,Low Profit
2023-12-01,Mumbai,"Hahn, Farmer and Bowen",Active,East,8872,3954104.17,1045262.56,2952800.05,1337946.24,1506685.21,142170.16,17564.97,INR 20 to 30 lacs,0% to 10%,EBITDA -ve,0% to 10%,51.025642931698,4.814757436759052,1.3128307756221955,INR 25 to 35 lacs,Var <2%,Low Profit
2024-01-01,Mumbai,"Hahn, Farmer and Bowen",Active,East,10362,3937416.72,1120626.21,2955177.31,1073214.38,1771601.62,299140.96,10728.53,More than 40 lacs,More than 30%,EBITDA -ve,More than 20%,59.94908034807563,10.122606145754416,0.9996632732408972,INR 25 to 35 lacs,Var <2%,Moderate Profit
2024-02-01,Mumbai,"Hahn, Farmer and Bowen",Active,East,7615,3004158.06,584358.64,2511316.36,912734.53,1537969.77,370303.61,10760.35,INR 30 to 40 lacs,More than 30%,EBITDA +ve,10% to 20%,61.24157810209145,14.745398703968943,1.1789134349940722,INR 25 to 35 lacs,Var <2%,Moderate Profit
2024-03-01,Mumbai,"Hahn, Farmer and Bowen",Active,East,10975,4085370.48,771957.97,3439277.85,1523665.77,1790738.21,341178.99,19159.27,More than 40 lacs,10% to 20%,EBITDA -ve,More than 20%,52.06727365746271,9.920076390455048,1.2574457192143917,INR 25 to 35 lacs,Var <2%,Low Profit
2023-10-01,Ahmedabad,Rose and Sons,Inactive,East,13965,4937549.4,811043.41,4202186.02,1270025.0,2844244.56,1477825.7,19115.41,INR 20 to 30 lacs,More than 30%,EBITDA -ve,10% to 20%,67.6848798806865,35.16802190494175,1.5051207653392649,INR 35 to 45 lacs,Var <2%,High Profit
2023-11-01,Ahmedabad,Rose and Sons,Inactive,East,13867,5168180.24,848662.34,4395621.2,1544441.25,2709126.94,1441864.89,23894.48,INR 30 to 40 lacs,10% to 20%,EBITDA -ve,More than 20%,61.63240226432614,32.802300844303865,1.5471278043111059,INR 35 to 45 lacs,Var <2%,High Profit
2023-12-01,Ahmedabad,Rose and Sons,Inactive,East,9614,4105307.13,1153704.77,3010368.69,1077241.49,1860064.56,610797.13,23649.91,INR 20 to 30 lacs,More than 30%,EBITDA +ve,10% to 20%,61.78859639946628,20.289778193248484,2.1954139549526634,INR 25 to 35 lacs,Var 2-3%,High Profit
2024-01-01,Ahmedabad,Rose and Sons,Inactive,East,14454,6353334.03,1160801.43,5293367.23,2403591.16,2825687.41,1546415.65,14291.25,INR 20 to 30 lacs,0% to 10%,EBITDA +ve,More than 20%,53.38166212964597,29.21421437068895,0.5945790714257744,Above INR 45 lacs,Var <2%,High Profit
2024-02-01,Ahmedabad,Rose and Sons,Inactive,East,14922,5728267.56,1158699.37,4651830.81,1418300.82,3087033.85,1631118.96,28209.37,More than 40 lacs,10% to 20%,EBITDA +ve,0% to 10%,66.36169663272857,35.06402159970216,1.9889553472866213,Above INR 45 lacs,Var <2%,High Profit
2024-03-01,Ahmedabad,Rose and Sons,Inactive,East,11439,5009406.5,1181466.48,3927251.58,1792214.79,2084490.46,791529.44,27352.71,INR 20 to 30 lacs,0% to 10%,EBITDA -ve,More than 20%,53.07758918770363,20.15479334277841,1.5261959756508872,INR 35 to 45 lacs,Var <2%,High Profit
2023-10-01,Ahmedabad,Young Ltd,Inactive,South,12085,4338205.97,1239557.88,3140928.83,939348.78,2131422.26,796201.96,16943.4,INR 30 to 40 lacs,More than 30%,EBITDA +ve,10% to 20%,67.85961654533891,25.349251864455645,1.8037389690334193,INR 25 to 35 lacs,Var <2%,High Profit
2023-11-01,Ahmedabad,Young Ltd,Inactive,South,10775,4211020.33,681879.53,3613459.08,1680646.36,1823087.55,366587.01,29651.46,More than 40 lacs,10% to 20%,EBITDA -ve,0% to 10%,50.452696699695295,10.145043900704694,1.7642890679274132,INR 35 to 45 lacs,Var <2%,Moderate Profit
2023-12-01,Ahmedabad,Young Ltd,Inactive,South,7464,3640537.29,919315.22,2834355.07,1153539.12,1605448.89,157326.12,17629.41,More than 40 lacs,0% to 10%,EBITDA -ve,0% to 10%,56.642475990137676,5.550684939413748,1.5282888715555654,INR 25 to 35 lacs,Var <2%,Low Profit
2024-01-01,Ahmedabad,Young Ltd,Inactive,South,13711,5575823.32,1178615.0,4540725.81,2021465.48,2385187.42,1034167.17,14729.93,INR 20 to 30 lacs,0% to 10%,EBITDA +ve,More than 20%,52.52877006462542,22.775371455428186,0.7286758119658813,Above INR 45 lacs,Var <2%,High Profit
2024-02-01,Ahmedabad,Young Ltd,Inactive,South,14003,5171667.04,1241992.77,4002612.43,1855725.11,2094905.02,776508.37,27073.19,More than 40 lacs,0% to 10%,EBITDA +ve,More than 20%,52.33844287042301,19.4000389390686,1.4589008821462786,INR 35 to 45 lacs,Var <2%,Moderate Profit
2024-03-01,Ahmedabad,Young Ltd,Inactive,South,7233,2849103.29,565377.09,2334092.07,1104518.4,1102475.74,-161162.21,23984.04,More than 40 lacs,0% to 10%,EBITDA +ve,0% to 10%,47.233601200658725,-6.90470663395896,2.1714477549672333,INR 15 to 25 lacs,Var 2-3%,Loss Making
2023-10-01,Pune,Stephenson Ltd,Active,East,7935,3432397.59,563844.84,2994845.81,906045.45,1989315.14,792796.35,28172.11,More than 40 lacs,10% to 20%,EBITDA +ve,More than 20%,66.4246263816834,26.47202561657089,3.109348432796611,INR 25 to 35 lacs,Var 3-5%,High Profit
2023-11-01,Pune,Stephenson Ltd,Active,East,10034,3932459.68,1175865.98,2835276.32,1194053.5,1570439.43,306713.19,23982.96,More than 40 lacs,More than 30%,EBITDA -ve,0% to 10%,55.3892902403248,10.817753029447234,2.008533118490922,INR 25 to 35 lacs,Var 2-3%,Moderate Profit
2023-12-01,Pune,Stephenson Ltd,Active,East,8569,3116871.3,499483.68,2676327.13,987251.14,1574213.87,195782.71,10294.33,INR 20 to 30 lacs,10% to 20%,EBITDA -ve,10% to 20%,58.81993469161597,7.315350496783254,1.0427265751245423,INR 25 to 35 lacs,Var <2%,Low Profit
2024-01-01,Pune,Stephenson Ltd,Active,East,10612,3475307.8,783590.59,2781855.29,1174181.72,1509088.01,162834.72,23366.23,INR 20 to 30 lacs,0% to 10%,EBITDA -ve,More than 20%,54.24753816004571,5.853457603828128,1.9900011729019254,INR 25 to 35 lacs,Var <2%,Low Profit
2024-02-01,Pune,Stephenson Ltd,Active,East,8458,4050158.21,688132.17,3428432.53,1585144.54,1749133.7,383817.86,22802.22,INR 20 to 30 lacs,More than 30%,EBITDA +ve,More than 20%,51.018466447697605,11.195141121823388,1.4384946876831812,INR 25 to 35 lacs,Var <2%,Moderate Profit
2024-03-01,Pune,Stephenson Ltd,Active,East,7916,2739146.16,559542.56,2292675.36,1032666.53,1174545.0,-131619.52,29436.03,More than 40 lacs,More than 30%,EBITDA -ve,0% to 10%,51.2303233371863,-5.740870351570402,2.8504874656874954,INR 15 to 25 lacs,Var 2-3%,Loss Making
2023-10-01,Mumbai,Byrd-Brown,Active,North,13852,6447255.18,1110612.93,5441228.23,1826131.47,3489766.09,2113766.69,25041.88,INR 20 to 30 lacs,10% to 20%,EBITDA -ve,0% to 10%,64.13563156125872,38.84723449653939,1.3713076200367984,Above INR 45 lacs,Var <2%,High Profit
2023-11-01,Mumbai,Byrd-Brown,Active,North,10626,3823807.85,1054450.17,2830805.01,1161676.4,1543221.16,174965.09,14647.61,INR 20 to 30 lacs,0% to 10%,EBITDA +ve,More than 20%,54.51527585080825,6.180753862661844,1.2609027780886315,INR 25 to 35 lacs,Var <2%,Low Profit
2023-12-01,Mumbai,Byrd-Brown,Active,North,7287,3026642.52,797957.26,2299983.67,863704.19,1294895.41,-121029.73,23688.74,More than 40 lacs,More than 30%,EBITDA -ve,0% to 10%,56.30020016620379,-5.262199535529746,2.7426913374126394,INR 15 to 25 lacs,Var 2-3%,Loss Making
2024-01-01,Mumbai,Byrd-Brown,Active,North,9535,3764482.63,1035435.12,2811099.35,858212.69,1859322.0,634544.57,18110.53,More than 40 lacs,0% to 10%,EBITDA +ve,10% to 20%,66.14216605329158,22.572826179195694,2.1102612686838738,INR 25 to 35 lacs,Var 2-3%,High Profit
2024-02-01,Mumbai,Byrd-Brown,Active,North,7073,3406963.52,514577.17,3026872.7,1133213.43,1827565.04,573272.31,12739.07,More than 40 lacs,More than 30%,EBITDA +ve,More than 20%,60.37799475346287,18.939425830494955,1.1241545204772239,INR 25 to 35 lacs,Var <2%,Moderate Profit
2024-03-01,Mumbai,Byrd-Brown,Active,North,11426,3645557.67,1065674.83,2638978.72,858946.56,1678080.16,167827.91,16999.55,More than 40 lacs,0% to 10%,EBITDA +ve,10% to 20%,63.58824143909732,6.359577996142386,1.9791161396583274,INR 25 to 35 lacs,Var <2%,Low Profit
2023-10-01,Pune,Greene-Carpenter,Inactive,West,14359,5829824.15,1492742.07,4417419.36,1994448.72,2273109.68,963408.1,24048.9,More than 40 lacs,10% to 20%,EBITDA -ve,0% to 10%,51.45786475658494,21.80929681985185,1.205791844074086,INR 35 to 45 lacs,Var <2%,High Profit
2023-11-01,Pune,Greene-Carpenter,Inactive,West,11146,5395210.03,1131531.21,4345969.3,2011611.92,2250369.06,846893.74,10255.77,More than 40 lacs,More than 30%,EBITDA -ve,0% to 10%,51.78060185560906,19.48687810565068,0.5098284563754226,INR 35 to 45 lacs,Var <2%,Moderate Profit
2023-12-01,Pune,Greene-Carpenter,Inactive,West,13512,4629483.8,1153027.68,3586305.21,1524935.78,1999755.6,757716.16,22742.33,INR 30 to 40 lacs,10% to 20%,EBITDA -ve,More than 20%,55.760887122041694,21.12804448118904,1.4913631313706865,INR 35 to 45 lacs,Var <2%,High Profit
2024-01-01,Pune,Greene-Carpenter,Inactive,West,8858,3510697.78,962878.62,2661049.7,916637.22,1603965.55,29612.75,26442.92,More than 40 lacs,More than 30%,EBITDA +ve,10% to 20%,60.27567053708166,1.1128221318076095,2.8847748512764952,INR 25 to 35 lacs,Var 2-3%,Low Profit
2024-02-01,Pune,Greene-Carpenter,Inactive,West,8405,3821320.65,987534.06,2959824.61,1356773.51,1496681.61,163986.06,20514.24,INR 20 to 30 lacs,10% to 20%,EBITDA -ve,0% to 10%,50.566564145163994,5.5403978818866575,1.5119870670234417,INR 25 to 35 lacs,Var <2%,Low Profit
2024-03-01,Pune,Greene-Carpenter,Inactive,West,12974,4441911.76,684419.28,3873464.3,1140612.93,2658541.21,1264410.04,26058.18,INR 20 to 30 lacs,10% to 20%,EBITDA -ve,10% to 20%,68.63471569881257,32.64287320267803,2.284576942328718,INR 35 to 45 lacs,Var 2-3%,High Profit
2023-10-01,Pune,Orozco Group,Active,West,13571,4775141.14,987048.82,3862166.27,1617870.96,2148083.59,749155.66,26874.3,More than 40 lacs,More than 30%,EBITDA +ve,More than 20%,55.6186202206152,19.397291769108634,1.6610904493891157,INR 35 to 45 lacs,Var <2%,Moderate Profit
2023-11-01,Pune,Orozco Group,Active,West,8552,3774829.42,662059.81,3172859.84,1287745.2,1773578.42,310001.8,10493.65,INR 20 to 30 lacs,10% to 20%,EBITDA +ve,More than 20%,55.89841686798241,9.77042213122153,0.8148855845084882,INR 25 to 35 lacs,Var <2%,Low Profit
2023-12-01,Pune,Orozco Group,Active,West,8242,2766538.34,601672.31,2289338.63,682741.92,1551414.9,253459.76,16407.32,INR 30 to 40 lacs,10% to 20%,EBITDA -ve,0% to 10%,67.76694717286101,11.071309271534025,2.403151105764825,INR 15 to 25 lacs,Var 2-3%,Moderate Profit
2024-01-01,Pune,Orozco Group,Active,West,13217,5571093.64,1586670.56,4050946.14,1279800.34,2633554.57,1227370.69,20074.99,INR 20 to 30 lacs,10% to 20%,EBITDA -ve,10% to 20%,65.0108512674523,30.29837098747504,1.5686032713509046,INR 35 to 45 lacs,Var <2%,High Profit
2024-02-01,Pune,Orozco Group,Active,West,14604,6221602.75,940157.71,5382681.97,2396933.87,2906831.59,1573178.62,17134.85,More than 40 lacs,10% to 20%,EBITDA -ve,More than 20%,54.00340585234316,29.226668578377858,0.7148653625558722,Above INR 45 lacs,Var <2%,High Profit
2024-03-01,Pune,Orozco Group,Active,West,8713,3476748.13,945340.77,2627091.03,767969.95,1774319.03,546834.48,25128.21,INR 30 to 40 lacs,More than 30%,EBITDA -ve,0% to 10%,67.53930525201481,20.815208675886655,3.2720303704591567,INR 25 to 35 lacs,Var 3-5%,High Profit
2023-10-01,Bangalore,"Rojas, Allen and Lindsey",Active,North,9915,3412484.48,721069.63,2809009.69,893823.42,1805703.72,421876.76,28352.52,INR 30 to 40 lacs,More than 30%,EBITDA -ve,10% to 20%,64.28257354996877,15.01870077208598,3.172049351761223,INR 25 to 35 lacs,Var 3-5%,Moderate Profit
2023-11-01,Bangalore,"Rojas, Allen and Lindsey",Active,North,9211,3097410.02,915197.51,2225230.65,716628.02,1419610.61,-40439.03,15746.86,INR 30 to 40 lacs,More than 30%,EBITDA -ve,More than 20%,63.796110753732435,-1.817296108158496,2.197354772703417,INR 15 to 25 lacs,Var 2-3%,Loss Making
2023-12-01,Bangalore,"Rojas, Allen and Lindsey",Active,North,11910,4592739.24,1353040.55,3274397.96,1339390.7,1799267.37,405396.27,23752.02,INR 30 to 40 lacs,More than 30%,EBITDA +ve,More than 20%,54.94956300302606,12.380788009042128,1.7733451486560272,INR 25 to 35 lacs,Var <2%,Moderate Profit
2024-01-01,Bangalore,"Rojas, Allen and Lindsey",Active,North,9567,3083601.22,794283.96,2363941.84,1087231.92,1168320.11,-137687.03,18353.06,INR 20 to 30 lacs,More than 30%,EBITDA +ve,10% to 20%,49.4225403616529,-5.824467745788535,1.6880538238796376,INR 15 to 25 lacs,Var <2%,Loss Making
2024-02-01,Bangalore,"Rojas, Allen and Lindsey",Active,North,14471,5167795.44,1464384.87,3800810.47,1826385.58,1851941.94,501076.04,21054.04,More than 40 lacs,0% to 10%,EBITDA +ve,0% to 10%,48.72492208221053,13.18339980262157,1.152770818525626,INR 35 to 45 lacs,Var <2%,Moderate Profit
2024-03-01,Bangalore,"Rojas, Allen and Lindsey",Active,North,9828,3549142.48,1029776.32,2604220.64,889667.13,1601970.16,268987.98,14208.89,More than 40 lacs,10% to 20%,EBITDA -ve,More than 20%,61.5143792117399,10.328924357192713,1.5971018284108123,INR 25 to 35 lacs,Var <2%,Moderate Profit
2023-10-01,Hyderabad,Vincent Inc,Active,West,14227,4303549.17,866528.07,3502730.9,1517842.58,1922173.15,466991.51,26973.1,INR 30 to 40 lacs,More than 30%,EBITDA +ve,0% to 10%,54.87641514225372,13.332212017771619,1.777068343938539,INR 35 to 45 lacs,Var <2%,Moderate Profit
2023-11-01,Hyderabad,Vincent Inc,Active,West,7523,2907288.93,611079.36,2368567.59,882673.17,1432135.76,59497.52,23150.99,INR 20 to 30 lacs,10% to 20%,EBITDA -ve,0% to 10%,60.4642133096147,2.511962092667155,2.622826974564096,INR 15 to 25 lacs,Var 2-3%,Low Profit
2023-12-01,Hyderabad,Vincent Inc,Active,West,14234,5704654.2,1705622.93,4081098.95,1415127.84,2553426.05,1063424.59,25917.31,INR 20 to 30 lacs,10% to 20%,EBITDA +ve,10% to 20%,62.567119329463935,26.057309637150556,1.8314465497336267,INR 35 to 45 lacs,Var <2%,High Profit
2024-01-01,Hyderabad,Vincent Inc,Active,West,9828,3184724.53,772323.97,2478528.83,962059.31,1419994.13,-7291.03,22653.3,INR 20 to 30 lacs,More than 30%,EBITDA +ve,More than 20%,57.29181411216426,-0.294167649443884,2.354667717939344,INR 15 to 25 lacs,Var 2-3%,Loss Making
2024-02-01,Hyderabad,Vincent Inc,Active,West,12978,4205273.93,642057.05,3662930.66,1092280.74,2500693.11,1160349.75,25417.96,INR 30 to 40 lacs,10% to 20%,EBITDA -ve,More than 20%,68.27028251744191,31.678179515415668,2.327053757260244,INR 35 to 45 lacs,Var 2-3%,High Profit
2024-03-01,Hyderabad,Vincent Inc,Active,West,8437,2737092.35,791324.78,2072008.53,772550.16,1167402.49,-346330.06,12624.89,More than 40 lacs,0% to 10%,EBITDA +ve,More than 20%,56.341587068659415,-16.71470242451174,1.6341838567478906,INR 15 to 25 lacs,Var <2%,Loss Making
2023-10-01,Bangalore,Snyder Inc,Active,North,10848,5404645.96,1126835.33,4370613.16,1688759.85,2568936.34,1332484.94,16933.12,INR 20 to 30 lacs,More than 30%,EBITDA -ve,0% to 10%,58.777481464408524,30.487368504605882,1.0026955579267234,INR 35 to 45 lacs,Var <2%,High Profit
2023-11-01,Bangalore,Snyder Inc,Active,North,9601,3964516.01,1102869.34,2918690.52,1228321.15,1617657.01,151355.23,15755.15,INR 20 to 30 lacs,More than 30%,EBITDA +ve,More than 20%,55.42406770828172,5.1857238361811655,1.282657226898682,INR 25 to 35 lacs,Var <2%,Low Profit
2023-12-01,Bangalore,Snyder Inc,Active,North,10161,4984993.68,1136805.0,3909557.92,1587527.47,2257850.19,753716.49,29733.22,INR 20 to 30 lacs,More than 30%,EBITDA +ve,10% to 20%,57.752058831245044,19.27881631179415,1.8729263311582256,INR 35 to 45 lacs,Var <2%,Moderate Profit
2024-01-01,Bangalore,Snyder Inc,Active,North,8092,3819111.9,872261.39,3065852.95,1390368.52,1592008.66,278253.43,24778.52,INR 20 to 30 lacs,More than 30%,EBITDA +ve,0% to 10%,51.92710433160207,9.075889631301463,1.7821548491330916,INR 25 to 35 lacs,Var <2%,Low Profit
2024-02-01,Bangalore,Snyder Inc,Active,North,10285,4480816.95,1040376.87,3491004.81,1319898.72,2051966.97,598650.92,21218.44,INR 20 to 30 lacs,10% to 20%,EBITDA -ve,10% to 20%,58.778692143938926,17.148384278508054,1.6075809210573369,INR 25 to 35 lacs,Var <2%,Moderate Profit
2024-03-01,Bangalore,Snyder Inc,Active,North,10714,4199801.47,1085744.37,3186439.74,1253706.7,1828748.88,329158.22,16278.49,More than 40 lacs,10% to 20%,EBITDA -ve,More than 20%,57.39160408537962,10.329968455640714,1.2984288909040687,INR 25 to 35 lacs,Var <2%,Moderate Profit
2023-10-01,Pune,Hodges-Roy,Active,West,11293,3460171.85,777483.0,2769556.3,1297785.11,1348115.86,79968.83,23592.7,INR 20 to 30 lacs,More than 30%,EBITDA -ve,More than 20%,48.67623958393625,2.8874238808577393,1.8179203797460735,INR 25 to 35 lacs,Var <2%,Low Profit
2023-11-01,Pune,Hodges-Roy,Active,West,10656,4456300.37,962272.89,3564607.73,1555494.54,1913030.78,480598.56,12730.77,More than 40 lacs,More than 30%,EBITDA -ve,10% to 20%,53.66735767023655,13.482509055772034,0.8184387455323372,INR 35 to 45 lacs,Var <2%,Moderate Profit
2023-12-01,Pune,Hodges-Roy,Active,West,13755,5133784.17,1407463.74,3813641.32,1371628.09,2326584.5,1071200.08,25565.47,INR 30 to 40 lacs,0% to 10%,EBITDA +ve,10% to 20%,61.00690402630733,28.088642588967964,1.863877692968507,INR 35 to 45 lacs,Var <2%,High Profit
2024-01-01,Pune,Hodges-Roy,Active,West,10916,3467986.7,947920.36,2566387.18,1118406.78,1352086.43,83353.88,26577.24,INR 30 to 40 lacs,More than 30%,EBITDA +ve,10% to 20%,52.684428933283556,3.2479074338268785,2.3763482549703427,INR 25 to 35 lacs,Var 2-3%,Low Profit
2024-02-01,Pune,Hodges-Roy,Active,West,7107,2426129.15,704315.35,1779097.85,696693.67,990047.86,-366074.37,22733.71,INR 20 to 30 lacs,10% to 20%,EBITDA +ve,More than 20%,55.64887057786056,-20.576404496245104,3.2630854820311486,INR 15 to 25 lacs,Var 3-5%,Loss Making
2024-03-01,Pune,Hodges-Roy,Active,West,12297,4028922.15,837460.44,3349361.56,1232321.05,2046532.09,743212.94,15249.86,INR 20 to 30 lacs,More than 30%,EBITDA -ve,10% to 20%,61.10215494322446,22.189689786730575,1.2374908308188033,INR 25 to 35 lacs,Var <2%,High Profit
2023-10-01,Ahmedabad,"Atkinson, Hale and Bowen",Inactive,East,13671,6185905.17,1348252.14,4950054.09,2059816.32,2745027.95,1445988.05,15046.39,More than 40 lacs,10% to 20%,EBITDA -ve,More than 20%,55.454504134519475,29.211560595290386,0.7304724141616665,Above INR 45 lacs,Var <2%,High Profit
2023-11-01,Ahmedabad,"Atkinson, Hale and Bowen",Inactive,East,7481,3284705.56,958211.74,2403671.41,1001028.35,1315925.16,-31735.38,29225.92,INR 30 to 40 lacs,0% to 10%,EBITDA -ve,10% to 20%,54.74646636496791,-1.3202877842608278,2.9195896399937125,INR 15 to 25 lacs,Var 2-3%,Loss Making
2023-12-01,Ahmedabad,"Atkinson, Hale and Bowen",Inactive,East,7441,3003259.06,780590.29,2316098.81,740894.53,1429760.37,109530.56,18145.94,More than 40 lacs,10% to 20%,EBITDA +ve,10% to 20%,61.73140644202482,4.729097028463998,2.4491934094856926,INR 15 to 25 lacs,Var 2-3%,Low Profit
2024-01-01,Ahmedabad,"Atkinson, Hale and Bowen",Inactive,East,7625,3395919.49,620131.3,2912032.7,913640.5,1908482.73,670493.94,23649.22,INR 20 to 30 lacs,10% to 20%,EBITDA +ve,10% to 20%,65.53781933836113,23.024945427295506,2.5884601218969605,INR 25 to 35 lacs,Var 2-3%,High Profit
2024-02-01,Ahmedabad,"Atkinson, Hale and Bowen",Inactive,East,14646,4713172.18,1143173.92,3685711.24,1273952.06,2350547.6,1146805.37,21494.53,More than 40 lacs,0% to 10%,EBITDA +ve,10% to 20%,63.774599987382615,31.114900091847673,1.687232249540065,INR 35 to 45 lacs,Var <2%,High Profit
2024-03-01,Ahmedabad,"Atkinson, Hale and Bowen",Inactive,East,10352,4154197.99,1159579.22,3082534.18,1034666.75,1982503.12,687659.2,26689.43,INR 30 to 40 lacs,10% to 20%,EBITDA +ve,More than 20%,64.31406771943726,22.308242499358105,2.5795194443041685,INR 25 to 35 lacs,Var 2-3%,High Profit
2023-10-01,Mumbai,Pace Inc,Inactive,South,7898,2631461.19,783695.34,1913149.75,586854.78,1260971.28,-214326.91,25056.62,INR 20 to 30 lacs,10% to 20%,EBITDA -ve,0% to 10%,65.91074640132065,-11.20282978371139,4.2696457205307246,INR 15 to 25 lacs,Var 3-5%,Loss Making
2023-11-01,Mumbai,Pace Inc,Inactive,South,8440,3102054.33,766199.9,2394959.9,1132339.82,1155924.42,-251388.29,17795.3,More than 40 lacs,0% to 10%,EBITDA -ve,10% to 20%,48.26487575011173,-10.496555286792068,1.5715511974135115,INR 15 to 25 lacs,Var <2%,Loss Making
2023-12-01,Mumbai,Pace Inc,Inactive,South,12301,5765820.15,1315551.79,4547652.99,1340578.64,3133695.66,1784675.65,15908.16,INR 30 to 40 lacs,0% to 10%,EBITDA -ve,0% to 10%,68.90797663961604,39.243883689551254,1.186663693224293,Above INR 45 lacs,Var <2%,High Profit
2024-01-01,Mumbai,Pace Inc,Inactive,South,9414,3634548.32,889217.84,2828297.29,939974.27,1823465.17,466675.94,21890.63,More than 40 lacs,More than 30%,EBITDA +ve,10% to 20%,64.47218884829465,16.500243508701306,2.3288541717211046,INR 25 to 35 lacs,Var 2-3%,Moderate Profit
2024-02-01,Mumbai,Pace Inc,Inactive,South,14202,4355849.8,1130066.8,3280119.85,1414404.48,1765538.37,403122.62,13139.06,More than 40 lacs,0% to 10%,EBITDA +ve,More than 20%,53.82542256801989,12.289874712962089,0.9289464354637791,INR 25 to 35 lacs,Var <2%,Moderate Profit
2024-03-01,Mumbai,Pace Inc,Inactive,South,8850,3488862.69,1044855.45,2541340.79,793060.37,1655616.89,322722.69,29070.51,INR 20 to 30 lacs,10% to 20%,EBITDA +ve,0% to 10%,65.14737797129521,12.69891433962306,3.6656112320932133,INR 25 to 35 lacs,Var 3-5%,Moderate Profit
2023-10-01,Pune,Carter-Meyers,Inactive,South,14101,5739397.94,872484.58,4920295.56,1785810.87,2995796.72,1721944.06,22850.23,INR 20 to 30 lacs,0% to 10%,EBITDA +ve,0% to 10%,60.88651958948581,34.99676064175299,1.2795436730654461,Above INR 45 lacs,Var <2%,High Profit
2023-11-01,Pune,Carter-Meyers,Inactive,South,14399,5143333.79,1541840.05,3731456.82,1666251.3,2001198.67,796469.38,10402.45,More than 40 lacs,More than 30%,EBITDA -ve,More than 20%,53.630492500245516,21.344729911680986,0.6243025886911536,INR 35 to 45 lacs,Var <2%,High Profit
2023-12-01,Pune,Carter-Meyers,Inactive,South,9572,3374673.83,578715.77,2914556.84,1072611.35,1783419.69,303553.48,22717.53,INR 20 to 30 lacs,More than 30%,EBITDA +ve,10% to 20%,61.19008095927201,10.41508183453372,2.117964722264033,INR 25 to 35 lacs,Var 2-3%,Moderate Profit
2024-01-01,Pune,Carter-Meyers,Inactive,South,7126,3346337.84,649877.76,2769414.38,846975.38,1863852.77,577506.02,25691.75,INR 30 to 40 lacs,More than 30%,EBITDA -ve,10% to 20%,67.30133213217447,20.853001420466374,3.0333526341698382,INR 25 to 35 lacs,Var 3-5%,High Profit
2024-02-01,Pune,Carter-Meyers,Inactive,South,14001,5873631.76,1467648.26,4504739.88,1679998.46,2678687.39,1443074.03,15219.99,More than 40 lacs,10% to 20%,EBITDA -ve,0% to 10%,59.46375287711396,32.034569552104756,0.9059526161708507,Above INR 45 lacs,Var <2%,High Profit
2024-03-01,Pune,Carter-Meyers,Inactive,South,14572,6963173.27,1504243.66,5539861.45,2089045.04,3389014.4,2110193.58,16624.53,More than 40 lacs,10% to 20%,EBITDA -ve,0% to 10%,61.17507505535179,38.09108944412319,0.7957956713082643,Above INR 45 lacs,Var <2%,High Profit
2023-10-01,Hyderabad,Robinson and Sons,Active,South,13697,6434854.85,1637081.44,4925748.02,1463133.69,3316351.88,1999852.78,23422.37,More than 40 lacs,10% to 20%,EBITDA -ve,More than 20%,67.32686825502698,40.599981401403475,1.6008359427497016,Above INR 45 lacs,Var <2%,High Profit
2023-11-01,Hyderabad,Robinson and Sons,Active,South,14153,5177335.58,1061587.3,4200849.66,1483659.99,2632466.99,1217734.71,21854.51,INR 20 to 30 lacs,More than 30%,EBITDA -ve,10% to 20%,62.66510832477638,28.98781933557698,1.4730133687840432,INR 35 to 45 lacs,Var <2%,High Profit
2023-12-01,Hyderabad,Robinson and Sons,Active,South,14577,4838768.63,1008923.64,3929796.3,1280064.66,2588556.92,1311931.22,22849.33,More than 40 lacs,0% to 10%,EBITDA -ve,0% to 10%,65.87000247315618,33.38420416345753,1.7850137351655349,INR 35 to 45 lacs,Var <2%,High Profit
2024-01-01,Hyderabad,Robinson and Sons,Active,South,10798,4567257.81,845510.92,3792525.46,1608450.62,2111854.94,737682.51,23115.83,More than 40 lacs,More than 30%,EBITDA -ve,10% to 20%,55.68466084865782,19.45095735758093,1.437148875605519,INR 35 to 45 lacs,Var <2%,Moderate Profit
2024-02-01,Hyderabad,Robinson and Sons,Active,South,7851,3284523.14,657013.19,2727946.12,1124347.32,1498312.81,148446.7,26724.89,More than 40 lacs,0% to 10%,EBITDA +ve,More than 20%,54.92457490326091,5.441702052385111,2.3769247744549253,INR 25 to 35 lacs,Var 2-3%,Low Profit
2024-03-01,Hyderabad,Robinson and Sons,Active,South,10098,3401676.69,655597.53,2823798.19,872050.0,1867770.0,420285.26,12919.17,INR 20 to 30 lacs,10% to 20%,EBITDA +ve,10% to 20%,66.14389111142536,14.883686146140635,1.4814712459147985,INR 25 to 35 lacs,Var <2%,Moderate Profit
2023-10-01,Mumbai,"Evans, Soto and Williams",Active,East,9533,3140426.03,799589.73,2410889.93,1155418.0,1171319.66,-59423.12,13003.13,More than 40 lacs,10% to 20%,EBITDA +ve,10% to 20%,48.58453492316839,-2.4647794683849376,1.125404831844406,INR 15 to 25 lacs,Var <2%,Loss Making
2023-11-01,Mumbai,"Evans, Soto and Williams",Active,East,14473,4679901.55,959001.68,3794211.44,1633997.1,2014923.71,590561.81,23745.85,INR 30 to 40 lacs,More than 30%,EBITDA -ve,10% to 20%,53.10520359403059,15.56481022048682,1.4532369733091937,INR 35 to 45 lacs,Var <2%,Moderate Profit
2023-12-01,Mumbai,"Evans, Soto and Williams",Active,East,7865,2902556.71,617814.69,2406833.5,941971.69,1414616.18,30280.15,25877.66,INR 20 to 30 lacs,10% to 20%,EBITDA -ve,0% to 10%,58.774991290423706,1.258090765314676,2.747180225766658,INR 15 to 25 lacs,Var 2-3%,Low Profit
2024-01-01,Mumbai,"Evans, Soto and Williams",Active,East,11731,4773205.18,1280703.61,3564431.85,1166299.89,2330654.21,916049.69,28262.0,INR 30 to 40 lacs,More than 30%,EBITDA -ve,10% to 20%,65.38641522911989,25.69973921650374,2.4232189544320373,INR 35 to 45 lacs,Var 2-3%,High Profit
2024-02-01,Mumbai,"Evans, Soto and Williams",Active,East,10694,4131575.56,655490.4,3587029.08,1279673.01,2173018.55,709997.06,26569.13,INR 30 to 40 lacs,10% to 20%,EBITDA -ve,0% to 10%,60.579897779919854,19.793457041056385,2.0762436804070754,INR 35 to 45 lacs,Var 2-3%,Moderate Profit
2024-03-01,Mumbai,"Evans, Soto and Williams",Active,East,8607,4241052.94,640481.45,3654179.71,1128451.94,2459912.44,1017434.13,12229.38,More than 40 lacs,0% to 10%,EBITDA +ve,0% to 10%,67.31777403470942,27.84302389988368,1.0837306903827912,INR 35 to 45 lacs,Var <2%,High Profit
2023-10-01,Mumbai,Smith-Taylor,Inactive,South,8382,3077871.46,798664.86,2350836.92,707005.49,1560532.85,97244.27,24862.78,INR 30 to 40 lacs,0% to 10%,EBITDA +ve,More than 20%,66.38201215590914,4.136580856489187,3.516631815687881,INR 15 to 25 lacs,Var 3-5%,Low Profit
2023-11-01,Mumbai,Smith-Taylor,Inactive,South,11747,5337865.15,1500553.47,3902808.48,1217654.21,2632044.81,1302102.37,10172.88,INR 20 to 30 lacs,10% to 20%,EBITDA +ve,0% to 10%,67.43976353151719,33.363214635630804,0.835449006495859,INR 35 to 45 lacs,Var <2%,High Profit
2023-12-01,Mumbai,Smith-Taylor,Inactive,South,11989,5008840.39,1105958.89,3958601.62,1185065.61,2680173.32,1344633.13,26706.0,INR 30 to 40 lacs,10% to 20%,EBITDA +ve,More than 20%,67.7050528767277,33.96737684354304,2.2535461137885857,INR 35 to 45 lacs,Var 2-3%,High Profit
2024-01-01,Mumbai,Smith-Taylor,Inactive,South,14978,7471638.14,1942867.95,5625338.23,1924863.11,3621343.78,2062617.15,25151.83,More than 40 lacs,More than 30%,EBITDA -ve,10% to 20%,64.3755740888135,36.66654458215572,1.3066814917555358,Above INR 45 lacs,Var <2%,High Profit
2024-02-01,Mumbai,Smith-Taylor,Inactive,South,9832,3313659.95,567750.45,2831331.87,1285221.93,1487291.85,229150.64,24855.78,INR 30 to 40 lacs,10% to 20%,EBITDA +ve,10% to 20%,52.52976049042248,8.093386805976936,1.9339679334603324,INR 25 to 35 lacs,Var <2%,Low Profit
2024-03-01,Mumbai,Smith-Taylor,Inactive,South,14558,5486474.43,963834.51,4563754.23,1597382.29,2828973.38,1327906.88,18623.29,INR 20 to 30 lacs,More than 30%,EBITDA +ve,0% to 10%,61.98785555549075,29.09680962377327,1.1658630571145245,Above INR 45 lacs,Var <2%,High Profit
2023-10-01,Pune,Mendez and Sons,Inactive,East,8172,3880849.63,951724.86,3048357.9,1431327.02,1480409.81,112559.8,10487.97,More than 40 lacs,0% to 10%,EBITDA -ve,More than 20%,48.56417318976883,3.692473249286116,0.7327444988776918,INR 25 to 35 lacs,Var <2%,Low Profit
2023-11-01,Pune,Mendez and Sons,Inactive,East,13566,5408195.42,1322815.35,4176508.57,1463568.6,2576418.05,1170457.3,24871.38,INR 30 to 40 lacs,10% to 20%,EBITDA -ve,10% to 20%,61.68832187982317,28.02477908000558,1.6993655097547185,INR 35 to 45 lacs,Var <2%,High Profit
2023-12-01,Pune,Mendez and Sons,Inactive,East,14965,5573229.44,1401658.0,4225499.2,1622399.25,2546209.86,1114627.3,13621.5,More than 40 lacs,More than 30%,EBITDA -ve,10% to 20%,60.2582023918026,26.37859451020604,0.8395898851654424,INR 35 to 45 lacs,Var <2%,High Profit
2024-01-01,Pune,Mendez and Sons,Inactive,East,9436,3584564.66,694896.62,2972654.02,1043388.59,1854050.03,472752.51,13942.65,INR 20 to 30 lacs,10% to 20%,EBITDA +ve,10% to 20%,62.37019234414639,15.903381517637898,1.336285458134059,INR 25 to 35 lacs,Var <2%,Moderate Profit
2024-02-01,Pune,Mendez and Sons,Inactive,East,10906,5443769.81,1109860.47,4378902.55,1298291.6,2984472.0,1716485.73,22072.49,More than 40 lacs,More than 30%,EBITDA +ve,More than 20%,68.15570718740932,39.19899359258406,1.7001180628450498,INR 35 to 45 lacs,Var <2%,High Profit
2024-03-01,Pune,Mendez and Sons,Inactive,East,12276,5412537.24,1169338.39,4298283.46,1602882.81,2554559.28,1317343.52,22209.09,More than 40 lacs,More than 30%,EBITDA +ve,10% to 20%,59.43208035888819,30.648130405061746,1.3855716625970929,INR 35 to 45 lacs,Var <2%,High Profit
2023-10-01,Mumbai,Ford Group,Inactive,East,14450,7112712.01,1206648.97,5963878.65,2797857.29,3057282.43,1879056.76,13373.34,More than 40 lacs,10% to 20%,EBITDA +ve,10% to 20%,51.263323910857906,31.50729366366299,0.47798506549274355,Above INR 45 lacs,Var <2%,High Profit
2023-11-01,Mumbai,Ford Group,Inactive,East,11905,3908584.1,680388.61,3315712.18,1602729.17,1577890.65,403822.79,26027.21,More than 40 lacs,10% to 20%,EBITDA -ve,More than 20%,47.588287654087026,12.179066459260646,1.6239306357667405,INR 25 to 35 lacs,Var <2%,Moderate Profit
2023-12-01,Mumbai,Ford Group,Inactive,East,11923,3756337.06,800315.34,3052644.05,1370955.22,1601501.41,10962.8,24575.56,INR 20 to 30 lacs,0% to 10%,EBITDA -ve,10% to 20%,52.462762895660894,0.35912473974815373,1.7925866316771455,INR 25 to 35 lacs,Var <2%,Low Profit
2024-01-01,Mumbai,Ford Group,Inactive,East,10317,4854775.74,1274132.48,3714863.24,1430479.39,2148926.67,866645.43,17233.33,More than 40 lacs,More than 30%,EBITDA -ve,0% to 10%,57.846723584903756,23.32913418368532,1.2047241030155633,INR 35 to 45 lacs,Var <2%,High Profit
2024-02-01,Mumbai,Ford Group,Inactive,East,7567,3118470.73,620991.75,2568112.03,747663.84,1723217.65,315461.57,15230.73,INR 20 to 30 lacs,0% to 10%,EBITDA -ve,0% to 10%,67.10056375539037,12.283793164584024,2.0371093511757903,INR 25 to 35 lacs,Var 2-3%,Moderate Profit
2024-03-01,Mumbai,Ford Group,Inactive,East,11261,3564981.41,635795.53,3027309.31,1361438.87,1518652.67,119246.92,26720.58,INR 30 to 40 lacs,10% to 20%,EBITDA -ve,More than 20%,50.16509759949174,3.9390398465758354,1.9626720368282125,INR 25 to 35 lacs,Var <2%,Low Profit
2023-10-01,Mumbai,"Smith, Duffy and White",Inactive,North,9323,3130520.39,704418.92,2517812.64,876542.58,1534849.02,220398.36,17328.23,INR 30 to 40 lacs,10% to 20%,EBITDA -ve,10% to 20%,60.95962009309795,8.753564760879108,1.9768839980369237,INR 25 to 35 lacs,Var <2%,Low Profit
2023-11-01,Mumbai,"Smith, Duffy and White",Inactive,North,9240,3858193.78,870590.45,3033095.92,1441083.55,1540929.54,181382.33,28088.77,INR 20 to 30 lacs,0% to 10%,EBITDA +ve,0% to 10%,50.803851267585365,5.980105304417805,1.9491423658260483,INR 25 to 35 lacs,Var <2%,Low Profit
2023-12-01,Mumbai,"Smith, Duffy and White",Inactive,North,9748,3477207.02,726841.91,2848857.67,1124579.97,1652739.04,353642.62,27322.55,More than 40 lacs,0% to 10%,EBITDA -ve,More than 20%,58.014096576470955,12.413488526438037,2.429578218434746,INR 25 to 35 lacs,Var 2-3%,Moderate Profit
2024-01-01,Mumbai,"Smith, Duffy and White",Inactive,North,11014,3733526.08,1062851.9,2714693.11,904124.59,1708951.88,430370.51,25707.82,More than 40 lacs,More than 30%,EBITDA +ve,0% to 10%,62.951936397702056,15.853376148289557,2.843393519470585,INR 25 to 35 lacs,Var 2-3%,Moderate Profit
2024-02-01,Mumbai,"Smith, Duffy and White",Inactive,North,7154,2566667.28,444356.77,2204940.94,931355.56,1153486.02,-167346.92,20600.47,INR 20 to 30 lacs,10% to 20%,EBITDA +ve,0% to 10%,52.31369235676671,-7.5896327635877645,2.211880283401111,INR 15 to 25 lacs,Var 2-3%,Loss Making
2024-03-01,Mumbai,"Smith, Duffy and White",Inactive,North,9581,2934579.34,582138.55,2463109.61,957912.24,1414092.41,75130.01,20374.14,INR 20 to 30 lacs,10% to 20%,EBITDA +ve,0% to 10%,57.41086000634783,3.0502097712167995,2.1269317949210045,INR 15 to 25 lacs,Var 2-3%,Low Profit
2023-10-01,Bangalore,"Smith, Mcclain and Edwards",Active,West,9798,3824435.76,918607.14,2991031.16,1342131.19,1534327.75,112887.71,28993.67,INR 30 to 40 lacs,More than 30%,EBITDA +ve,0% to 10%,51.297618377202056,3.774207086495214,2.1602709344680378,INR 25 to 35 lacs,Var 2-3%,Low Profit
2023-11-01,Bangalore,"Smith, Mcclain and Edwards",Active,West,11654,4542623.27,1245825.07,3403319.79,1499506.04,1762005.58,284579.12,26648.94,More than 40 lacs,10% to 20%,EBITDA -ve,0% to 10%,51.77314177695891,8.36180957299931,1.777181237629426,INR 25 to 35 lacs,Var <2%,Low Profit
2023-12-01,Bangalore,"Smith, Mcclain and Edwards",Active,West,10133,3894282.15,1017836.95,2976611.46,1391255.65,1523925.05,243265.66,18422.09,INR 20 to 30 lacs,More than 30%,EBITDA -ve,10% to 20%,51.19663988661792,8.172570161374034,1.3241340655112523,INR 25 to 35 lacs,Var <2%,Low Profit
2024-01-01,Bangalore,"Smith, Mcclain and Edwards",Active,West,13575,5214648.31,785589.5,4468807.89,2060830.97,2303641.53,1071528.87,21614.14,More than 40 lacs,0% to 10%,EBITDA +ve,More than 20%,51.549352460528354,23.977957799389767,1.0488070256436413,INR 35 to 45 lacs,Var <2%,High Profit
2024-02-01,Bangalore,"Smith, Mcclain and Edwards",Active,West,10765,4845155.58,1156655.06,3770435.34,1274163.81,2379114.12,1175413.22,21684.95,INR 20 to 30 lacs,0% to 10%,EBITDA +ve,More than 20%,63.09918896527211,31.17446963034247,1.701896555985215,INR 35 to 45 lacs,Var <2%,High Profit
2024-03-01,Bangalore,"Smith, Mcclain and Edwards",Active,West,14983,6466624.91,1035534.97,5486767.98,1894499.37,3501489.54,2179528.24,13527.4,INR 30 to 40 lacs,10% to 20%,EBITDA -ve,10% to 20%,63.81697846097002,39.72335349234141,0.7140356029783214,Above INR 45 lacs,Var <2%,High Profit
2023-10-01,Hyderabad,Manning-Acosta,Inactive,East,14874,7016862.6,1906484.61,5191573.26,1925468.3,3177019.79,1839271.57,15685.73,INR 20 to 30 lacs,More than 30%,EBITDA +ve,More than 20%,61.19570370851321,35.42801917428784,0.8146449359877801,Above INR 45 lacs,Var <2%,High Profit
2023-11-01,Hyderabad,Manning-Acosta,Inactive,East,9443,3791677.86,632274.78,3236180.47,1119702.37,2003119.8,525891.22,19464.64,More than 40 lacs,10% to 20%,EBITDA -ve,More than 20%,61.8976543047984,16.250367520449192,1.738376243679827,INR 25 to 35 lacs,Var <2%,Moderate Profit
2023-12-01,Hyderabad,Manning-Acosta,Inactive,East,8534,3763631.21,1005519.15,2823221.58,857216.29,1875363.4,513233.1,17662.06,More than 40 lacs,More than 30%,EBITDA -ve,10% to 20%,66.42636246780175,18.17898756639569,2.060397149008916,INR 25 to 35 lacs,Var 2-3%,Moderate Profit
2024-01-01,Hyderabad,Manning-Acosta,Inactive,East,8430,4047819.16,969130.89,3212845.89,1337559.23,1752696.39,412104.92,19253.54,INR 30 to 40 lacs,More than 30%,EBITDA +ve,0% to 10%,54.552768791533914,12.82678765522737,1.439453264435998,INR 25 to 35 lacs,Var <2%,Moderate Profit
2024-02-01,Hyderabad,Manning-Acosta,Inactive,East,14284,6797976.93,1804405.61,5056052.45,1891802.59,3087873.78,1825785.45,16548.82,INR 30 to 40 lacs,10% to 20%,EBITDA -ve,10% to 20%,61.07281936918988,36.110888248400194,0.87476463387229,Above INR 45 lacs,Var <2%,High Profit
2024-03-01,Hyderabad,Manning-Acosta,Inactive,East,11898,4312663.68,1016313.36,3400852.91,1572754.93,1756349.11,441043.0,17916.82,INR 30 to 40 lacs,0% to 10%,EBITDA -ve,0% to 10%,51.64437147033213,12.968599691657937,1.1391997353332093,INR 25 to 35 lacs,Var <2%,Moderate Profit
2023-10-01,Ahmedabad,Bauer-Woods,Inactive,South,13783,5074409.99,1193760.05,3946495.71,1426025.98,2457928.2,1050311.61,20646.86,INR 30 to 40 lacs,10% to 20%,EBITDA +ve,More than 20%,62.28128396977277,26.61377807503052,1.4478600172487743,INR 35 to 45 lacs,Var <2%,High Profit
2023-11-01,Ahmedabad,Bauer-Woods,Inactive,South,14897,4475902.79,790191.04,3789041.57,1462113.0,2241591.04,927073.9,17768.82,INR 30 to 40 lacs,10% to 20%,EBITDA -ve,0% to 10%,59.15984289399074,24.467240141680474,1.2152836340282864,INR 35 to 45 lacs,Var <2%,High Profit
2023-12-01,Ahmedabad,Bauer-Woods,Inactive,South,10839,3504209.62,812402.81,2766932.59,1255677.97,1434468.86,238875.48,24878.41,INR 30 to 40 lacs,10% to 20%,EBITDA +ve,0% to 10%,51.84328903365153,8.63322369555812,1.981273112564044,INR 25 to 35 lacs,Var <2%,Low Profit
2024-01-01,Ahmedabad,Bauer-Woods,Inactive,South,11648,4707993.61,777356.21,3988439.12,1402568.87,2500362.88,1261284.05,29472.03,More than 40 lacs,10% to 20%,EBITDA +ve,10% to 20%,62.69026064512174,31.623500122524124,2.10128932920064,INR 35 to 45 lacs,Var 2-3%,High Profit
2024-02-01,Ahmedabad,Bauer-Woods,Inactive,South,11017,5115945.33,1376824.42,3810731.18,1583585.23,2117150.07,713471.8,11963.1,More than 40 lacs,10% to 20%,EBITDA -ve,0% to 10%,55.55758120938879,18.722700875478708,0.7554440249483761,INR 35 to 45 lacs,Var <2%,Moderate Profit
2024-03-01,Ahmedabad,Bauer-Woods,Inactive,South,13261,5013098.12,1040450.51,4060858.79,1596631.06,2329845.23,860156.53,13885.84,INR 20 to 30 lacs,More than 30%,EBITDA -ve,10% to 20%,57.37321464458014,21.181640989786793,0.8696962214927724,INR 35 to 45 lacs,Var <2%,High Profit
2023-10-01,Pune,"Thomas, Hanson and Robles",Active,East,14869,7222391.95,1109861.71,6148754.05,2498464.79,3517127.53,2157713.2,29619.05,INR 30 to 40 lacs,More than 30%,EBITDA +ve,More than 20%,57.200654008920715,35.09187686568794,1.1854899904352865,Above INR 45 lacs,Var <2%,High Profit
2023-11-01,Pune,"Thomas, Hanson and Robles",Active,East,12074,5169702.25,1240922.4,4068469.4,1744287.53,2210213.56,857667.08,28328.93,More than 40 lacs,More than 30%,EBITDA -ve,10% to 20%,54.32543157384937,21.080829070509907,1.6240974903948318,INR 35 to 45 lacs,Var <2%,High Profit
2023-12-01,Pune,"Thomas, Hanson and Robles",Active,East,11403,5128509.78,1032114.22,4214995.81,1961361.44,2104392.5,759668.59,17179.66,More than 40 lacs,More than 30%,EBITDA -ve,10% to 20%,49.92632483779385,18.022997512778076,0.8759048510712029,INR 35 to 45 lacs,Var <2%,Moderate Profit
2024-01-01,Pune,"Thomas, Hanson and Robles",Active,East,8623,2974798.89,868133.47,2185146.49,743817.09,1314364.5,-135206.67,19153.76,INR 20 to 30 lacs,0% to 10%,EBITDA +ve,0% to 10%,60.149949031563544,-6.187533449988518,2.5750631785026608,INR 15 to 25 lacs,Var 2-3%,Loss Making
2024-02-01,Pune,"Thomas, Hanson and Robles",Active,East,11982,5820280.13,1669191.65,4206653.13,1274982.57,2807051.63,1310114.5,17233.21,INR 30 to 40 lacs,0% to 10%,EBITDA -ve,More than 20%,66.72885886362586,31.143868046947816,1.3516427914775337,INR 35 to 45 lacs,Var <2%,High Profit
2024-03-01,Pune,"Thomas, Hanson and Robles",Active,East,8966,3228779.24,580682.73,2688604.26,1112499.2,1495910.9,287109.99,23253.05,INR 30 to 40 lacs,10% to 20%,EBITDA -ve,0% to 10%,55.63893958867714,10.678774644208888,2.090163300791587,INR 25 to 35 lacs,Var 2-3%,Moderate Profit
2023-10-01,Mumbai,Ray-Miles,Active,West,13817,4974680.24,1089085.56,3990996.13,1585638.93,2275038.58,895466.08,24924.93,INR 20 to 30 lacs,More than 30%,EBITDA +ve,0% to 10%,57.004279280020256,22.437157311901476,1.5719171324836227,INR 35 to 45 lacs,Var <2%,High Profit
2023-11-01,Mumbai,Ray-Miles,Active,West,13428,6579782.9,1926314.93,4780366.07,2085846.35,2553589.85,1325237.91,24113.32,INR 20 to 30 lacs,10% to 20%,EBITDA -ve,0% to 10%,53.418290829764835,27.72251937601088,1.1560448831717638,Above INR 45 lacs,Var <2%,High Profit
2023-12-01,Mumbai,Ray-Miles,Active,West,14687,5846667.17,1316057.27,4623372.96,2136974.94,2367840.91,1016358.91,24666.8,More than 40 lacs,10% to 20%,EBITDA +ve,0% to 10%,51.21457711687616,21.98306125837618,1.1542858803950224,Above INR 45 lacs,Var <2%,High Profit
2024-01-01,Mumbai,Ray-Miles,Active,West,8626,3314965.39,705749.85,2689223.23,1218748.71,1381292.73,11964.78,25608.9,INR 20 to 30 lacs,0% to 10%,EBITDA +ve,10% to 20%,51.36400409571057,0.4449158354176496,2.1012453010104113,INR 25 to 35 lacs,Var 2-3%,Low Profit
2024-02-01,Mumbai,Ray-Miles,Active,West,9796,3691734.3,750719.32,3072809.91,1171963.3,1768950.56,369636.09,12727.64,INR 20 to 30 lacs,10% to 20%,EBITDA -ve,10% to 20%,57.56784870561681,12.029253381313133,1.0860101165283929,INR 25 to 35 lacs,Var <2%,Moderate Profit
2024-03-01,Mumbai,Ray-Miles,Active,West,10566,4427105.37,1230546.48,3346957.7,1439006.13,1842925.16,381209.13,16499.84,INR 30 to 40 lacs,10% to 20%,EBITDA -ve,More than 20%,55.06269649000941,11.389720581171373,1.1466136005966843,INR 25 to 35 lacs,Var <2%,Moderate Profit
2023-10-01,Ahmedabad,Hernandez-Martin,Active,East,13079,5801142.64,1349178.9,4528819.78,2103535.4,2364868.99,1046471.8,19555.0,INR 20 to 30 lacs,0% to 10%,EBITDA -ve,10% to 20%,52.21821809831435,23.106942886563704,0.9296254296457288,Above INR 45 lacs,Var <2%,High Profit
2023-11-01,Ahmedabad,Hernandez-Martin,Active,East,10250,4005084.57,978254.33,3127838.36,1106538.56,1895722.25,437541.65,25889.01,INR 20 to 30 lacs,More than 30%,EBITDA -ve,0% to 10%,60.60806319927606,13.988627276762475,2.339639207873605,INR 25 to 35 lacs,Var 2-3%,Moderate Profit
2023-12-01,Ahmedabad,Hernandez-Martin,Active,East,10086,4689145.04,976967.98,3834143.36,1290948.42,2467869.21,1277563.04,15419.56,INR 20 to 30 lacs,10% to 20%,EBITDA -ve,0% to 10%,64.36559560464636,33.32069043970229,1.1944365678064814,INR 35 to 45 lacs,Var <2%,High Profit
2024-01-01,Ahmedabad,Hernandez-Martin,Active,East,13082,5238864.72,1044129.89,4250125.11,1735783.48,2438218.9,1053791.42,17846.32,INR 20 to 30 lacs,More than 30%,EBITDA +ve,10% to 20%,57.36816768671545,24.794362347606278,1.028142058363178,INR 35 to 45 lacs,Var <2%,High Profit
2024-02-01,Ahmedabad,Hernandez-Martin,Active,East,14112,5411749.96,1482117.46,4019906.07,1412966.21,2529176.72,1086867.06,24241.55,INR 30 to 40 lacs,0% to 10%,EBITDA +ve,0% to 10%,62.916313863025174,27.037125770453642,1.7156496615725862,INR 35 to 45 lacs,Var <2%,High Profit
2024-03-01,Ahmedabad,Hernandez-Martin,Active,East,13468,5573985.43,882321.25,4769232.92,1407120.87,3220247.17,1760072.96,26960.21,INR 30 to 40 lacs,More than 30%,EBITDA +ve,More than 20%,67.52128117911255,36.90473897005643,1.915983948130909,Above INR 45 lacs,Var <2%,High Profit
2023-10-01,Pune,Martinez Ltd,Inactive,North,13382,4585061.25,741929.56,3938391.65,1591109.66,2271695.13,890085.47,15269.54,More than 40 lacs,10% to 20%,EBITDA -ve,0% to 10%,57.68078271240494,22.600227430402967,0.9596786685337578,INR 35 to 45 lacs,Var <2%,High Profit
2023-11-01,Pune,Martinez Ltd,Inactive,North,9730,3536347.58,690133.5,2948743.21,1001177.72,1890102.4,501304.43,16737.01,More than 40 lacs,More than 30%,EBITDA +ve,More than 20%,64.09857574542748,17.00061328839821,1.6717321675915842,INR 25 to 35 lacs,Var <2%,Moderate Profit
2023-12-01,Pune,Martinez Ltd,Inactive,North,7724,2670009.2,565593.38,2210497.51,654890.51,1488385.23,177785.63,29287.89,More than 40 lacs,More than 30%,EBITDA +ve,10% to 20%,67.33259020952256,8.04278806900805,4.472181158954341,INR 15 to 25 lacs,Var 3-5%,Low Profit
2024-01-01,Pune,Martinez Ltd,Inactive,North,12200,4429632.44,908971.71,3646162.17,1654781.34,1847665.08,631329.17,15748.86,INR 30 to 40 lacs,More than 30%,EBITDA -ve,0% to 10%,50.67424304937046,17.314895513821867,0.9517184910968358,INR 35 to 45 lacs,Var <2%,Moderate Profit
2024-02-01,Pune,Martinez Ltd,Inactive,North,13692,5552710.64,1094822.74,4533505.42,1559253.5,2886099.02,1511967.79,29035.93,INR 30 to 40 lacs,0% to 10%,EBITDA +ve,0% to 10%,63.66153236009586,33.35096464933751,1.862168659554075,Above INR 45 lacs,Var <2%,High Profit
2024-03-01,Pune,Martinez Ltd,Inactive,North,9993,3093053.62,818247.56,2364197.61,1107423.5,1115413.31,-271286.83,23902.9,INR 20 to 30 lacs,More than 30%,EBITDA -ve,10% to 20%,47.17936035812168,-11.474795036274486,2.158424487109042,INR 15 to 25 lacs,Var 2-3%,Loss Making
2023-10-01,Ahmedabad,"Carter, Peterson and Jones",Inactive,South,10520,5117282.9,850417.13,4384802.62,2031041.45,2277593.71,921854.3,27741.93,More than 40 lacs,0% to 10%,EBITDA -ve,0% to 10%,51.94290159405168,21.023849415598097,1.3658967915204292,INR 35 to 45 lacs,Var <2%,High Profit
2023-11-01,Ahmedabad,"Carter, Peterson and Jones",Inactive,South,11319,4908542.0,1387716.78,3598417.48,1129433.56,2365611.73,1117583.98,26154.4,INR 20 to 30 lacs,0% to 10%,EBITDA -ve,More than 20%,65.74033566555485,31.05765204319761,2.3157094782981305,INR 35 to 45 lacs,Var 2-3%,High Profit
2023-12-01,Ahmedabad,"Carter, Peterson and Jones",Inactive,South,10965,3500108.73,1025451.15,2569559.88,1107830.2,1411119.54,67526.27,23202.87,More than 40 lacs,0% to 10%,EBITDA -ve,0% to 10%,54.91677975607247,2.6279313638723223,2.094442812625978,INR 25 to 35 lacs,Var 2-3%,Low Profit
2024-01-01,Ahmedabad,"Carter, Peterson and Jones",Inactive,South,9397,3896678.07,828183.9,3143503.44,1227385.45,1841707.43,580922.5,28299.44,INR 20 to 30 lacs,0% to 10%,EBITDA -ve,0% to 10%,58.58773388204086,18.480097480026934,2.3056685249120394,INR 25 to 35 lacs,Var 2-3%,Moderate Profit
2024-02-01,Ahmedabad,"Carter, Peterson and Jones",Inactive,South,8835,3081235.53,585583.59,2641334.89,789446.13,1749751.3,406867.79,12693.39,More than 40 lacs,More than 30%,EBITDA -ve,More than 20%,66.24496222059899,15.403869897012564,1.6078855184203638,INR 25 to 35 lacs,Var <2%,Moderate Profit
2024-03-01,Ahmedabad,"Carter, Peterson and Jones",Inactive,South,13946,6122549.82,1549044.72,4630904.6,2016145.21,2564233.43,1130819.61,16230.0,INR 20 to 30 lacs,0% to 10%,EBITDA -ve,More than 20%,55.37219294044624,24.418978745534947,0.8050015405388385,Above INR 45 lacs,Var <2%,High Profit
2023-10-01,Pune,Meza LLC,Active,West,14107,4612723.01,1045287.78,3639164.59,1442710.49,2129039.65,935489.8,22808.26,INR 30 to 40 lacs,0% to 10%,EBITDA -ve,More than 20%,58.503527316416324,25.706169008420698,1.5809311818339933,INR 35 to 45 lacs,Var <2%,High Profit
2023-11-01,Pune,Meza LLC,Active,West,7789,2381247.58,554033.21,1906708.3,556791.06,1279967.12,4708.68,11279.21,More than 40 lacs,10% to 20%,EBITDA -ve,More than 20%,67.1296768362523,0.24695334886830883,2.025752712337012,INR 15 to 25 lacs,Var 2-3%,Low Profit
2023-12-01,Pune,Meza LLC,Active,West,13575,5715062.58,1653738.11,4137003.02,1627411.24,2455238.64,996918.07,17612.92,INR 20 to 30 lacs,0% to 10%,EBITDA -ve,10% to 20%,59.34824384053749,24.097591062430503,1.082266090284592,INR 35 to 45 lacs,Var <2%,High Profit
2024-01-01,Pune,Meza LLC,Active,West,7678,2717564.8,767485.05,1994327.6,826947.25,1061439.55,-383158.4,20318.67,More than 40 lacs,0% to 10%,EBITDA -ve,0% to 10%,53.22292836944141,-19.21241023791678,2.457069661940347,INR 15 to 25 lacs,Var 2-3%,Loss Making
2024-02-01,Pune,Meza LLC,Active,West,13768,5252766.07,1288188.51,4051087.4,1308479.3,2595343.65,1184194.26,25469.88,INR 30 to 40 lacs,More than 30%,EBITDA -ve,More than 20%,64.06535810607295,29.231515962849876,1.9465252526348717,INR 35 to 45 lacs,Var <2%,High Profit
2024-03-01,Pune,Meza LLC,Active,West,13771,5363280.07,1055067.26,4355848.61,2070072.16,2152975.93,786377.86,29373.41,INR 30 to 40 lacs,More than 30%,EBITDA -ve,0% to 10%,49.42724421269545,18.053379040645765,1.4189558493458507,INR 35 to 45 lacs,Var <2%,Moderate Profit
2023-10-01,Hyderabad,"Wood, Martinez and Beck",Inactive,South,8035,3978880.76,966481.43,3104143.82,1353762.49,1641881.32,165426.48,17922.95,INR 30 to 40 lacs,More than 30%,EBITDA -ve,10% to 20%,52.89321034100798,5.329214417648987,1.3239360768520039,INR 25 to 35 lacs,Var <2%,Low Profit
2023-11-01,Hyderabad,"Wood, Martinez and Beck",Inactive,South,12080,4875724.95,1313615.44,3630554.48,1096216.81,2428702.07,1061443.29,21516.44,More than 40 lacs,More than 30%,EBITDA +ve,0% to 10%,66.89617476832353,29.236396144095323,1.962790554178785,INR 35 to 45 lacs,Var <2%,High Profit
2023-12-01,Hyderabad,"Wood, Martinez and Beck",Inactive,South,13521,5456141.79,1128773.62,4384814.96,1815040.23,2460228.72,1051408.86,23520.68,More than 40 lacs,0% to 10%,EBITDA -ve,10% to 20%,56.10792570366527,23.978408885924804,1.2958765106820802,INR 35 to 45 lacs,Var <2%,High Profit
2024-01-01,Hyderabad,"Wood, Martinez and Beck",Inactive,South,14481,5478419.5,1270096.31,4302513.74,1456677.24,2771246.61,1358580.64,18213.07,INR 30 to 40 lacs,More than 30%,EBITDA -ve,10% to 20%,64.40994212838935,31.576439311963707,1.25031609610376,INR 35 to 45 lacs,Var <2%,High Profit
2024-02-01,Hyderabad,"Wood, Martinez and Beck",Inactive,South,14079,6653408.96,1173043.53,5565528.56,2470735.1,2989233.71,1608818.41,17161.8,INR 20 to 30 lacs,More than 30%,EBITDA -ve,More than 20%,53.70979014435244,28.906839532955342,0.6946029948738737,Above INR 45 lacs,Var <2%,High Profit
2024-03-01,Hyderabad,"Wood, Martinez and Beck",Inactive,South,12993,6407605.83,1595908.59,4879171.47,1859326.51,2906415.53,1611115.24,23781.54,INR 20 to 30 lacs,0% to 10%,EBITDA -ve,More than 20%,59.567808753398864,33.02026276194798,1.2790405489351089,Above INR 45 lacs,Var <2%,High Profit
2023-10-01,Pune,Thompson and Sons,Active,East,10238,4875824.53,1126982.13,3890282.64,1345444.11,2431656.45,1044022.27,21685.27,More than 40 lacs,More than 30%,EBITDA -ve,0% to 10%,62.505907025819596,26.836668864758884,1.611755541447203,INR 35 to 45 lacs,Var <2%,High Profit
2023-11-01,Pune,Thompson and Sons,Active,East,14148,6001895.62,1746024.47,4383195.49,2115817.32,2178494.25,806910.99,20219.46,More than 40 lacs,More than 30%,EBITDA -ve,More than 20%,49.70105154949408,18.40919465811916,0.9556335421245158,INR 35 to 45 lacs,Var <2%,Moderate Profit
2023-12-01,Pune,Thompson and Sons,Active,East,9992,3857119.63,608578.51,3305019.15,1174256.21,2015907.14,773703.63,24155.43,INR 20 to 30 lacs,More than 30%,EBITDA -ve,10% to 20%,60.995324036170864,23.409959061810582,2.0570834366717974,INR 25 to 35 lacs,Var 2-3%,High Profit
2024-01-01,Pune,Thompson and Sons,Active,East,10798,5053200.62,858842.73,4317382.6,2011277.92,2163319.95,862397.39,29450.17,INR 30 to 40 lacs,More than 30%,EBITDA -ve,0% to 10%,50.1072096320581,19.975004994924472,1.4642516435520756,INR 35 to 45 lacs,Var <2%,Moderate Profit
2024-02-01,Pune,Thompson and Sons,Active,East,12716,4238811.44,1131467.26,3189468.43,1140823.59,1934301.3,360748.07,19255.02,INR 20 to 30 lacs,More than 30%,EBITDA +ve,0% to 10%,60.646510302658804,11.310601685435087,1.6878174828064345,INR 25 to 35 lacs,Var <2%,Moderate Profit
2024-03-01,Pune,Thompson and Sons,Active,East,10664,5241241.36,1013603.55,4341152.45,2046701.29,2177241.63,712529.66,10530.98,INR 20 to 30 lacs,0% to 10%,EBITDA +ve,0% to 10%,50.15353998913352,16.41337566940318,0.5145342923978906,INR 35 to 45 lacs,Var <2%,Moderate Profit
2023-10-01,Ahmedabad,Owens Inc,Active,North,9082,3869826.71,1094519.51,2871783.02,1004715.56,1774660.53,393941.0,25402.89,INR 20 to 30 lacs,0% to 10%,EBITDA -ve,More than 20%,61.796469915752894,13.717645005088164,2.5283663368366662,INR 25 to 35 lacs,Var 2-3%,Moderate Profit
2023-11-01,Ahmedabad,Owens Inc,Active,North,8063,2812147.12,744339.88,2155828.86,665980.85,1346857.25,-66634.68,15651.84,INR 30 to 40 lacs,More than 30%,EBITDA -ve,0% to 10%,62.47514702999199,-3.090907689212399,2.350193703017136,INR 15 to 25 lacs,Var 2-3%,Loss Making
2023-12-01,Ahmedabad,Owens Inc,Active,North,10365,3863456.17,859115.46,3085725.49,895861.5,2112164.16,835046.79,18526.75,INR 30 to 40 lacs,0% to 10%,EBITDA +ve,0% to 10%,68.44951590298461,27.061603266595174,2.068037302641089,INR 25 to 35 lacs,Var 2-3%,High Profit
2024-01-01,Ahmedabad,Owens Inc,Active,North,10792,4743405.87,1092977.1,3707296.41,1380092.84,2258494.49,972882.32,18245.0,INR 20 to 30 lacs,More than 30%,EBITDA -ve,0% to 10%,60.920256710738705,26.242366738622874,1.3220125104047347,INR 35 to 45 lacs,Var <2%,High Profit
2024-02-01,Ahmedabad,Owens Inc,Active,North,11397,5231441.96,1055911.95,4322485.75,1372723.09,2820408.43,1507566.19,20101.03,INR 30 to 40 lacs,More than 30%,EBITDA +ve,10% to 20%,65.24968717363615,34.877296934987,1.4643179055143596,INR 35 to 45 lacs,Var <2%,High Profit
2024-03-01,Ahmedabad,Owens Inc,Active,North,7818,2365729.77,689626.96,1797691.57,788168.96,954574.56,-402279.9,26717.19,More than 40 lacs,More than 30%,EBITDA -ve,10% to 20%,53.10001870899356,-22.377581711639223,3.3897795213858717,INR 15 to 25 lacs,Var 3-5%,Loss Making
2023-10-01,Ahmedabad,"Buchanan, Williams and Hines",Active,East,14763,4882522.95,1200729.09,3794088.03,1701913.49,1989098.13,519834.31,23418.21,More than 40 lacs,0% to 10%,EBITDA -ve,0% to 10%,52.426251427803585,13.70116628527462,1.3759929712996164,INR 35 to 45 lacs,Var <2%,Moderate Profit
2023-11-01,Ahmedabad,"Buchanan, Williams and Hines",Active,East,9700,4438175.01,1094835.39,3420526.42,1332872.03,2012953.03,561469.12,25985.75,INR 20 to 30 lacs,More than 30%,EBITDA +ve,0% to 10%,58.84921742542776,16.41469911523151,1.9496057697301967,INR 25 to 35 lacs,Var <2%,Moderate Profit
2023-12-01,Ahmedabad,"Buchanan, Williams and Hines",Active,East,13301,4851258.22,940243.23,3952716.86,1305410.64,2562633.68,1257611.6,29464.9,More than 40 lacs,0% to 10%,EBITDA -ve,0% to 10%,64.83220961088522,31.816384642334338,2.2571364976770836,INR 35 to 45 lacs,Var 2-3%,High Profit
2024-01-01,Ahmedabad,"Buchanan, Williams and Hines",Active,East,7802,2360759.64,609986.15,1871969.62,709623.97,1085746.28,-250004.1,17345.44,INR 20 to 30 lacs,More than 30%,EBITDA +ve,More than 20%,58.00020835808222,-13.355136607398574,2.4443142753478293,INR 15 to 25 lacs,Var 2-3%,Loss Making
2024-02-01,Ahmedabad,"Buchanan, Williams and Hines",Active,East,9973,3619825.77,773675.34,2917221.44,1119252.56,1658771.66,259619.8,26629.97,More than 40 lacs,0% to 10%,EBITDA -ve,More than 20%,56.86135571525212,8.899557518677772,2.379263711489746,INR 25 to 35 lacs,Var 2-3%,Low Profit
2024-03-01,Ahmedabad,"Buchanan, Williams and Hines",Active,East,12889,6435941.03,1279245.41,5281355.36,2558078.98,2639431.82,1305894.08,26170.79,INR 20 to 30 lacs,More than 30%,EBITDA -ve,More than 20%,49.97641022209117,24.726495207851343,1.0230641901447468,Above INR 45 lacs,Var <2%,High Profit
2023-10-01,Bangalore,Mckinney Inc,Active,North,11905,5655725.46,1154847.03,4577785.29,2053615.65,2423610.14,1136840.65,22612.42,INR 20 to 30 lacs,0% to 10%,EBITDA -ve,More than 20%,52.94285307120641,24.833856941333305,1.101102828077883,Above INR 45 lacs,Var <2%,High Profit
2023-11-01,Bangalore,Mckinney Inc,Active,North,8594,3879633.14,660935.45,3269210.43,973894.31,2236999.08,822801.76,10844.92,INR 30 to 40 lacs,More than 30%,EBITDA +ve,More than 20%,68.42627991982762,25.1682104170945,1.1135623125265,INR 25 to 35 lacs,Var <2%,High Profit
2023-12-01,Bangalore,Mckinney Inc,Active,North,8535,3644442.98,1050197.58,2719473.03,786393.54,1805690.18,358713.48,19664.41,More than 40 lacs,10% to 20%,EBITDA -ve,10% to 20%,66.39853236566204,13.190551112029231,2.5005813247143407,INR 25 to 35 lacs,Var 2-3%,Moderate Profit
2024-01-01,Bangalore,Mckinney Inc,Active,North,8340,3264834.59,864633.16,2514412.86,991080.67,1384768.26,48541.87,13708.71,More than 40 lacs,10% to 20%,EBITDA -ve,10% to 20%,55.07322532545431,1.9305449304773286,1.3832082912080201,INR 25 to 35 lacs,Var <2%,Low Profit
2024-02-01,Bangalore,Mckinney Inc,Active,North,9174,4024825.25,848327.55,3230568.91,1167231.28,1967254.93,612066.99,17218.68,More than 40 lacs,10% to 20%,EBITDA -ve,More than 20%,60.894999760274416,18.9461053780772,1.4751729408759506,INR 25 to 35 lacs,Var <2%,Moderate Profit
2024-03-01,Bangalore,Mckinney Inc,Active,North,8784,3905515.39,1072277.56,2899371.43,918214.24,1917337.16,466907.44,19478.42,INR 20 to 30 lacs,More than 30%,EBITDA +ve,10% to 20%,66.1294079179086,16.10374701112372,2.121337172902045,INR 25 to 35 lacs,Var 2-3%,Moderate Profit
2023-10-01,Hyderabad,Allen Group,Inactive,East,10645,4725134.28,1001882.08,3845321.78,1644683.43,2080926.3,882778.24,16530.23,INR 30 to 40 lacs,10% to 20%,EBITDA -ve,0% to 10%,54.115791058713434,22.957200736527177,1.0050706232262583,INR 35 to 45 lacs,Var <2%,High Profit
2023-11-01,Hyderabad,Allen Group,Inactive,East,14582,5501633.7,885597.76,4697237.16,2164409.68,2411011.81,946991.19,26953.8,More than 40 lacs,0% to 10%,EBITDA -ve,More than 20%,51.32829635538351,20.16059989613128,1.245318769781144,Above INR 45 lacs,Var <2%,High Profit
2023-12-01,Hyderabad,Allen Group,Inactive,East,11049,4535505.61,707774.1,3922986.44,1444885.65,2366564.56,1214100.67,14692.34,INR 20 to 30 lacs,More than 30%,EBITDA +ve,10% to 20%,60.32558603490865,30.948377940353012,1.0168514027390334,INR 35 to 45 lacs,Var <2%,High Profit
2024-01-01,Hyderabad,Allen Group,Inactive,East,8260,3129341.9,681305.33,2579227.96,925603.44,1566204.45,268121.59,28471.26,INR 20 to 30 lacs,10% to 20%,EBITDA +ve,0% to 10%,60.723769836924376,10.395420418751975,3.075967392688169,INR 25 to 35 lacs,Var 3-5%,Moderate Profit
2024-02-01,Hyderabad,Allen Group,Inactive,East,10462,3376874.57,727383.0,2753827.87,1207140.67,1479213.39,97166.31,26949.74,INR 30 to 40 lacs,0% to 10%,EBITDA -ve,More than 20%,53.714809342822136,3.5284089851265827,2.2325268852055165,INR 25 to 35 lacs,Var 2-3%,Low Profit
2024-03-01,Hyderabad,Allen Group,Inactive,East,12260,4088590.98,642636.77,3546026.47,1627293.48,1770170.55,381313.21,25002.59,More than 40 lacs,More than 30%,EBITDA +ve,0% to 10%,49.91983463676739,10.753253345003937,1.5364524166839284,INR 35 to 45 lacs,Var <2%,Moderate Profit
2023-10-01,Ahmedabad,Camacho-Hayes,Inactive,North,7069,3019997.18,660892.41,2415849.53,1136699.65,1218603.15,-54899.98,18172.58,INR 20 to 30 lacs,0% to 10%,EBITDA -ve,10% to 20%,50.44201366299498,-2.272491697775565,1.5987143129673704,INR 15 to 25 lacs,Var <2%,Loss Making
2023-11-01,Ahmedabad,Camacho-Hayes,Inactive,North,8791,2963083.14,816453.78,2261235.55,825327.24,1382278.84,-141394.81,18386.15,More than 40 lacs,0% to 10%,EBITDA +ve,10% to 20%,61.12936089298615,-6.25298899090809,2.2277405989895596,INR 15 to 25 lacs,Var 2-3%,Loss Making
2023-12-01,Ahmedabad,Camacho-Hayes,Inactive,North,9179,3666547.4,668680.15,3061164.5,1358146.29,1629060.6,191375.84,25967.67,INR 30 to 40 lacs,0% to 10%,EBITDA -ve,More than 20%,53.21702247625046,6.251733286466638,1.9119935894387339,INR 25 to 35 lacs,Var <2%,Low Profit
2024-01-01,Ahmedabad,Camacho-Hayes,Inactive,North,8854,2795401.39,650742.63,2236621.35,737518.58,1442203.42,106325.09,21023.94,INR 20 to 30 lacs,More than 30%,EBITDA +ve,More than 20%,64.48134012491653,4.75382612260229,2.8506319122156896,INR 15 to 25 lacs,Var 2-3%,Low Profit
2024-02-01,Ahmedabad,Camacho-Hayes,Inactive,North,7355,2236986.15,502000.51,1837129.0,621441.89,1094991.93,-290166.48,13528.61,INR 30 to 40 lacs,10% to 20%,EBITDA +ve,10% to 20%,59.603431767720174,-15.794562058516304,2.1769710439056498,INR 15 to 25 lacs,Var 2-3%,Loss Making
2024-03-01,Ahmedabad,Camacho-Hayes,Inactive,North,14817,6208548.42,939308.73,5326859.51,2414416.81,2806442.45,1381502.75,26004.83,More than 40 lacs,More than 30%,EBITDA +ve,More than 20%,52.6847468894482,25.93465713534465,1.077064651484099,Above INR 45 lacs,Var <2%,High Profit
2023-10-01,Mumbai,Gilmore-Wall,Inactive,West,7599,2669563.32,546682.57,2163419.14,989554.61,1061695.28,-513690.05,20215.84,INR 20 to 30 lacs,0% to 10%,EBITDA -ve,10% to 20%,49.07487690988996,-23.744360974822474,2.042923128820551,INR 15 to 25 lacs,Var 2-3%,Loss Making
2023-11-01,Mumbai,Gilmore-Wall,Inactive,West,12238,5204519.36,1550104.55,3759431.67,1316369.54,2320710.88,887158.77,28377.12,INR 30 to 40 lacs,10% to 20%,EBITDA +ve,0% to 10%,61.73036468568133,23.598215046158828,2.1557107740429786,INR 35 to 45 lacs,Var 2-3%,High Profit
2023-12-01,Mumbai,Gilmore-Wall,Inactive,West,11414,4008965.21,1079900.28,3027122.03,1224281.07,1672278.81,330935.97,16706.33,More than 40 lacs,More than 30%,EBITDA +ve,More than 20%,55.243191170591835,10.932363040547791,1.3645828894503778,INR 25 to 35 lacs,Var <2%,Moderate Profit
2024-01-01,Mumbai,Gilmore-Wall,Inactive,West,10633,3412030.72,536014.43,2956516.04,994958.48,1836990.88,246469.78,27911.84,More than 40 lacs,10% to 20%,EBITDA +ve,10% to 20%,62.133634830541965,8.336493922759168,2.8053271127454487,INR 25 to 35 lacs,Var 2-3%,Low Profit
2024-02-01,Mumbai,Gilmore-Wall,Inactive,West,11816,3859017.29,740557.7,3180148.38,1235117.94,1843475.69,605201.91,27422.27,More than 40 lacs,0% to 10%,EBITDA -ve,More than 20%,57.968228828366804,19.030618627927044,2.220214694638797,INR 25 to 35 lacs,Var 2-3%,Moderate Profit
2024-03-01,Mumbai,Gilmore-Wall,Inactive,West,8185,3362583.61,636185.81,2828464.56,1067132.33,1674989.55,332162.99,10397.49,More than 40 lacs,0% to 10%,EBITDA -ve,More than 20%,59.2190396757172,11.743579703894186,0.9743393305308254,INR 25 to 35 lacs,Var <2%,Moderate Profit
2023-10-01,Pune,"Berry, Allen and Kim",Active,South,12227,5889550.18,1426839.89,4591572.06,1959909.42,2513141.64,1095082.57,21405.77,More than 40 lacs,More than 30%,EBITDA -ve,10% to 20%,54.733795030541245,23.84983956889049,1.092181596841348,Above INR 45 lacs,Var <2%,High Profit
2023-11-01,Pune,"Berry, Allen and Kim",Active,South,7016,2806183.15,462409.91,2414566.14,1139393.1,1217995.16,-18177.64,21945.45,More than 40 lacs,More than 30%,EBITDA +ve,0% to 10%,50.4436445050124,-0.7528325564939794,1.9260648497871367,INR 15 to 25 lacs,Var <2%,Loss Making
2023-12-01,Pune,"Berry, Allen and Kim",Active,South,8823,3956234.09,1175448.35,2894269.93,1058327.19,1778623.22,535591.63,18943.58,INR 30 to 40 lacs,10% to 20%,EBITDA -ve,0% to 10%,61.45325982086266,18.505241147289947,1.7899549571243654,INR 25 to 35 lacs,Var <2%,Moderate Profit
2024-01-01,Pune,"Berry, Allen and Kim",Active,South,12950,5920672.25,1617008.73,4369278.53,1845545.84,2411596.66,1099303.73,22930.1,INR 20 to 30 lacs,10% to 20%,EBITDA +ve,10% to 20%,55.19439064004922,25.15984555463897,1.2424562697396884,INR 35 to 45 lacs,Var <2%,High Profit
2024-02-01,Pune,"Berry, Allen and Kim",Active,South,13779,6429269.44,1425717.37,5073454.6,1851310.71,3109816.07,1704842.31,22651.75,More than 40 lacs,More than 30%,EBITDA +ve,More than 20%,61.295829275775915,33.60318450469627,1.2235520422177,Above INR 45 lacs,Var <2%,High Profit
2024-03-01,Pune,"Berry, Allen and Kim",Active,South,8192,3463748.61,1009588.32,2566604.99,1136321.62,1355298.03,-103316.67,29155.41,INR 30 to 40 lacs,10% to 20%,EBITDA +ve,10% to 20%,52.80508825006219,-4.025421535551522,2.565770947841334,INR 25 to 35 lacs,Var 2-3%,Loss Making
2023-10-01,Hyderabad,"Summers, Graves and Johnston",Active,North,8761,2749167.45,518110.33,2338959.63,742005.99,1483770.67,-67281.23,19782.41,INR 20 to 30 lacs,10% to 20%,EBITDA +ve,10% to 20%,63.4372073364943,-2.8765451586695403,2.666071469315227,INR 15 to 25 lacs,Var 2-3%,Loss Making
2023-11-01,Hyderabad,"Summers, Graves and Johnston",Active,North,10869,3637350.41,1013246.78,2718418.34,1257829.8,1377001.25,85387.66,25247.95,INR 30 to 40 lacs,More than 30%,EBITDA +ve,More than 20%,50.654501175856545,3.1410787200619024,2.007262826814884,INR 25 to 35 lacs,Var 2-3%,Low Profit
2023-12-01,Hyderabad,"Summers, Graves and Johnston",Active,North,9870,4377896.53,970752.99,3537603.53,1173652.3,2249714.26,804030.26,10771.35,More than 40 lacs,More than 30%,EBITDA +ve,0% to 10%,63.59430164860787,22.728105430175212,0.9177632932683725,INR 35 to 45 lacs,Var <2%,High Profit
2024-01-01,Hyderabad,"Summers, Graves and Johnston",Active,North,8606,2829121.29,690094.32,2224831.9,804017.97,1351815.36,222949.31,28900.93,INR 20 to 30 lacs,10% to 20%,EBITDA -ve,10% to 20%,60.76033699444889,10.020950796327579,3.594562693667158,INR 15 to 25 lacs,Var 3-5%,Moderate Profit
2024-02-01,Hyderabad,"Summers, Graves and Johnston",Active,North,11776,5089200.69,1485280.5,3687129.15,1391873.1,2238777.84,1060825.02,17743.28,More than 40 lacs,More than 30%,EBITDA +ve,0% to 10%,60.71872584121443,28.771029623413114,1.274777133059041,INR 35 to 45 lacs,Var <2%,High Profit
2024-03-01,Hyderabad,"Summers, Graves and Johnston",Active,North,12491,5822243.77,1586341.97,4314989.27,1364944.56,2846346.07,1356949.38,28090.2,More than 40 lacs,10% to 20%,EBITDA -ve,10% to 20%,65.96415174863228,31.447340771718768,2.057973695283272,INR 35 to 45 lacs,Var 2-3%,High Profit
2023-10-01,Mumbai,Rogers-Duffy,Inactive,South,7230,3369857.78,907903.56,2572531.84,751305.79,1728435.35,355794.76,29284.29,INR 30 to 40 lacs,More than 30%,EBITDA +ve,10% to 20%,67.18810329671177,13.83052891582481,3.897785747132336,INR 25 to 35 lacs,Var 3-5%,Moderate Profit
2023-11-01,Mumbai,Rogers-Duffy,Inactive,South,14866,5707511.74,1331083.34,4481182.5,1864141.16,2520224.87,1150611.63,12395.11,INR 20 to 30 lacs,10% to 20%,EBITDA -ve,More than 20%,56.24017477529648,25.676517972655656,0.6649233580572836,INR 35 to 45 lacs,Var <2%,High Profit
2023-12-01,Mumbai,Rogers-Duffy,Inactive,South,13744,6842122.99,1578715.51,5370699.74,2015424.92,3293994.99,2020972.57,20311.94,INR 20 to 30 lacs,10% to 20%,EBITDA +ve,0% to 10%,61.33269684519731,37.6295951707775,1.007824196199777,Above INR 45 lacs,Var <2%,High Profit
2024-01-01,Mumbai,Rogers-Duffy,Inactive,South,7214,3572200.34,822642.97,2861205.78,1280540.77,1464941.66,48109.15,16542.52,INR 20 to 30 lacs,More than 30%,EBITDA -ve,0% to 10%,51.20015030865763,1.6814292189777418,1.2918386034675022,INR 25 to 35 lacs,Var <2%,Low Profit
2024-02-01,Mumbai,Rogers-Duffy,Inactive,South,8804,3588693.77,956283.05,2692027.84,1157286.86,1436086.25,156780.71,27620.41,More than 40 lacs,0% to 10%,EBITDA +ve,More than 20%,53.34589147488163,5.823888879247252,2.3866520008703804,INR 25 to 35 lacs,Var 2-3%,Low Profit
2024-03-01,Mumbai,Rogers-Duffy,Inactive,South,11054,4643472.53,1059541.38,3666461.75,1532336.01,2058443.93,568650.04,19041.07,INR 20 to 30 lacs,0% to 10%,EBITDA +ve,10% to 20%,56.14251751023994,15.509504224338357,1.2426171463529072,INR 35 to 45 lacs,Var <2%,Moderate Profit
2023-10-01,Ahmedabad,"Barron, Ross and Williams",Active,East,8989,2716663.1,591137.71,2232907.29,838056.22,1298166.23,-30393.28,28747.07,INR 30 to 40 lacs,10% to 20%,EBITDA -ve,0% to 10%,58.13793684197252,-1.3611527955556095,3.430207820663869,INR 15 to 25 lacs,Var 3-5%,Loss Making
2023-11-01,Ahmedabad,"Barron, Ross and Williams",Active,East,13985,4924072.95,1131590.56,3911738.64,1740132.45,2068811.77,822830.27,16200.51,INR 30 to 40 lacs,0% to 10%,EBITDA +ve,0% to 10%,52.88726984070694,21.034898947134156,0.930992925279912,INR 35 to 45 lacs,Var <2%,High Profit
2023-12-01,Ahmedabad,"Barron, Ross and Williams",Active,East,9425,4162814.28,932046.51,3378991.76,1274188.92,1955755.92,686115.63,24306.76,More than 40 lacs,More than 30%,EBITDA -ve,More than 20%,57.87986650787216,20.305335991704226,1.9076260685110966,INR 25 to 35 lacs,Var <2%,High Profit
2024-01-01,Ahmedabad,"Barron, Ross and Williams",Active,East,14388,5296328.15,931790.03,4476256.29,1861760.73,2536778.24,1074361.39,12810.78,INR 30 to 40 lacs,More than 30%,EBITDA +ve,More than 20%,56.67187211034336,24.0013377339482,0.6881002372415493,INR 35 to 45 lacs,Var <2%,High Profit
2024-02-01,Ahmedabad,"Barron, Ross and Williams",Active,East,11840,4474559.88,1266721.53,3285620.41,1568810.27,1635631.7,302156.65,17123.0,More than 40 lacs,More than 30%,EBITDA +ve,10% to 20%,49.781517518635084,9.19633470380104,1.091464043003747,INR 25 to 35 lacs,Var <2%,Low Profit
2024-03-01,Ahmedabad,"Barron, Ross and Williams",Active,East,14235,4765443.3,994580.16,3852749.61,1338484.51,2366712.72,971157.66,28598.74,More than 40 lacs,More than 30%,EBITDA +ve,10% to 20%,61.42918589510934,25.206871930615808,2.136650800688011,INR 35 to 45 lacs,Var 2-3%,High Profit
2023-10-01,Pune,"Long, Freeman and Castro",Inactive,West,9312,3578969.13,838799.6,2781609.32,843529.04,1793940.24,376690.1,22387.48,INR 20 to 30 lacs,More than 30%,EBITDA -ve,0% to 10%,64.49289003676476,13.542164145466698,2.654025995358737,INR 25 to 35 lacs,Var 2-3%,Moderate Profit
2023-11-01,Pune,"Long, Freeman and Castro",Inactive,West,12764,4654130.63,1343202.67,3386216.28,1301438.05,1976844.32,493554.77,23436.12,INR 30 to 40 lacs,More than 30%,EBITDA +ve,0% to 10%,58.37915113915878,14.575405974954442,1.800786445424736,INR 25 to 35 lacs,Var <2%,Moderate Profit
2023-12-01,Pune,"Long, Freeman and Castro",Inactive,West,13781,6056996.67,1379329.28,4773523.97,1457088.03,3191949.99,1868125.05,28928.03,INR 30 to 40 lacs,More than 30%,EBITDA -ve,More than 20%,66.86779012864159,39.1351350017417,1.9853316618076946,Above INR 45 lacs,Var <2%,High Profit
2024-01-01,Pune,"Long, Freeman and Castro",Inactive,West,13161,6391445.38,1768456.56,4719766.35,1468630.14,3180785.41,1812606.83,12783.18,More than 40 lacs,10% to 20%,EBITDA +ve,0% to 10%,67.3928574875322,38.40458818475199,0.870415202019482,Above INR 45 lacs,Var <2%,High Profit
2024-02-01,Pune,"Long, Freeman and Castro",Inactive,West,8560,3183377.74,948680.42,2323464.87,678927.18,1507392.74,227902.09,25287.55,INR 30 to 40 lacs,More than 30%,EBITDA -ve,0% to 10%,64.87693269922346,9.808716841068485,3.7246336197646404,INR 15 to 25 lacs,Var 3-5%,Low Profit
2024-03-01,Pune,"Long, Freeman and Castro",Inactive,West,10493,4268304.19,1035469.38,3318121.8,1194257.44,2071831.22,819928.52,29459.24,INR 30 to 40 lacs,More than 30%,EBITDA +ve,10% to 20%,62.43987848788433,24.710621532940717,2.4667411743317254,INR 25 to 35 lacs,Var 2-3%,High Profit
2023-10-01,Bangalore,"Cortez, Shepard and Krause",Active,West,7989,3706087.18,1087565.92,2684919.68,1164494.67,1438098.54,21800.71,17543.19,INR 20 to 30 lacs,More than 30%,EBITDA -ve,More than 20%,53.562069313000826,0.8119687960274475,1.506506680704687,INR 25 to 35 lacs,Var <2%,Low Profit
2023-11-01,Bangalore,"Cortez, Shepard and Krause",Active,West,10432,4050958.71,874875.12,3255420.25,1173441.85,2008674.7,714337.67,16113.72,More than 40 lacs,0% to 10%,EBITDA +ve,0% to 10%,61.70246990384728,21.943024713936705,1.37320140746642,INR 25 to 35 lacs,Var <2%,High Profit
2023-12-01,Bangalore,"Cortez, Shepard and Krause",Active,West,10093,3215481.7,868298.74,2461516.63,1139221.31,1210692.13,-67119.17,16454.48,More than 40 lacs,10% to 20%,EBITDA -ve,10% to 20%,49.18480400435076,-2.7267404648816043,1.4443620265495207,INR 15 to 25 lacs,Var <2%,Loss Making
2024-01-01,Bangalore,"Cortez, Shepard and Krause",Active,West,8725,4340599.48,1216564.2,3189672.96,1037605.78,2046245.34,598407.47,15868.2,INR 30 to 40 lacs,More than 30%,EBITDA +ve,0% to 10%,64.15219885113238,18.760778220974732,1.5293091370404663,INR 25 to 35 lacs,Var <2%,Moderate Profit
2024-02-01,Bangalore,"Cortez, Shepard and Krause",Active,West,12119,3798497.33,631820.14,3256283.15,1140796.64,1997631.22,624141.41,23167.47,INR 30 to 40 lacs,More than 30%,EBITDA -ve,10% to 20%,61.34697530833583,19.16729538707345,2.030815062709161,INR 25 to 35 lacs,Var 2-3%,Moderate Profit
2024-03-01,Bangalore,"Cortez, Shepard and Krause",Active,West,14192,5412718.21,1062936.12,4461909.19,2069123.05,2334891.92,806698.51,11523.36,More than 40 lacs,10% to 20%,EBITDA +ve,More than 20%,52.3294361353867,18.079671182191852,0.5569199956474314,INR 35 to 45 lacs,Var <2%,Moderate Profit
2023-10-01,Mumbai,Mason Ltd,Inactive,West,10771,5373827.39,806237.87,4678872.63,1858826.98,2762701.91,1572338.04,15564.44,INR 30 to 40 lacs,0% to 10%,EBITDA -ve,0% to 10%,59.046315821595684,33.605061824476294,0.8373259140019583,Above INR 45 lacs,Var <2%,High Profit
2023-11-01,Mumbai,Mason Ltd,Inactive,West,7662,2883788.31,714725.44,2243611.02,903655.73,1206689.67,-167790.56,22077.38,INR 20 to 30 lacs,10% to 20%,EBITDA -ve,More than 20%,53.783372395808605,-7.478594038997009,2.4431184650375646,INR 15 to 25 lacs,Var 2-3%,Loss Making
2023-12-01,Mumbai,Mason Ltd,Inactive,West,14495,5728065.89,1121839.02,4732219.93,1630877.01,3025494.78,1744692.08,14236.34,INR 20 to 30 lacs,0% to 10%,EBITDA -ve,More than 20%,63.9339427320319,36.86836423090759,0.8729254206606297,Above INR 45 lacs,Var <2%,High Profit
2024-01-01,Mumbai,Mason Ltd,Inactive,West,11477,3474013.47,748451.51,2855075.27,1174070.32,1570214.04,195757.72,19847.94,More than 40 lacs,More than 30%,EBITDA +ve,10% to 20%,54.99729049174945,6.856481930859918,1.6905239543062462,INR 25 to 35 lacs,Var <2%,Low Profit
2024-02-01,Mumbai,Mason Ltd,Inactive,West,13400,4407083.82,1145808.22,3334758.78,1608603.51,1636412.99,363142.77,19875.59,INR 20 to 30 lacs,More than 30%,EBITDA +ve,10% to 20%,49.071405098752,10.889626325535907,1.2355804196896227,INR 25 to 35 lacs,Var <2%,Moderate Profit
2024-03-01,Mumbai,Mason Ltd,Inactive,West,14191,5975627.62,1745922.53,4309430.13,1901054.85,2266956.07,897851.69,17339.26,INR 30 to 40 lacs,More than 30%,EBITDA -ve,10% to 20%,52.604544025871,20.834580510996705,0.9120862556911494,INR 35 to 45 lacs,Var <2%,High Profit
2023-10-01,Hyderabad,Smith PLC,Active,South,11939,4297776.48,918328.15,3456163.42,1418836.2,1975514.34,496355.38,14010.11,More than 40 lacs,0% to 10%,EBITDA +ve,0% to 10%,57.15917044223563,14.361455743895352,0.9874367456934071,INR 25 to 35 lacs,Var <2%,Moderate Profit
2023-11-01,Hyderabad,Smith PLC,Active,South,13947,6553149.69,996897.5,5652210.28,2744627.87,2820231.65,1407618.7,26640.94,INR 30 to 40 lacs,More than 30%,EBITDA +ve,10% to 20%,49.896085076296906,24.90386291856077,0.9706576360022168,Above INR 45 lacs,Var <2%,High Profit
2023-12-01,Hyderabad,Smith PLC,Active,South,13707,6088988.01,1454005.66,4728955.84,1508368.6,3146834.37,1861767.17,24491.82,INR 20 to 30 lacs,More than 30%,EBITDA +ve,10% to 20%,66.54395761919402,39.369519043764214,1.6237291070630877,Above INR 45 lacs,Var <2%,High Profit
2024-01-01,Hyderabad,Smith PLC,Active,South,8489,2775128.24,543574.87,2359693.11,986282.86,1304400.4,-52603.45,14842.26,INR 20 to 30 lacs,More than 30%,EBITDA +ve,0% to 10%,55.278391688824314,-2.2292496332287888,1.5048684917833817,INR 15 to 25 lacs,Var <2%,Loss Making
2024-02-01,Hyderabad,Smith PLC,Active,South,8122,3101886.21,552919.57,2650421.17,873315.18,1649015.51,382413.52,28237.5,INR 30 to 40 lacs,0% to 10%,EBITDA +ve,10% to 20%,62.217112082605354,14.428405731455882,3.233368736359306,INR 25 to 35 lacs,Var 3-5%,Moderate Profit
2024-03-01,Hyderabad,Smith PLC,Active,South,7675,3765821.76,675235.88,3212341.08,1514073.37,1565158.98,330212.79,10269.03,INR 30 to 40 lacs,10% to 20%,EBITDA -ve,10% to 20%,48.72331240741099,10.279505873641536,0.678238598173086,INR 25 to 35 lacs,Var <2%,Moderate Profit
2023-10-01,Mumbai,Sanchez LLC,Active,South,9305,4040992.12,1065252.49,3067068.72,1185702.35,1743542.49,506139.96,25421.83,INR 20 to 30 lacs,0% to 10%,EBITDA +ve,0% to 10%,56.847193498814065,16.502400376604538,2.144031341423925,INR 25 to 35 lacs,Var 2-3%,Moderate Profit
2023-11-01,Mumbai,Sanchez LLC,Active,South,9720,3280332.04,749517.83,2583900.36,1242074.41,1270450.5,-73383.62,25911.5,More than 40 lacs,More than 30%,EBITDA -ve,More than 20%,49.16793695558756,-2.8400328873362595,2.0861471576409016,INR 25 to 35 lacs,Var 2-3%,Loss Making
2023-12-01,Mumbai,Sanchez LLC,Active,South,9836,3768933.69,684481.76,3175242.13,995586.63,2064122.54,678972.73,27857.94,More than 40 lacs,More than 30%,EBITDA +ve,More than 20%,65.00677603443111,21.383337150417564,2.7981432414374625,INR 25 to 35 lacs,Var 2-3%,High Profit
2024-01-01,Mumbai,Sanchez LLC,Active,South,13609,5624856.28,886230.56,4844823.95,1868384.86,2863864.31,1571022.59,22168.84,INR 20 to 30 lacs,0% to 10%,EBITDA +ve,10% to 20%,59.11183439389991,32.42682512746413,1.186524279585524,Above INR 45 lacs,Var <2%,High Profit
2024-02-01,Mumbai,Sanchez LLC,Active,South,11219,4775825.54,994765.54,3869858.35,1820542.77,1954515.92,503355.9,14880.4,INR 20 to 30 lacs,More than 30%,EBITDA -ve,0% to 10%,50.50613596748315,13.007088489427526,0.8173606380035774,INR 35 to 45 lacs,Var <2%,Moderate Profit
2024-03-01,Mumbai,Sanchez LLC,Active,South,10693,4177700.47,1042206.28,3236646.99,1493243.58,1633395.0,395278.86,25874.16,More than 40 lacs,More than 30%,EBITDA -ve,More than 20%,50.465651800970726,12.212603389287132,1.7327487857004547,INR 25 to 35 lacs,Var <2%,Moderate Profit
2023-10-01,Mumbai,Sanchez and Sons,Inactive,South,8222,3809289.68,807148.16,3108964.87,1490754.22,1479691.47,152661.66,10850.05,INR 30 to 40 lacs,10% to 20%,EBITDA +ve,0% to 10%,47.594345123623086,4.910369411797181,0.7278228600285297,INR 25 to 35 lacs,Var <2%,Low Profit
2023-11-01,Mumbai,Sanchez and Sons,Inactive,South,12714,4000754.2,647066.73,3493449.62,1015431.06,2416872.52,1184683.01,28831.91,INR 20 to 30 lacs,0% to 10%,EBITDA +ve,10% to 20%,69.18297908644236,33.9115527305071,2.8393764122204415,INR 25 to 35 lacs,Var 2-3%,High Profit
2023-12-01,Mumbai,Sanchez and Sons,Inactive,South,12550,5282442.48,1079172.84,4257850.53,1345450.77,2837537.68,1489476.14,13700.19,INR 20 to 30 lacs,10% to 20%,EBITDA -ve,0% to 10%,66.64249155782366,34.98187946019796,1.01826022218561,INR 35 to 45 lacs,Var <2%,High Profit
2024-01-01,Mumbai,Sanchez and Sons,Inactive,South,13338,4058883.16,841087.29,3285508.7,997258.11,2203098.58,711948.97,29064.54,More than 40 lacs,More than 30%,EBITDA +ve,0% to 10%,67.05502195139522,21.66936797336741,2.9144450878419033,INR 25 to 35 lacs,Var 2-3%,High Profit
2024-02-01,Mumbai,Sanchez and Sons,Inactive,South,13996,5199740.37,835201.01,4407286.99,1896148.79,2459664.04,1096020.34,11896.36,INR 20 to 30 lacs,0% to 10%,EBITDA -ve,More than 20%,55.80902822032926,24.868367830069538,0.6273959123218384,INR 35 to 45 lacs,Var <2%,High Profit
2024-03-01,Mumbai,Sanchez and Sons,Inactive,South,12122,3849005.78,773442.37,3176452.56,979587.91,2133558.31,826156.24,25194.08,INR 30 to 40 lacs,More than 30%,EBITDA -ve,10% to 20%,67.16795764140107,26.008769984589346,2.571905976258935,INR 25 to 35 lacs,Var 2-3%,High Profit
2023-10-01,Pune,Mullins-Forbes,Inactive,North,8828,4136738.54,674985.81,3589367.21,1346341.51,2120713.3,840094.04,18816.16,INR 20 to 30 lacs,More than 30%,EBITDA -ve,More than 20%,59.08320815133317,23.405073675925177,1.3975770530910838,INR 35 to 45 lacs,Var <2%,High Profit
2023-11-01,Pune,Mullins-Forbes,Inactive,North,8446,4086911.6,841095.03,3288082.54,1321657.23,1844001.33,516351.45,14358.12,INR 30 to 40 lacs,10% to 20%,EBITDA +ve,More than 20%,56.081357677839804,15.703725308550192,1.0863724477185361,INR 25 to 35 lacs,Var <2%,Moderate Profit
2023-12-01,Pune,Mullins-Forbes,Inactive,North,12040,4726242.71,1222256.54,3603232.25,1310683.65,2157201.64,724586.0,25602.45,INR 20 to 30 lacs,10% to 20%,EBITDA -ve,0% to 10%,59.868514997888354,20.1093337794143,1.9533660925731395,INR 35 to 45 lacs,Var <2%,High Profit
2024-01-01,Pune,Mullins-Forbes,Inactive,North,12560,5454253.01,1585257.32,3920589.53,1339492.09,2442075.52,1060235.64,19626.43,INR 20 to 30 lacs,More than 30%,EBITDA -ve,More than 20%,62.28847731478792,27.042760581978087,1.4652143261256585,INR 35 to 45 lacs,Var <2%,High Profit
2024-02-01,Pune,Mullins-Forbes,Inactive,North,10445,4145008.52,1168577.5,3007071.34,1282912.7,1642068.27,289601.81,11929.74,INR 20 to 30 lacs,More than 30%,EBITDA -ve,More than 20%,54.60689436120927,9.630693031712378,0.9298949180252094,INR 25 to 35 lacs,Var <2%,Low Profit
2024-03-01,Pune,Mullins-Forbes,Inactive,North,12444,5939486.28,1013634.15,5014048.39,1833431.5,3107390.13,1650666.63,24516.71,More than 40 lacs,0% to 10%,EBITDA +ve,10% to 20%,61.97367652449003,32.92083565232604,1.337203489740413,Above INR 45 lacs,Var <2%,High Profit
2023-10-01,Bangalore,Jackson-Kelly,Inactive,North,10827,5293211.1,1261881.53,4167098.95,1855948.32,2165244.7,880991.24,10942.63,INR 30 to 40 lacs,10% to 20%,EBITDA +ve,10% to 20%,51.96048200391306,21.14159636166067,0.5895977750070109,INR 35 to 45 lacs,Var <2%,High Profit
2023-11-01,Bangalore,Jackson-Kelly,Inactive,North,13759,6670490.59,1616853.14,5111186.75,2442215.39,2566968.45,1124729.18,21220.22,INR 30 to 40 lacs,More than 30%,EBITDA +ve,More than 20%,50.222552521681976,22.005245259332384,0.8688922396807925,Above INR 45 lacs,Var <2%,High Profit
2023-12-01,Bangalore,Jackson-Kelly,Inactive,North,11514,4751350.81,1150882.85,3676786.9,1676189.26,1934535.62,659871.99,27742.94,More than 40 lacs,0% to 10%,EBITDA -ve,More than 20%,52.6148420513574,17.946974027784968,1.6551197804477045,INR 35 to 45 lacs,Var <2%,Moderate Profit
2024-01-01,Bangalore,Jackson-Kelly,Inactive,North,12848,4551236.46,1137343.4,3494865.1,1292049.94,2087486.77,633561.98,14737.21,INR 30 to 40 lacs,0% to 10%,EBITDA +ve,0% to 10%,59.730110040584975,18.128367243702765,1.1406068406303242,INR 25 to 35 lacs,Var <2%,Moderate Profit
2024-02-01,Bangalore,Jackson-Kelly,Inactive,North,10150,4273223.32,922770.79,3421210.67,1407701.79,1882479.96,415421.72,24485.43,More than 40 lacs,More than 30%,EBITDA +ve,10% to 20%,55.023795421519594,12.142535496067536,1.7393904144996506,INR 25 to 35 lacs,Var <2%,Moderate Profit
2024-03-01,Bangalore,Jackson-Kelly,Inactive,North,11853,4862503.89,1391536.77,3525211.89,1596957.28,1833760.46,459967.14,13390.68,INR 30 to 40 lacs,10% to 20%,EBITDA -ve,0% to 10%,52.01844647131267,13.047928872156392,0.838512098457637,INR 35 to 45 lacs,Var <2%,Moderate Profit
2023-10-01,Pune,Reyes PLC,Active,North,9444,3217180.88,614711.14,2691901.19,1039034.98,1515050.74,220719.42,27744.22,INR 30 to 40 lacs,0% to 10%,EBITDA -ve,10% to 20%,56.28181099767633,8.19938788317858,2.6701911421692466,INR 25 to 35 lacs,Var 2-3%,Low Profit
2023-11-01,Pune,Reyes PLC,Active,North,7566,2524629.7,639761.47,1956309.45,737914.13,1094407.28,-349717.14,13533.46,More than 40 lacs,More than 30%,EBITDA +ve,More than 20%,55.94244203032399,-17.876371245868082,1.8340155649275884,INR 15 to 25 lacs,Var <2%,Loss Making
2023-12-01,Pune,Reyes PLC,Active,North,13377,4352149.17,1052256.97,3380782.64,1639905.55,1644464.06,175475.47,11370.89,More than 40 lacs,0% to 10%,EBITDA +ve,0% to 10%,48.64151988191704,5.190380118610642,0.6933868843848964,INR 25 to 35 lacs,Var <2%,Low Profit
2024-01-01,Pune,Reyes PLC,Active,North,9158,4412488.25,861724.16,3664611.06,1195352.58,2346133.7,914544.65,15048.43,More than 40 lacs,10% to 20%,EBITDA -ve,0% to 10%,64.02135619816637,24.956117716896266,1.2589114083812827,INR 35 to 45 lacs,Var <2%,High Profit
2024-02-01,Pune,Reyes PLC,Active,North,8896,3384089.72,860933.86,2578506.74,1232358.49,1198671.0,-327614.31,18373.81,More than 40 lacs,More than 30%,EBITDA -ve,More than 20%,46.48702217470255,-12.705582844433442,1.4909468429109456,INR 25 to 35 lacs,Var <2%,Loss Making
2024-03-01,Pune,Reyes PLC,Active,North,7496,3591583.67,613535.9,3108103.85,1068461.2,1920811.64,498039.21,12136.71,More than 40 lacs,More than 30%,EBITDA +ve,10% to 20%,61.80011134441341,16.023892187514907,1.1359055434114034,INR 25 to 35 lacs,Var <2%,Moderate Profit
2023-10-01,Hyderabad,Mendez Ltd,Active,North,14941,5991182.6,980933.32,5064254.49,1978421.65,2982897.12,1699267.85,21916.23,INR 20 to 30 lacs,10% to 20%,EBITDA +ve,0% to 10%,58.901011509001,33.554155964227625,1.1077633526705493,Above INR 45 lacs,Var <2%,High Profit
2023-11-01,Hyderabad,Mendez Ltd,Active,North,8750,2750208.18,723253.57,2120578.55,766543.61,1249913.56,-141556.46,18473.13,INR 20 to 30 lacs,0% to 10%,EBITDA +ve,10% to 20%,58.942101437364826,-6.675369794719464,2.4099255096523473,INR 15 to 25 lacs,Var 2-3%,Loss Making
2023-12-01,Hyderabad,Mendez Ltd,Active,North,7508,2727649.86,620630.45,2188980.35,633052.61,1501644.28,255069.52,27133.44,INR 30 to 40 lacs,10% to 20%,EBITDA -ve,10% to 20%,68.60017176490415,11.652435345068309,4.286127183015642,INR 15 to 25 lacs,Var 3-5%,Moderate Profit
2024-01-01,Hyderabad,Mendez Ltd,Active,North,14190,6962609.35,1146406.59,5877070.69,2274970.28,3511926.62,2046115.69,18416.73,More than 40 lacs,0% to 10%,EBITDA +ve,0% to 10%,59.75641276487692,34.81523020442008,0.8095371689866648,Above INR 45 lacs,Var <2%,High Profit
2024-02-01,Hyderabad,Mendez Ltd,Active,North,14646,6348482.74,1353140.85,5075878.51,1860138.47,3149537.42,1682658.14,15785.6,INR 20 to 30 lacs,0% to 10%,EBITDA -ve,0% to 10%,62.04910960329506,33.15008695903559,0.8486249951058752,Above INR 45 lacs,Var <2%,High Profit
2024-03-01,Hyderabad,Mendez Ltd,Active,North,12712,4057593.16,717100.63,3501835.29,1008048.33,2442751.22,1030185.74,22836.7,INR 30 to 40 lacs,10% to 20%,EBITDA -ve,More than 20%,69.75631398128951,29.41845217397418,2.2654370153065977,INR 35 to 45 lacs,Var 2-3%,High Profit
2023-10-01,Ahmedabad,"Green, Wright and Riley",Active,North,9413,3103267.97,571001.32,2598508.42,1044334.11,1494259.29,176962.71,10383.46,INR 20 to 30 lacs,More than 30%,EBITDA -ve,10% to 20%,57.504500601156415,6.810164963791035,0.9942660974656854,INR 25 to 35 lacs,Var <2%,Low Profit
2023-11-01,Ahmedabad,"Green, Wright and Riley",Active,North,7231,2908380.69,600597.41,2370244.06,773721.11,1457172.41,82893.88,25143.86,INR 30 to 40 lacs,10% to 20%,EBITDA +ve,More than 20%,61.4777370225748,3.4972719222846615,3.2497316765727127,INR 15 to 25 lacs,Var 3-5%,Low Profit
2023-12-01,Ahmedabad,"Green, Wright and Riley",Active,North,14946,7246621.49,1182777.99,6167425.46,2309665.94,3765524.17,2522414.83,17733.76,More than 40 lacs,0% to 10%,EBITDA +ve,More than 20%,61.05504143377194,40.89899174881961,0.7678062741835298,Above INR 45 lacs,Var <2%,High Profit
2024-01-01,Ahmedabad,"Green, Wright and Riley",Active,North,7545,3381975.09,549781.82,2890089.49,1275117.31,1486706.36,313977.28,24306.27,INR 30 to 40 lacs,More than 30%,EBITDA +ve,0% to 10%,51.44153373603666,10.863929338049667,1.9061987324130985,INR 25 to 35 lacs,Var <2%,Moderate Profit
2024-02-01,Ahmedabad,"Green, Wright and Riley",Active,North,14299,4809150.9,937262.52,3941036.56,1496417.9,2335049.74,956076.63,24955.67,INR 20 to 30 lacs,0% to 10%,EBITDA +ve,More than 20%,59.24963406074062,24.25952196698221,1.6676938975402524,INR 35 to 45 lacs,Var <2%,High Profit
2024-03-01,Ahmedabad,"Green, Wright and Riley",Active,North,13022,4395195.92,793747.91,3652195.52,1542292.39,2043319.78,684779.22,22934.72,INR 30 to 40 lacs,0% to 10%,EBITDA +ve,0% to 10%,55.94771059792549,18.74979628691949,1.4870539560919447,INR 35 to 45 lacs,Var <2%,Moderate Profit
2023-10-01,Hyderabad,Long-Stokes,Inactive,East,10418,4155017.66,1110569.35,3148658.41,1297143.18,1703099.95,381284.42,15444.59,INR 20 to 30 lacs,0% to 10%,EBITDA +ve,10% to 20%,54.08970196929047,12.109424724798902,1.1906619283154232,INR 25 to 35 lacs,Var <2%,Moderate Profit
2023-11-01,Hyderabad,Long-Stokes,Inactive,East,7237,3554187.06,641149.03,2972930.69,1109413.12,1727732.93,525912.63,12138.4,INR 20 to 30 lacs,0% to 10%,EBITDA -ve,More than 20%,58.11547964476763,17.690040059427016,1.0941280377142104,INR 25 to 35 lacs,Var <2%,Moderate Profit
2023-12-01,Hyderabad,Long-Stokes,Inactive,East,12543,4360932.92,790323.28,3652205.73,1768284.12,1771906.2,517580.22,19400.75,More than 40 lacs,More than 30%,EBITDA +ve,10% to 20%,48.51605662422527,14.171715896190765,1.097151175004614,INR 35 to 45 lacs,Var <2%,Moderate Profit
2024-01-01,Hyderabad,Long-Stokes,Inactive,East,11281,4669121.08,958715.05,3792222.64,1252388.33,2393304.04,1024525.36,16828.12,More than 40 lacs,More than 30%,EBITDA -ve,0% to 10%,63.11085258433033,27.016487618459024,1.3436822746503871,INR 35 to 45 lacs,Var <2%,High Profit
2024-02-01,Hyderabad,Long-Stokes,Inactive,East,14286,6925878.29,1861479.56,5196266.93,2285310.81,2796272.76,1382520.67,19962.34,INR 20 to 30 lacs,10% to 20%,EBITDA -ve,10% to 20%,53.81310848093786,26.606036383893006,0.8735065669251353,Above INR 45 lacs,Var <2%,High Profit
2024-03-01,Hyderabad,Long-Stokes,Inactive,East,14753,6853071.17,1319147.33,5640678.95,1659737.03,3904570.28,2591394.39,21631.42,INR 30 to 40 lacs,0% to 10%,EBITDA -ve,More than 20%,69.22163651948317,45.94117858808468,1.303304054136817,Above INR 45 lacs,Var <2%,High Profit
2023-10-01,Ahmedabad,"Jacobs, Schneider and Sanchez",Inactive,East,11959,3856365.54,1108572.9,2850101.6,1024223.99,1699977.29,276933.15,11401.06,INR 20 to 30 lacs,0% to 10%,EBITDA -ve,10% to 20%,59.64619963021669,9.716606243089721,1.1131412768412112,INR 25 to 35 lacs,Var <2%,Low Profit
2023-11-01,Ahmedabad,"Jacobs, Schneider and Sanchez",Inactive,East,14855,4723432.55,727171.47,4132311.11,1500167.4,2514193.87,1245642.23,25962.52,More than 40 lacs,10% to 20%,EBITDA +ve,More than 20%,60.842318089646454,30.14396053060003,1.7306415270722457,INR 35 to 45 lacs,Var <2%,High Profit
2023-12-01,Ahmedabad,"Jacobs, Schneider and Sanchez",Inactive,East,7143,2611013.5,586003.07,2137926.27,841071.78,1231174.97,-181161.17,26009.28,INR 20 to 30 lacs,More than 30%,EBITDA +ve,0% to 10%,57.58734467489377,-8.47368651305267,3.0923971792276754,INR 15 to 25 lacs,Var 3-5%,Loss Making
2024-01-01,Ahmedabad,"Jacobs, Schneider and Sanchez",Inactive,East,7509,2867254.66,819096.15,2114746.13,647793.08,1397867.24,85239.36,27566.68,More than 40 lacs,More than 30%,EBITDA +ve,10% to 20%,66.10094801308372,4.0307136062710285,4.255476146796752,INR 15 to 25 lacs,Var 3-5%,Low Profit
2024-02-01,Ahmedabad,"Jacobs, Schneider and Sanchez",Inactive,East,14321,4627891.4,840838.08,3895011.13,1638722.36,2178808.18,902588.85,25483.44,More than 40 lacs,More than 30%,EBITDA -ve,10% to 20%,55.93843270994711,23.172946620052407,1.5550797756857357,INR 35 to 45 lacs,Var <2%,High Profit
2024-03-01,Ahmedabad,"Jacobs, Schneider and Sanchez",Inactive,East,7749,3195391.06,787634.63,2479756.08,779048.38,1648658.22,305733.11,22598.04,More than 40 lacs,10% to 20%,EBITDA -ve,More than 20%,66.48469312352688,12.329160616474825,2.900723572520618,INR 15 to 25 lacs,Var 2-3%,Moderate Profit
2023-10-01,Hyderabad,Chen-Williams,Active,East,8484,3558253.06,874352.93,2787009.84,910801.13,1808134.17,303863.04,26863.12,More than 40 lacs,More than 30%,EBITDA -ve,More than 20%,64.877207968523,10.902833410878808,2.949394671919215,INR 25 to 35 lacs,Var 2-3%,Moderate Profit
2023-11-01,Hyderabad,Chen-Williams,Active,East,10705,4518754.77,1354938.18,3261573.83,1434360.11,1704709.31,236277.19,29518.71,More than 40 lacs,More than 30%,EBITDA -ve,10% to 20%,52.26646394817315,7.244269248996274,2.057970644484808,INR 25 to 35 lacs,Var 2-3%,Low Profit
2023-12-01,Hyderabad,Chen-Williams,Active,East,12019,5061357.4,1082709.77,4087740.15,1557639.7,2401507.04,1123906.71,17540.36,INR 20 to 30 lacs,More than 30%,EBITDA +ve,More than 20%,58.74901417106956,27.494573254613552,1.1260858335852637,INR 35 to 45 lacs,Var <2%,High Profit
2024-01-01,Hyderabad,Chen-Williams,Active,East,10952,4368337.07,1214424.32,3235800.32,1443591.94,1680517.06,360091.82,28810.23,INR 30 to 40 lacs,0% to 10%,EBITDA +ve,0% to 10%,51.9351286793865,11.128369626961407,1.9957322565821476,INR 25 to 35 lacs,Var <2%,Moderate Profit
2024-02-01,Hyderabad,Chen-Williams,Active,East,10632,4038268.78,775937.19,3396006.24,1610839.94,1714143.45,313106.3,10814.88,INR 20 to 30 lacs,10% to 20%,EBITDA +ve,More than 20%,50.4752738616876,9.219838771556557,0.6713814160828419,INR 25 to 35 lacs,Var <2%,Low Profit
2024-03-01,Hyderabad,Chen-Williams,Active,East,8702,2687992.99,470042.98,2316397.34,1008591.82,1159826.33,-199492.84,11211.72,INR 20 to 30 lacs,More than 30%,EBITDA -ve,10% to 20%,50.070266873989766,-8.612202947875947,1.1116211511610317,INR 15 to 25 lacs,Var <2%,Loss Making
2023-10-01,Ahmedabad,"Davis, Cortez and Mcdonald",Inactive,East,7226,2421610.02,673698.05,1871615.66,819786.17,912053.47,-360706.5,27883.2,More than 40 lacs,More than 30%,EBITDA +ve,0% to 10%,48.73080993562535,-19.27246644217542,3.4012771891479945,INR 15 to 25 lacs,Var 3-5%,Loss Making
2023-11-01,Ahmedabad,"Davis, Cortez and Mcdonald",Inactive,East,14606,6472621.9,1051380.47,5499662.93,2384163.72,2976012.16,1429712.81,17601.89,More than 40 lacs,0% to 10%,EBITDA -ve,10% to 20%,54.11262831702306,25.996371563084143,0.7382836108251827,Above INR 45 lacs,Var <2%,High Profit
2023-12-01,Ahmedabad,"Davis, Cortez and Mcdonald",Inactive,East,12689,4720534.21,968634.12,3830770.75,1451460.44,2289889.33,912769.45,29370.55,INR 20 to 30 lacs,10% to 20%,EBITDA -ve,More than 20%,59.776203783533646,23.827305510255346,2.023517086004769,INR 35 to 45 lacs,Var 2-3%,High Profit
2024-01-01,Ahmedabad,"Davis, Cortez and Mcdonald",Inactive,East,10623,5294166.52,1009462.84,4366637.05,1563084.61,2662704.95,1360693.04,18215.1,More than 40 lacs,10% to 20%,EBITDA +ve,0% to 10%,60.97838953663438,31.161120661493953,1.1653303911680122,INR 35 to 45 lacs,Var <2%,High Profit
2024-02-01,Ahmedabad,"Davis, Cortez and Mcdonald",Inactive,East,13074,5543616.67,896908.04,4749537.58,2073251.39,2614472.89,1265461.33,11101.8,More than 40 lacs,10% to 20%,EBITDA -ve,10% to 20%,55.046893428307186,26.643884982167044,0.5354777550637503,Above INR 45 lacs,Var <2%,High Profit
2024-03-01,Ahmedabad,"Davis, Cortez and Mcdonald",Inactive,East,11068,5482974.18,1178497.44,4372670.3,1520501.91,2764627.89,1564072.25,17367.91,More than 40 lacs,More than 30%,EBITDA +ve,0% to 10%,63.225162208090566,35.76927009566672,1.1422484829367956,INR 35 to 45 lacs,Var <2%,High Profit
2023-10-01,Pune,Barnes Inc,Inactive,East,10462,4414669.1,1098393.54,3398260.48,1002299.18,2313742.87,894640.01,29867.06,More than 40 lacs,10% to 20%,EBITDA -ve,0% to 10%,68.08609533074993,26.326410681737972,2.9798547774926845,INR 25 to 35 lacs,Var 2-3%,High Profit
2023-11-01,Pune,Barnes Inc,Inactive,East,8793,3295430.98,812920.72,2584220.54,988287.96,1490061.84,26566.48,19295.41,More than 40 lacs,0% to 10%,EBITDA -ve,0% to 10%,57.66001070481393,1.0280268107458042,1.9524076768070715,INR 25 to 35 lacs,Var <2%,Low Profit
2023-12-01,Pune,Barnes Inc,Inactive,East,9001,3164170.33,714664.6,2522923.26,804026.62,1589199.8,258766.61,21621.44,More than 40 lacs,10% to 20%,EBITDA -ve,10% to 20%,62.99041374726555,10.256618348351983,2.6891447947332887,INR 25 to 35 lacs,Var 2-3%,Moderate Profit
2024-01-01,Pune,Barnes Inc,Inactive,East,11155,4824042.89,1182457.93,3694333.62,1177777.33,2425634.61,937945.7,28970.51,INR 30 to 40 lacs,More than 30%,EBITDA +ve,More than 20%,65.65824474726243,25.388765511654032,2.4597612181922366,INR 35 to 45 lacs,Var 2-3%,High Profit
2024-02-01,Pune,Barnes Inc,Inactive,East,12693,4269515.34,1107855.45,3224852.73,1497442.77,1579818.94,186195.6,28642.75,INR 30 to 40 lacs,More than 30%,EBITDA -ve,More than 20%,48.98887088093477,5.773770636651678,1.9127776081886587,INR 25 to 35 lacs,Var <2%,Low Profit
2024-03-01,Pune,Barnes Inc,Inactive,East,13819,5468340.62,1115546.03,4403885.4,1496789.22,2857043.77,1441918.51,15711.47,More than 40 lacs,0% to 10%,EBITDA +ve,More than 20%,64.8755249171561,32.74196258603823,1.0496781904936487,INR 35 to 45 lacs,Var <2%,High Profit
2023-10-01,Mumbai,Harrison-Giles,Active,East,13619,5770543.59,1563704.55,4324228.19,1578098.86,2672348.76,1439148.36,28759.44,INR 20 to 30 lacs,10% to 20%,EBITDA +ve,10% to 20%,61.799438942189575,33.28104569800698,1.8224105427716992,INR 35 to 45 lacs,Var <2%,High Profit
2023-11-01,Mumbai,Harrison-Giles,Active,East,8881,4278746.01,826458.83,3570013.85,1242748.51,2258180.09,888051.44,20236.37,INR 30 to 40 lacs,More than 30%,EBITDA +ve,More than 20%,63.25409886014868,24.875293971198456,1.6283560058341973,INR 35 to 45 lacs,Var <2%,High Profit
2023-12-01,Mumbai,Harrison-Giles,Active,East,13258,4132276.61,693903.74,3517492.25,1632607.81,1772965.85,375042.87,26580.12,More than 40 lacs,10% to 20%,EBITDA +ve,More than 20%,50.40425746495959,10.662223065310236,1.6280774744058095,INR 35 to 45 lacs,Var <2%,Moderate Profit
2024-01-01,Mumbai,Harrison-Giles,Active,East,12674,4739422.88,932532.54,3922199.61,1657936.26,2213577.83,776827.84,15199.44,INR 20 to 30 lacs,10% to 20%,EBITDA -ve,More than 20%,56.437153895897715,19.805923136074146,0.9167686579217467,INR 35 to 45 lacs,Var <2%,Moderate Profit
2024-02-01,Mumbai,Harrison-Giles,Active,East,13764,4976159.06,752844.46,4280895.3,1393942.56,2800821.7,1524208.56,10711.46,INR 20 to 30 lacs,10% to 20%,EBITDA -ve,0% to 10%,65.42607337301615,35.60490161952805,0.7684290807506443,INR 35 to 45 lacs,Var <2%,High Profit
2024-03-01,Mumbai,Harrison-Giles,Active,East,13521,6217368.05,1587583.09,4756441.43,2144987.67,2464407.05,1136305.55,13219.15,INR 30 to 40 lacs,0% to 10%,EBITDA -ve,10% to 20%,51.81199193280091,23.889825339445,0.616280931815333,Above INR 45 lacs,Var <2%,High Profit
2023-10-01,Mumbai,Brown-Reed,Inactive,South,10923,3543650.13,921354.94,2669714.35,886531.02,1646308.35,274145.66,21146.33,INR 20 to 30 lacs,0% to 10%,EBITDA -ve,0% to 10%,61.666086111422366,10.268726315232938,2.385289349491685,INR 25 to 35 lacs,Var 2-3%,Moderate Profit
2023-11-01,Mumbai,Brown-Reed,Inactive,South,10351,3161276.38,567371.44,2682661.44,1060016.78,1516416.53,48986.08,17676.23,INR 20 to 30 lacs,0% to 10%,EBITDA -ve,More than 20%,56.526571239641775,1.826025426451129,1.6675424704125907,INR 25 to 35 lacs,Var <2%,Low Profit
2023-12-01,Mumbai,Brown-Reed,Inactive,South,12249,4460062.46,787421.48,3745444.42,1815774.26,1838456.52,504745.2,25396.11,INR 20 to 30 lacs,10% to 20%,EBITDA +ve,0% to 10%,49.08513687142099,13.476243227766279,1.3986380663860716,INR 35 to 45 lacs,Var <2%,Moderate Profit
2024-01-01,Mumbai,Brown-Reed,Inactive,South,7502,3726393.66,854167.19,2962550.47,1404467.81,1502315.94,150537.31,12814.45,INR 30 to 40 lacs,10% to 20%,EBITDA -ve,10% to 20%,50.71022266837532,5.081341618460258,0.9124061020665187,INR 25 to 35 lacs,Var <2%,Low Profit
2024-02-01,Mumbai,Brown-Reed,Inactive,South,10810,4063824.95,688671.19,3449996.95,1484227.93,1896678.89,650751.99,19424.56,INR 20 to 30 lacs,0% to 10%,EBITDA +ve,0% to 10%,54.976248312335464,18.862393197188187,1.3087316043163264,INR 25 to 35 lacs,Var <2%,Moderate Profit
2024-03-01,Mumbai,Brown-Reed,Inactive,South,7062,3021848.51,676200.26,2404437.15,964903.79,1386539.94,61741.07,10785.91,More than 40 lacs,0% to 10%,EBITDA -ve,10% to 20%,57.665884092665934,2.567797207758165,1.1178223271358483,INR 15 to 25 lacs,Var <2%,Low Profit
2023-10-01,Hyderabad,"Rhodes, Garrett and Chung",Active,West,7761,3564346.28,1007361.83,2665588.51,1255988.35,1281979.8,-226483.05,16881.64,INR 30 to 40 lacs,0% to 10%,EBITDA +ve,10% to 20%,48.09368719855415,-8.496549604349848,1.3440920849305646,INR 25 to 35 lacs,Var <2%,Loss Making
2023-11-01,Hyderabad,"Rhodes, Garrett and Chung",Active,West,12239,3860303.02,656259.43,3325925.15,1012762.28,2171525.45,725304.72,21258.28,INR 30 to 40 lacs,0% to 10%,EBITDA +ve,More than 20%,65.29086951941778,21.807608027498755,2.099039470545842,INR 25 to 35 lacs,Var 2-3%,High Profit
2023-12-01,Hyderabad,"Rhodes, Garrett and Chung",Active,West,9700,4848273.36,1007719.59,3914534.81,1210480.48,2600192.79,1238004.84,16526.68,More than 40 lacs,More than 30%,EBITDA -ve,0% to 10%,66.42405588928713,31.625848283106723,1.3652991744236966,INR 35 to 45 lacs,Var <2%,High Profit
2024-01-01,Hyderabad,"Rhodes, Garrett and Chung",Active,West,12612,6260376.23,1330171.38,5026773.25,2390866.14,2580886.5,1227736.11,15820.01,More than 40 lacs,10% to 20%,EBITDA +ve,10% to 20%,51.342807237227184,24.42394054675134,0.6616853087392003,Above INR 45 lacs,Var <2%,High Profit
2024-02-01,Hyderabad,"Rhodes, Garrett and Chung",Active,West,10773,3293617.76,962769.43,2380211.49,757835.06,1517312.83,147241.95,20475.86,INR 20 to 30 lacs,0% to 10%,EBITDA -ve,10% to 20%,63.74697527403331,6.186086850626874,2.701888719690535,INR 15 to 25 lacs,Var 2-3%,Low Profit
2024-03-01,Hyderabad,"Rhodes, Garrett and Chung",Active,West,8719,3888241.98,1139584.4,2846917.06,935877.65,1783924.14,371161.49,12815.25,More than 40 lacs,10% to 20%,EBITDA -ve,More than 20%,62.66161262878518,13.03731307156521,1.369329634060606,INR 25 to 35 lacs,Var <2%,Moderate Profit
2023-10-01,Ahmedabad,Mcmillan Ltd,Active,East,10995,3900549.39,1028929.35,2964073.0,1063928.95,1809956.97,342551.52,25996.26,INR 20 to 30 lacs,10% to 20%,EBITDA +ve,0% to 10%,61.06317118370567,11.556784195261049,2.443420681428022,INR 25 to 35 lacs,Var 2-3%,Moderate Profit
2023-11-01,Ahmedabad,Mcmillan Ltd,Active,East,13602,6595895.21,1618337.9,5076559.6,1547386.17,3476920.1,2136585.67,21605.78,More than 40 lacs,More than 30%,EBITDA +ve,0% to 10%,68.48969329543576,42.08727639088488,1.3962758889075504,Above INR 45 lacs,Var <2%,High Profit
2023-12-01,Ahmedabad,Mcmillan Ltd,Active,East,9324,3000925.83,751855.69,2292629.7,841421.56,1356954.2,24632.51,20054.16,More than 40 lacs,10% to 20%,EBITDA -ve,10% to 20%,59.18767431129414,1.0744216564934144,2.383366549342995,INR 15 to 25 lacs,Var 2-3%,Low Profit
2024-01-01,Ahmedabad,Mcmillan Ltd,Active,East,12636,5906084.57,1694810.77,4271430.16,1638051.35,2563314.7,1235425.45,14721.33,INR 20 to 30 lacs,More than 30%,EBITDA -ve,More than 20%,60.010689721776934,28.922993089508925,0.8987099213953212,INR 35 to 45 lacs,Var <2%,High Profit
2024-02-01,Ahmedabad,Mcmillan Ltd,Active,East,9418,4082539.25,837915.41,3353356.51,1075005.73,2224358.31,935074.08,15558.79,INR 20 to 30 lacs,0% to 10%,EBITDA +ve,10% to 20%,66.33229432560394,27.884720196362302,1.4473215877649321,INR 25 to 35 lacs,Var <2%,High Profit
2024-03-01,Ahmedabad,Mcmillan Ltd,Active,East,12570,4977644.96,995670.79,4114462.31,1769305.93,2205040.58,728858.4,16311.98,More than 40 lacs,10% to 20%,EBITDA -ve,0% to 10%,53.59243599438878,17.71454797941751,0.9219423121472271,INR 35 to 45 lacs,Var <2%,Moderate Profit
2023-10-01,Pune,Brooks Ltd,Inactive,West,8759,3784482.42,999921.61,2817883.75,930879.52,1794522.17,629238.25,14822.27,More than 40 lacs,0% to 10%,EBITDA +ve,10% to 20%,63.683328668189375,22.330170646677672,1.592286615135759,INR 25 to 35 lacs,Var <2%,High Profit
2023-11-01,Pune,Brooks Ltd,Inactive,West,10965,3958512.98,1051815.99,3016262.29,1280400.31,1597737.94,137780.37,12525.93,INR 20 to 30 lacs,0% to 10%,EBITDA -ve,10% to 20%,52.970789221384315,4.56791740084381,0.9782823310937812,INR 25 to 35 lacs,Var <2%,Low Profit
2023-12-01,Pune,Brooks Ltd,Inactive,West,10539,4116904.23,1118544.77,3087167.56,1094690.83,1882684.28,640912.32,16308.41,INR 20 to 30 lacs,More than 30%,EBITDA -ve,More than 20%,60.98419484558202,20.760529111027584,1.4897731444411568,INR 25 to 35 lacs,Var <2%,High Profit
2024-01-01,Pune,Brooks Ltd,Inactive,West,14658,5385504.0,1140454.64,4336681.24,1402558.7,2853215.71,1409416.03,15525.4,INR 30 to 40 lacs,10% to 20%,EBITDA -ve,0% to 10%,65.7926084970912,32.499876103414046,1.106934062724077,INR 35 to 45 lacs,Var <2%,High Profit
2024-02-01,Pune,Brooks Ltd,Inactive,West,9097,3451552.1,829224.98,2739595.5,914697.64,1745602.57,329445.49,29427.89,More than 40 lacs,More than 30%,EBITDA +ve,10% to 20%,63.71752946739765,12.025333301941837,3.217225967697916,INR 25 to 35 lacs,Var 3-5%,Moderate Profit
2024-03-01,Pune,Brooks Ltd,Inactive,West,8522,3209254.0,732623.03,2541024.97,1154552.89,1318821.88,-7917.53,13736.11,More than 40 lacs,0% to 10%,EBITDA +ve,More than 20%,51.901177500038486,-0.31158804393803335,1.1897341489483433,INR 25 to 35 lacs,Var <2%,Loss Making
2023-10-01,Bangalore,Jones-Perez,Inactive,West,10742,4076664.49,948497.51,3227410.47,1049685.02,2062749.86,603719.11,23182.97,INR 30 to 40 lacs,More than 30%,EBITDA -ve,10% to 20%,63.91346496437437,18.705990936442614,2.2085644320236177,INR 25 to 35 lacs,Var 2-3%,Moderate Profit
2023-11-01,Bangalore,Jones-Perez,Inactive,West,10695,3972748.22,771429.22,3317722.77,1508725.0,1757134.92,388755.07,12377.47,INR 20 to 30 lacs,0% to 10%,EBITDA +ve,More than 20%,52.96207796168575,11.717527260422667,0.8203927157036571,INR 25 to 35 lacs,Var <2%,Moderate Profit
2023-12-01,Bangalore,Jones-Perez,Inactive,West,13968,4309106.55,1060521.08,3308776.9,1521964.62,1707885.48,303356.79,19231.07,INR 30 to 40 lacs,10% to 20%,EBITDA -ve,0% to 10%,51.61682191386189,9.168245522990686,1.2635687943915541,INR 25 to 35 lacs,Var <2%,Low Profit
2024-01-01,Bangalore,Jones-Perez,Inactive,West,10673,5262803.19,1420026.24,3947423.22,1748343.16,2100807.38,692336.02,19690.1,More than 40 lacs,More than 30%,EBITDA -ve,10% to 20%,53.21971480929779,17.538935690812497,1.1262148330193942,INR 35 to 45 lacs,Var <2%,Moderate Profit
2024-02-01,Bangalore,Jones-Perez,Inactive,West,7555,3705643.87,1003127.87,2802359.47,864007.38,1802038.65,467657.57,23365.35,INR 30 to 40 lacs,10% to 20%,EBITDA +ve,0% to 10%,64.30433601724906,16.687993635591653,2.704299817439059,INR 25 to 35 lacs,Var 2-3%,Moderate Profit
2024-03-01,Bangalore,Jones-Perez,Inactive,West,14924,6371624.42,965088.6,5495677.53,2584377.75,2833787.99,1649635.76,19054.57,INR 30 to 40 lacs,0% to 10%,EBITDA -ve,10% to 20%,51.56394228975076,30.016967898769707,0.7372981755472859,Above INR 45 lacs,Var <2%,High Profit
2023-10-01,Bangalore,Lee LLC,Inactive,South,11527,4572474.83,1257039.78,3393182.79,1210345.33,2070755.28,725614.68,29883.76,INR 30 to 40 lacs,More than 30%,EBITDA +ve,More than 20%,61.02692982242787,21.384485449426673,2.4690275790959593,INR 25 to 35 lacs,Var 2-3%,High Profit
2023-11-01,Bangalore,Lee LLC,Inactive,South,12974,4115041.62,758862.21,3442843.38,1074409.71,2219857.64,1025727.6,18202.49,INR 20 to 30 lacs,10% to 20%,EBITDA +ve,10% to 20%,64.47745061234822,29.793036940297878,1.6941851726191122,INR 25 to 35 lacs,Var <2%,High Profit
2023-12-01,Bangalore,Lee LLC,Inactive,South,14206,4581470.94,1133741.36,3546869.88,1129070.47,2298096.9,865848.74,15862.72,More than 40 lacs,More than 30%,EBITDA +ve,10% to 20%,64.79225282434099,24.41162967049696,1.4049362215628578,INR 35 to 45 lacs,Var <2%,High Profit
2024-01-01,Bangalore,Lee LLC,Inactive,South,14963,4908046.67,1308672.14,3678406.1,1603925.66,1949682.2,532424.99,22663.69,More than 40 lacs,10% to 20%,EBITDA -ve,More than 20%,53.003451685228555,14.474339578764834,1.4130137427940395,INR 35 to 45 lacs,Var <2%,Moderate Profit
2024-02-01,Bangalore,Lee LLC,Inactive,South,8871,3678845.89,1082820.47,2655824.45,1058469.97,1493375.8,122320.2,25461.01,INR 30 to 40 lacs,0% to 10%,EBITDA +ve,More than 20%,56.23021506560797,4.605733635745389,2.405454167018078,INR 25 to 35 lacs,Var 2-3%,Low Profit
2024-03-01,Bangalore,Lee LLC,Inactive,South,14359,5310050.3,1458395.1,3936408.68,1155913.11,2696951.04,1470856.75,22143.9,INR 20 to 30 lacs,10% to 20%,EBITDA -ve,0% to 10%,68.51298376874831,37.36544829486556,1.9157062765729858,INR 35 to 45 lacs,Var <2%,High Profit
2023-10-01,Mumbai,Rivers Ltd,Inactive,South,7766,3733142.27,1109275.4,2687481.25,891810.2,1683688.39,317595.75,21348.69,INR 30 to 40 lacs,More than 30%,EBITDA -ve,More than 20%,62.64930741377265,11.817598727432982,2.3938602630918555,INR 25 to 35 lacs,Var 2-3%,Moderate Profit
2023-11-01,Mumbai,Rivers Ltd,Inactive,South,14301,5901683.25,1464531.06,4537577.47,2016889.51,2427969.62,1079687.27,19311.65,More than 40 lacs,0% to 10%,EBITDA +ve,More than 20%,53.50805878362227,23.794354523714613,0.9574966751649178,Above INR 45 lacs,Var <2%,High Profit
2023-12-01,Mumbai,Rivers Ltd,Inactive,South,9201,3606280.14,987676.76,2696822.0,1125623.81,1431419.09,-97262.61,20622.44,More than 40 lacs,0% to 10%,EBITDA -ve,0% to 10%,53.077996619725,-3.606563948232401,1.832089888006189,INR 25 to 35 lacs,Var <2%,Loss Making
2024-01-01,Mumbai,Rivers Ltd,Inactive,South,9758,3298544.02,749082.19,2637803.96,1173115.11,1381730.84,108332.83,21168.21,More than 40 lacs,More than 30%,EBITDA -ve,10% to 20%,52.38186237312345,4.106932571289339,1.8044444078467285,INR 25 to 35 lacs,Var <2%,Low Profit
2024-02-01,Mumbai,Rivers Ltd,Inactive,South,10364,4164554.36,682122.56,3602128.64,1242522.06,2210610.81,811980.65,10205.27,More than 40 lacs,0% to 10%,EBITDA -ve,0% to 10%,61.36956868925147,22.54168940507355,0.8213351157725118,INR 35 to 45 lacs,Var <2%,High Profit
2024-03-01,Mumbai,Rivers Ltd,Inactive,South,11082,3781877.44,689871.51,3184077.65,1306676.2,1784860.25,433448.73,26699.62,INR 30 to 40 lacs,10% to 20%,EBITDA +ve,More than 20%,56.055801591396495,13.613007521974222,2.043323357385709,INR 25 to 35 lacs,Var 2-3%,Moderate Profit
2023-10-01,Ahmedabad,"Mitchell, Archer and Barajas",Inactive,North,9448,4434186.58,1033605.14,3529601.59,1527942.7,1935132.91,591912.68,12179.2,INR 30 to 40 lacs,More than 30%,EBITDA +ve,0% to 10%,54.82581704072725,16.769957314077484,0.7970979540005002,INR 35 to 45 lacs,Var <2%,Moderate Profit
2023-11-01,Ahmedabad,"Mitchell, Archer and Barajas",Inactive,North,10955,4524121.28,1142917.04,3465850.51,1142858.83,2240507.48,728505.3,15565.17,INR 20 to 30 lacs,0% to 10%,EBITDA +ve,0% to 10%,64.6452428786376,21.0195245841691,1.3619503644207744,INR 25 to 35 lacs,Var <2%,High Profit
2023-12-01,Ahmedabad,"Mitchell, Archer and Barajas",Inactive,North,10917,3668195.94,786435.23,3005093.96,1084490.98,1823994.02,397420.03,20670.14,More than 40 lacs,0% to 10%,EBITDA -ve,More than 20%,60.69673841412933,13.224878665690706,1.9059762027711842,INR 25 to 35 lacs,Var <2%,Moderate Profit
2024-01-01,Ahmedabad,"Mitchell, Archer and Barajas",Inactive,North,11079,5178460.21,800366.02,4484824.08,2141311.68,2265624.43,990242.71,23569.67,INR 30 to 40 lacs,10% to 20%,EBITDA -ve,0% to 10%,50.51757637726561,22.07985625157453,1.100711784283547,INR 35 to 45 lacs,Var <2%,High Profit
2024-02-01,Ahmedabad,"Mitchell, Archer and Barajas",Inactive,North,12528,5889769.97,940958.96,5056365.01,2359392.31,2581748.77,1194225.91,16630.27,INR 20 to 30 lacs,More than 30%,EBITDA -ve,10% to 20%,51.05938287473436,23.618269401797004,0.7048539545337418,Above INR 45 lacs,Var <2%,High Profit
2024-03-01,Ahmedabad,"Mitchell, Archer and Barajas",Inactive,North,8361,2797283.42,811615.11,2043842.98,778424.47,1199768.55,-258992.78,17495.04,More than 40 lacs,More than 30%,EBITDA -ve,10% to 20%,58.70160094196669,-12.671853099008615,2.247493581490315,INR 15 to 25 lacs,Var 2-3%,Loss Making
2023-10-01,Mumbai,Hoffman Inc,Active,West,12656,6222888.13,1007677.77,5346846.23,1861234.57,3342825.83,2090568.59,16999.08,More than 40 lacs,More than 30%,EBITDA -ve,0% to 10%,62.519580444339795,39.09909692690003,0.9133228166936531,Above INR 45 lacs,Var <2%,High Profit
2023-11-01,Mumbai,Hoffman Inc,Active,West,10817,3532163.47,584497.85,3060836.03,1211567.78,1789791.91,414477.45,11660.88,INR 30 to 40 lacs,0% to 10%,EBITDA -ve,More than 20%,58.47395588845051,13.54131505045045,0.962462042362995,INR 25 to 35 lacs,Var <2%,Moderate Profit
2023-12-01,Mumbai,Hoffman Inc,Active,West,11186,4683747.86,830905.2,3919046.22,1437449.38,2332067.04,923705.25,25756.02,INR 20 to 30 lacs,0% to 10%,EBITDA -ve,0% to 10%,59.50598459642561,23.569644197766056,1.791786226239146,INR 35 to 45 lacs,Var <2%,High Profit
2024-01-01,Mumbai,Hoffman Inc,Active,West,12008,5622090.99,1286574.89,4415824.46,1937867.94,2408724.74,1152675.22,18100.79,INR 30 to 40 lacs,0% to 10%,EBITDA +ve,10% to 20%,54.54756550716693,26.103284458911663,0.9340569409492372,INR 35 to 45 lacs,Var <2%,High Profit
2024-02-01,Mumbai,Hoffman Inc,Active,West,8952,4066601.83,814222.98,3337737.85,1425400.42,1843007.21,456487.76,25594.52,More than 40 lacs,More than 30%,EBITDA -ve,More than 20%,55.21725470441006,13.67656120746571,1.7956021087744596,INR 25 to 35 lacs,Var <2%,Moderate Profit
2024-03-01,Mumbai,Hoffman Inc,Active,West,11426,5024937.88,1404810.68,3730120.13,1374944.85,2221653.62,803310.24,14312.18,INR 30 to 40 lacs,More than 30%,EBITDA -ve,10% to 20%,59.55984103922144,21.535773969831908,1.0409275688403063,INR 35 to 45 lacs,Var <2%,High Profit
2023-10-01,Bangalore,"Lopez, Harper and Travis",Active,North,9974,4936357.03,831572.06,4221893.02,1698948.1,2410666.91,1067144.26,18938.91,More than 40 lacs,0% to 10%,EBITDA -ve,0% to 10%,57.09919456935933,25.276440093216767,1.1147432932177268,INR 35 to 45 lacs,Var <2%,High Profit
2023-11-01,Bangalore,"Lopez, Harper and Travis",Active,North,9164,4246575.37,965223.24,3358238.21,1220419.09,2000906.18,787602.56,18312.26,INR 20 to 30 lacs,More than 30%,EBITDA -ve,10% to 20%,59.58202053808446,23.45284970121283,1.500489475299833,INR 25 to 35 lacs,Var <2%,High Profit
2023-12-01,Bangalore,"Lopez, Harper and Travis",Active,North,14314,6316722.5,1210708.6,5218115.01,1877370.94,3226087.06,1842657.9,19048.52,INR 30 to 40 lacs,0% to 10%,EBITDA -ve,More than 20%,61.82475958880792,35.312711514957584,1.0146380554926455,Above INR 45 lacs,Var <2%,High Profit
2024-01-01,Bangalore,"Lopez, Harper and Travis",Active,North,10784,5294578.72,1036763.33,4318525.21,1881670.53,2342504.01,1080825.89,23037.6,INR 20 to 30 lacs,0% to 10%,EBITDA +ve,0% to 10%,54.243147743486254,25.027661931838068,1.2243163525550884,INR 35 to 45 lacs,Var <2%,High Profit
2024-02-01,Bangalore,"Lopez, Harper and Travis",Active,North,8296,3618746.81,1034371.61,2651642.54,940102.69,1614047.87,224435.22,27816.21,More than 40 lacs,0% to 10%,EBITDA +ve,More than 20%,60.86973812088563,8.464007369560454,2.958848038186126,INR 25 to 35 lacs,Var 2-3%,Low Profit
2024-03-01,Bangalore,"Lopez, Harper and Travis",Active,North,13674,4724218.59,1342599.81,3424056.65,1083348.17,2250304.88,1088739.57,17420.98,INR 30 to 40 lacs,More than 30%,EBITDA -ve,0% to 10%,65.72043368499759,31.7967744488106,1.6080684384227095,INR 25 to 35 lacs,Var <2%,High Profit
2023-10-01,Ahmedabad,"Wallace, Carr and Smith",Inactive,South,10166,4296414.86,1046490.97,3280718.25,1329729.93,1805692.05,437858.71,12540.71,INR 30 to 40 lacs,More than 30%,EBITDA -ve,More than 20%,55.03953440683301,13.346428331661825,0.9431020327563808,INR 25 to 35 lacs,Var <2%,Moderate Profit
2023-11-01,Ahmedabad,"Wallace, Carr and Smith",Inactive,South,12978,6443047.41,1426563.18,5075395.27,1630141.57,3310826.05,2065182.65,15072.69,INR 20 to 30 lacs,10% to 20%,EBITDA -ve,More than 20%,65.23287101538399,40.690085010856706,0.9246246017761512,Above INR 45 lacs,Var <2%,High Profit
2023-12-01,Ahmedabad,"Wallace, Carr and Smith",Inactive,South,11705,4220960.26,679211.56,3651474.44,1593350.18,1924726.65,486305.6,15927.03,INR 30 to 40 lacs,10% to 20%,EBITDA -ve,0% to 10%,52.71094407551159,13.318061182977909,0.999593824378267,INR 35 to 45 lacs,Var <2%,Moderate Profit
2024-01-01,Ahmedabad,"Wallace, Carr and Smith",Inactive,South,9817,4256172.08,1113967.93,3224946.91,1076239.95,2050901.17,660277.44,10545.35,INR 20 to 30 lacs,10% to 20%,EBITDA +ve,More than 20%,63.5948816286095,20.474056113996614,0.9798326107481887,INR 25 to 35 lacs,Var <2%,High Profit
2024-02-01,Ahmedabad,"Wallace, Carr and Smith",Inactive,South,8498,4218860.8,758605.79,3542190.16,1042457.53,2385254.52,988781.32,20496.04,INR 30 to 40 lacs,More than 30%,EBITDA +ve,More than 20%,67.33840963524104,27.914405363262595,1.9661270996814615,INR 35 to 45 lacs,Var <2%,High Profit
2024-03-01,Ahmedabad,"Wallace, Carr and Smith",Inactive,South,13007,4307781.42,673590.21,3714899.23,1530903.1,2100519.81,618643.42,18387.43,More than 40 lacs,10% to 20%,EBITDA -ve,More than 20%,56.54311678327814,16.65303368134699,1.2010838569730506,INR 35 to 45 lacs,Var <2%,Moderate Profit
2023-10-01,Hyderabad,"Brown, Davidson and Parrish",Active,East,12245,5340191.44,1543640.26,3883900.58,1819274.01,1921571.29,497682.22,25002.36,INR 20 to 30 lacs,More than 30%,EBITDA -ve,More than 20%,49.47529552880574,12.813979393880365,1.3743042478796252,INR 35 to 45 lacs,Var <2%,Moderate Profit
2023-11-01,Hyderabad,"Brown, Davidson and Parrish",Active,East,9489,4334184.43,1290685.42,3100918.77,1188174.53,1807304.84,337839.98,10454.31,INR 30 to 40 lacs,0% to 10%,EBITDA -ve,More than 20%,58.28288239875435,10.894834887919362,0.8798631628637924,INR 25 to 35 lacs,Var <2%,Moderate Profit
2023-12-01,Hyderabad,"Brown, Davidson and Parrish",Active,East,13249,5017531.31,1232791.02,3897777.82,1691514.46,2147029.38,685044.41,24830.19,INR 20 to 30 lacs,0% to 10%,EBITDA -ve,10% to 20%,55.08342135314423,17.575255482366106,1.4679265585468302,INR 35 to 45 lacs,Var <2%,Moderate Profit
2024-01-01,Hyderabad,"Brown, Davidson and Parrish",Active,East,9507,3616718.45,734683.19,3004936.23,1198402.12,1685438.49,244149.14,22005.76,More than 40 lacs,0% to 10%,EBITDA +ve,0% to 10%,56.08899360902577,8.124935816025621,1.8362584338552403,INR 25 to 35 lacs,Var <2%,Low Profit
2024-02-01,Hyderabad,"Brown, Davidson and Parrish",Active,East,12350,4685148.85,724047.01,4087336.99,1311116.09,2632212.8,1245523.39,17799.67,INR 30 to 40 lacs,More than 30%,EBITDA +ve,More than 20%,64.39921167351557,30.47273550106765,1.3575967937362432,INR 35 to 45 lacs,Var <2%,High Profit
2024-03-01,Hyderabad,"Brown, Davidson and Parrish",Active,East,12036,5131327.89,815086.06,4421884.01,1911114.98,2368322.29,871748.35,27005.26,More than 40 lacs,More than 30%,EBITDA -ve,More than 20%,53.55912286808265,19.714410147994816,1.4130630696013904,INR 35 to 45 lacs,Var <2%,Moderate Profit
2023-10-01,Ahmedabad,Marshall LLC,Active,East,12357,5805470.79,1497819.03,4432144.1,1436814.94,2881124.17,1485286.96,27002.22,INR 30 to 40 lacs,10% to 20%,EBITDA -ve,More than 20%,65.00520075599528,33.51170283475215,1.8793109152943526,INR 35 to 45 lacs,Var <2%,High Profit
2023-11-01,Ahmedabad,Marshall LLC,Active,East,7684,3067252.42,655038.61,2535427.4,1136531.46,1317083.3,69199.06,20224.89,More than 40 lacs,10% to 20%,EBITDA -ve,10% to 20%,51.94719044213216,2.7292858000982396,1.7795275108354678,INR 25 to 35 lacs,Var <2%,Low Profit
2023-12-01,Ahmedabad,Marshall LLC,Active,East,8956,2798458.77,486446.36,2430237.12,791139.41,1561614.27,240352.96,25754.15,INR 30 to 40 lacs,10% to 20%,EBITDA +ve,0% to 10%,64.25769144699757,9.890103234041622,3.2553238625794156,INR 15 to 25 lacs,Var 3-5%,Low Profit
2024-01-01,Ahmedabad,Marshall LLC,Active,East,14543,4725776.52,1220043.52,3566543.18,1434521.91,2016572.83,638724.43,10523.36,More than 40 lacs,More than 30%,EBITDA -ve,More than 20%,56.541382740247656,17.908781634321894,0.7335795937756016,INR 35 to 45 lacs,Var <2%,Moderate Profit
2024-02-01,Ahmedabad,Marshall LLC,Active,East,14287,5301164.45,994220.06,4430501.99,1678142.75,2638328.65,1279307.58,28229.96,More than 40 lacs,10% to 20%,EBITDA +ve,More than 20%,59.54920358810176,28.87500294295094,1.682214460003477,INR 35 to 45 lacs,Var <2%,High Profit
2024-03-01,Ahmedabad,Marshall LLC,Active,East,8597,2959046.7,828315.47,2176921.5,835920.83,1255793.66,-277503.56,15861.25,INR 30 to 40 lacs,More than 30%,EBITDA +ve,More than 20%,57.686676345472264,-12.747522590961594,1.897458399260131,INR 15 to 25 lacs,Var <2%,Loss Making
2023-10-01,Ahmedabad,Schaefer-Gutierrez,Active,East,9381,3062829.71,463785.04,2724993.25,917680.36,1756503.85,279258.66,21050.01,INR 30 to 40 lacs,10% to 20%,EBITDA +ve,0% to 10%,64.45901654985752,10.24804960526049,2.293828103720123,INR 25 to 35 lacs,Var 2-3%,Moderate Profit
2023-11-01,Ahmedabad,Schaefer-Gutierrez,Active,East,14645,5302312.55,884602.37,4495750.23,1798939.62,2557503.59,1372773.8,28535.13,More than 40 lacs,0% to 10%,EBITDA -ve,10% to 20%,56.88713694399343,30.534921420667978,1.5862194418732072,INR 35 to 45 lacs,Var <2%,High Profit
2023-12-01,Ahmedabad,Schaefer-Gutierrez,Active,East,9622,3482431.36,561791.27,2986399.44,1222239.67,1707917.48,401107.96,16104.3,INR 20 to 30 lacs,More than 30%,EBITDA -ve,10% to 20%,57.18985401363456,13.431155746533358,1.3176057360337519,INR 25 to 35 lacs,Var <2%,Moderate Profit
2024-01-01,Ahmedabad,Schaefer-Gutierrez,Active,East,14234,4665070.61,910211.52,3865032.58,1187593.58,2546992.12,1155252.06,14889.44,INR 30 to 40 lacs,0% to 10%,EBITDA +ve,More than 20%,65.8983350665572,29.8898401523953,1.2537487782646988,INR 35 to 45 lacs,Var <2%,High Profit
2024-02-01,Ahmedabad,Schaefer-Gutierrez,Active,East,11038,3463766.44,758519.79,2821513.41,1095485.9,1624581.98,439212.07,16786.72,INR 20 to 30 lacs,More than 30%,EBITDA +ve,More than 20%,57.578389464397404,15.56654199988367,1.5323538166944917,INR 25 to 35 lacs,Var <2%,Moderate Profit
2024-03-01,Ahmedabad,Schaefer-Gutierrez,Active,East,8236,3060261.3,716871.02,2459756.0,1100758.25,1282865.2,-132358.14,10800.14,INR 30 to 40 lacs,10% to 20%,EBITDA +ve,10% to 20%,52.154164884647095,-5.380945914960671,0.9811545813987765,INR 15 to 25 lacs,Var <2%,Loss Making
2023-10-01,Pune,Black LLC,Active,North,12553,3914122.44,726242.95,3302893.73,1040736.1,2129517.0,799397.18,11967.56,More than 40 lacs,0% to 10%,EBITDA -ve,0% to 10%,64.47428146590717,24.20293371049513,1.149913027904,INR 25 to 35 lacs,Var <2%,High Profit
2023-11-01,Pune,Black LLC,Active,North,11439,4072536.49,1097201.85,3082564.55,1215706.44,1809906.62,473506.1,28530.23,INR 20 to 30 lacs,More than 30%,EBITDA +ve,10% to 20%,58.7143137035038,15.360784577893105,2.346802571844565,INR 25 to 35 lacs,Var 2-3%,Moderate Profit
2023-12-01,Pune,Black LLC,Active,North,7237,2177492.78,414380.52,1878685.94,805299.69,999457.2,-304111.93,16193.54,INR 30 to 40 lacs,10% to 20%,EBITDA +ve,More than 20%,53.19980198499808,-16.187481021974328,2.0108712571340988,INR 15 to 25 lacs,Var 2-3%,Loss Making
2024-01-01,Pune,Black LLC,Active,North,13666,4890247.73,1218842.0,3774864.57,1186193.01,2471757.27,1015448.48,20087.64,INR 30 to 40 lacs,More than 30%,EBITDA +ve,0% to 10%,65.4793628795006,26.900262543723525,1.6934545921831052,INR 35 to 45 lacs,Var <2%,High Profit
2024-02-01,Pune,Black LLC,Active,North,10146,4338673.24,737584.26,3728614.36,1123824.79,2492379.27,1118619.95,18917.15,More than 40 lacs,More than 30%,EBITDA -ve,0% to 10%,66.8446513733858,30.00095590470236,1.683282854082619,INR 35 to 45 lacs,Var <2%,High Profit
2024-03-01,Pune,Black LLC,Active,North,8866,3968957.94,911227.65,3138210.12,1218485.18,1843481.75,494039.9,20180.29,More than 40 lacs,10% to 20%,EBITDA +ve,0% to 10%,58.74309493336284,15.74272853342274,1.6561785347278497,INR 25 to 35 lacs,Var <2%,Moderate Profit
2023-10-01,Pune,Higgins-Fernandez,Inactive,North,11466,5234710.4,1251996.23,4098597.87,1564229.37,2448748.69,1222664.13,13360.05,INR 30 to 40 lacs,10% to 20%,EBITDA -ve,More than 20%,59.746009920216935,29.83127812926912,0.8540978871915695,INR 35 to 45 lacs,Var <2%,High Profit
2023-11-01,Pune,Higgins-Fernandez,Inactive,North,7794,3226536.7,658232.43,2599042.46,802501.82,1679371.01,297956.71,21114.05,More than 40 lacs,0% to 10%,EBITDA -ve,More than 20%,64.61498939882652,11.464095511544665,2.6310283009700837,INR 25 to 35 lacs,Var 2-3%,Moderate Profit
2023-12-01,Pune,Higgins-Fernandez,Inactive,North,14686,6854202.12,1292702.92,5694088.54,2108294.76,3478855.15,2136249.69,24644.91,More than 40 lacs,10% to 20%,EBITDA -ve,10% to 20%,61.09590895121557,37.51697352426487,1.16894992425063,Above INR 45 lacs,Var <2%,High Profit
2024-01-01,Pune,Higgins-Fernandez,Inactive,North,11022,4288990.42,693254.4,3705849.13,1652503.92,1987973.03,550864.63,18565.86,INR 20 to 30 lacs,More than 30%,EBITDA -ve,0% to 10%,53.64419759851368,14.864734388148177,1.1234986964508986,INR 35 to 45 lacs,Var <2%,Moderate Profit
2024-02-01,Pune,Higgins-Fernandez,Inactive,North,11679,4716590.72,1269853.29,3522247.74,1256993.87,2123204.68,538559.85,29677.07,INR 30 to 40 lacs,10% to 20%,EBITDA -ve,More than 20%,60.27982233867514,15.290231969884093,2.3609558255045426,INR 35 to 45 lacs,Var 2-3%,Moderate Profit
2024-03-01,Pune,Higgins-Fernandez,Inactive,North,9673,3842367.77,818378.71,3099262.02,1500904.08,1460617.14,-1693.77,16290.14,INR 30 to 40 lacs,More than 30%,EBITDA +ve,0% to 10%,47.12790111240739,-0.05465075198772642,1.0853551680664364,INR 25 to 35 lacs,Var <2%,Loss Making
2023-10-01,Hyderabad,Fuller LLC,Inactive,East,13919,6868722.23,1380667.37,5529527.52,1794374.51,3614266.31,2210127.35,28849.27,More than 40 lacs,More than 30%,EBITDA -ve,10% to 20%,65.36302237266017,39.969551503380536,1.607761915877862,Above INR 45 lacs,Var <2%,High Profit
2023-11-01,Hyderabad,Fuller LLC,Inactive,East,13828,6629394.21,1374292.53,5322364.02,1982598.99,3253078.19,1606435.81,18944.26,INR 30 to 40 lacs,10% to 20%,EBITDA +ve,10% to 20%,61.12092629846089,30.18274969474937,0.9555265636446227,Above INR 45 lacs,Var <2%,High Profit
2023-12-01,Hyderabad,Fuller LLC,Inactive,East,12480,4268511.51,1099287.87,3303232.24,1480135.05,1727560.24,369339.39,24369.04,More than 40 lacs,More than 30%,EBITDA -ve,10% to 20%,52.29908509248504,11.181151162414181,1.6464065221616093,INR 25 to 35 lacs,Var <2%,Moderate Profit
2024-01-01,Hyderabad,Fuller LLC,Inactive,East,9282,3685025.67,592678.17,3172345.44,1125760.28,1967240.16,640647.56,14084.01,More than 40 lacs,More than 30%,EBITDA +ve,More than 20%,62.01216724998271,20.19476037893276,1.2510665236829994,INR 25 to 35 lacs,Var <2%,High Profit
2024-02-01,Hyderabad,Fuller LLC,Inactive,East,14391,6096236.54,995344.11,5204218.41,2014818.44,3049287.11,1652372.95,14388.89,More than 40 lacs,More than 30%,EBITDA +ve,More than 20%,58.59260449447585,31.750645722803167,0.7141531819611499,Above INR 45 lacs,Var <2%,High Profit
2024-03-01,Hyderabad,Fuller LLC,Inactive,East,14014,5990915.65,1034953.93,5060673.65,2414574.18,2574002.45,1141871.4,22386.77,INR 30 to 40 lacs,More than 30%,EBITDA +ve,10% to 20%,50.86284214355533,22.563624508764754,0.9271518839814646,Above INR 45 lacs,Var <2%,High Profit
2023-10-01,Hyderabad,Nash-Freeman,Active,West,7719,3549057.54,1030190.0,2591997.74,1011016.4,1470846.41,37817.39,11183.13,INR 20 to 30 lacs,0% to 10%,EBITDA -ve,0% to 10%,56.74566714707089,1.4590055159538833,1.1061274574774453,INR 25 to 35 lacs,Var <2%,Low Profit
2023-11-01,Hyderabad,Nash-Freeman,Active,West,12054,5825027.03,1281100.56,4661713.31,1511682.74,3058901.41,1691662.26,18908.83,More than 40 lacs,0% to 10%,EBITDA -ve,10% to 20%,65.61753601274121,36.28842332219697,1.2508464573723983,Above INR 45 lacs,Var <2%,High Profit
2023-12-01,Hyderabad,Nash-Freeman,Active,West,11391,3542979.98,879669.48,2748572.49,1323024.37,1307469.06,-54159.89,17919.05,INR 20 to 30 lacs,More than 30%,EBITDA -ve,10% to 20%,47.56902227454077,-1.9704734074523171,1.3544005995898623,INR 25 to 35 lacs,Var <2%,Loss Making
2024-01-01,Hyderabad,Nash-Freeman,Active,West,8016,2989494.47,573459.43,2522715.05,799400.77,1605347.05,246863.75,13050.29,INR 20 to 30 lacs,0% to 10%,EBITDA +ve,More than 20%,63.63568687632796,9.785637501944581,1.6325090605054084,INR 25 to 35 lacs,Var <2%,Low Profit
2024-02-01,Hyderabad,Nash-Freeman,Active,West,8700,3473658.49,943304.78,2640141.28,814654.56,1687645.68,480403.82,12307.9,INR 20 to 30 lacs,0% to 10%,EBITDA +ve,More than 20%,63.922551902222445,18.19614062471687,1.5108121410380368,INR 25 to 35 lacs,Var <2%,Moderate Profit
2024-03-01,Hyderabad,Nash-Freeman,Active,West,11173,4402404.31,1104876.52,3368888.75,1053177.46,2261717.95,802473.81,21425.59,More than 40 lacs,0% to 10%,EBITDA +ve,0% to 10%,67.13543004351212,23.820133864616338,2.034376049027863,INR 25 to 35 lacs,Var 2-3%,High Profit
2023-10-01,Hyderabad,Williams Group,Inactive,South,12842,4179074.6,1196509.31,3067832.45,1376540.62,1557215.68,140668.1,28161.38,More than 40 lacs,More than 30%,EBITDA +ve,0% to 10%,50.75947612458431,4.585260189160591,2.0458081360505,INR 25 to 35 lacs,Var 2-3%,Low Profit
2023-11-01,Hyderabad,Williams Group,Inactive,South,9046,2992343.36,451486.86,2589883.63,1008575.03,1477982.0,-30730.63,15165.55,More than 40 lacs,0% to 10%,EBITDA -ve,10% to 20%,57.06750615663763,-1.1865641237324631,1.5036610612896095,INR 25 to 35 lacs,Var <2%,Loss Making
2023-12-01,Hyderabad,Williams Group,Inactive,South,14263,4734351.95,1091533.14,3693520.89,1185966.65,2435486.68,1207659.82,15513.81,INR 30 to 40 lacs,More than 30%,EBITDA +ve,More than 20%,65.93943157581546,32.696710157228864,1.3081151986862363,INR 35 to 45 lacs,Var <2%,High Profit
2024-01-01,Hyderabad,Williams Group,Inactive,South,11480,5127079.78,1352921.51,3896898.17,1285220.2,2492781.09,1165267.82,22105.43,INR 30 to 40 lacs,10% to 20%,EBITDA -ve,More than 20%,63.968340491689055,29.902444692312812,1.7199721884234311,INR 35 to 45 lacs,Var <2%,High Profit
2024-02-01,Hyderabad,Williams Group,Inactive,South,8711,2671546.93,527615.15,2232500.62,1049139.26,1056259.71,-297635.61,28022.47,More than 40 lacs,10% to 20%,EBITDA -ve,0% to 10%,47.31285181009266,-13.331938514758395,2.670996222179313,INR 15 to 25 lacs,Var 2-3%,Loss Making
2024-03-01,Hyderabad,Williams Group,Inactive,South,12747,6267335.38,1259795.7,5111639.43,2342735.02,2640326.59,1163966.8,29473.3,INR 20 to 30 lacs,10% to 20%,EBITDA +ve,10% to 20%,51.65322449201,22.770909723575713,1.2580722851020514,Above INR 45 lacs,Var <2%,High Profit
2023-10-01,Bangalore,"Torres, Sanders and Moon",Active,East,11700,5024069.87,1299410.65,3823580.78,1293096.78,2426601.06,910569.76,20781.68,INR 30 to 40 lacs,10% to 20%,EBITDA +ve,10% to 20%,63.464098174486594,23.814581471978215,1.6071248742882183,INR 35 to 45 lacs,Var <2%,High Profit
2023-11-01,Bangalore,"Torres, Sanders and Moon",Active,East,9447,4231627.58,673416.44,3629345.69,1271635.72,2228859.92,815100.26,28195.85,INR 20 to 30 lacs,10% to 20%,EBITDA +ve,More than 20%,61.41216931033098,22.458600795340605,2.21728986977497,INR 35 to 45 lacs,Var 2-3%,High Profit
2023-12-01,Bangalore,"Torres, Sanders and Moon",Active,East,9336,4586892.8,1074221.48,3602741.88,1144603.76,2340036.49,1067549.91,14564.93,INR 30 to 40 lacs,0% to 10%,EBITDA -ve,0% to 10%,64.95154434988277,29.631595755619326,1.272486646383199,INR 35 to 45 lacs,Var <2%,High Profit
2024-01-01,Bangalore,"Torres, Sanders and Moon",Active,East,12989,4433889.17,1244796.39,3280025.31,1368057.02,1829122.37,517581.34,29778.45,INR 20 to 30 lacs,More than 30%,EBITDA -ve,0% to 10%,55.76549560222753,15.779797138211718,2.1766965531889895,INR 25 to 35 lacs,Var 2-3%,Moderate Profit
2024-02-01,Bangalore,"Torres, Sanders and Moon",Active,East,13622,5522055.19,1413873.36,4227794.99,1888563.68,2257988.18,843593.09,17161.24,More than 40 lacs,More than 30%,EBITDA +ve,10% to 20%,53.4081757829038,19.95350039430365,0.9086926843790623,INR 35 to 45 lacs,Var <2%,Moderate Profit
2024-03-01,Bangalore,"Torres, Sanders and Moon",Active,East,10869,5266391.55,1467822.9,3892884.3,1235713.01,2581196.8,1176556.84,11253.8,More than 40 lacs,10% to 20%,EBITDA +ve,0% to 10%,66.30551028706402,30.22326761676426,0.9107130789211323,INR 35 to 45 lacs,Var <2%,High Profit
2023-10-01,Ahmedabad,Medina Ltd,Inactive,West,7402,3510878.2,539646.87,3053713.3,1224313.76,1770343.93,395082.82,22210.65,INR 30 to 40 lacs,0% to 10%,EBITDA -ve,0% to 10%,57.973481989943195,12.937783648517364,1.81413055424616,INR 25 to 35 lacs,Var <2%,Moderate Profit
2023-11-01,Ahmedabad,Medina Ltd,Inactive,West,14924,6085660.85,1167221.88,5040820.17,2204201.54,2716873.1,1256885.95,21139.49,More than 40 lacs,More than 30%,EBITDA +ve,0% to 10%,53.89744145544474,24.934155705062576,0.9590543158771225,Above INR 45 lacs,Var <2%,High Profit
2023-12-01,Ahmedabad,Medina Ltd,Inactive,West,13576,6220489.86,1360992.71,4970796.13,1476858.13,3415100.3,2087190.98,20181.21,More than 40 lacs,10% to 20%,EBITDA -ve,0% to 10%,68.70328636873707,41.989068258166526,1.366496184708006,Above INR 45 lacs,Var <2%,High Profit
2024-01-01,Ahmedabad,Medina Ltd,Inactive,West,9667,3080667.61,470575.96,2757627.16,967103.32,1683261.37,325621.94,27208.86,More than 40 lacs,10% to 20%,EBITDA -ve,More than 20%,61.04020856829682,11.808048046640213,2.8134387957638283,INR 25 to 35 lacs,Var 2-3%,Moderate Profit
2024-02-01,Ahmedabad,Medina Ltd,Inactive,West,12505,3806880.81,581704.51,3322721.84,1303883.2,1903031.0,708609.26,20934.67,INR 20 to 30 lacs,More than 30%,EBITDA -ve,10% to 20%,57.27325643364718,21.32616854861375,1.6055632897179748,INR 25 to 35 lacs,Var <2%,High Profit
2024-03-01,Ahmedabad,Medina Ltd,Inactive,West,14381,5485118.19,1603477.09,3971893.15,1614955.65,2286756.81,1067371.66,24333.87,INR 30 to 40 lacs,10% to 20%,EBITDA +ve,More than 20%,57.5734724888055,26.87312119662635,1.5067825546788236,INR 35 to 45 lacs,Var <2%,High Profit
2023-10-01,Pune,Paul Ltd,Inactive,West,9662,4349649.46,804968.98,3649092.23,1237472.02,2278683.39,1048125.9,23779.32,More than 40 lacs,10% to 20%,EBITDA +ve,More than 20%,62.44521229873108,28.722921590830826,1.9216046597966714,INR 35 to 45 lacs,Var <2%,High Profit
2023-11-01,Pune,Paul Ltd,Inactive,West,8375,2781260.19,571923.13,2268114.15,939604.64,1231266.57,-72514.31,20288.12,More than 40 lacs,10% to 20%,EBITDA -ve,More than 20%,54.285917223346104,-3.197119069161488,2.1592187965355296,INR 15 to 25 lacs,Var 2-3%,Loss Making
2023-12-01,Pune,Paul Ltd,Inactive,West,7670,2468218.25,553085.09,2027812.02,898160.57,981396.39,-462970.18,24871.04,INR 30 to 40 lacs,10% to 20%,EBITDA +ve,More than 20%,48.396812935352855,-22.83102059923681,2.769108423452613,INR 15 to 25 lacs,Var 2-3%,Loss Making
2024-01-01,Pune,Paul Ltd,Inactive,West,14127,5539265.61,1058902.4,4589657.74,2007102.51,2496251.73,1265119.68,14989.91,More than 40 lacs,0% to 10%,EBITDA -ve,More than 20%,54.388624847655855,27.564575653957146,0.7468432691063697,Above INR 45 lacs,Var <2%,High Profit
2024-02-01,Pune,Paul Ltd,Inactive,West,11816,5368736.78,875833.08,4613884.12,2089308.97,2431893.21,982852.9,18023.31,INR 30 to 40 lacs,0% to 10%,EBITDA -ve,10% to 20%,52.7081553578333,21.302071626367592,0.8626445518012591,Above INR 45 lacs,Var <2%,High Profit
2024-03-01,Pune,Paul Ltd,Inactive,West,14998,6847493.26,1511000.82,5457993.79,2332988.98,3018351.51,1623208.82,21723.81,More than 40 lacs,0% to 10%,EBITDA +ve,More than 20%,55.3014830381476,29.740026875332887,0.9311578488467614,Above INR 45 lacs,Var <2%,High Profit
2023-10-01,Ahmedabad,"Fernandez, Martin and Fields",Active,North,7984,2542670.87,607052.47,2047123.6,738979.6,1160143.26,-209838.16,24471.43,INR 30 to 40 lacs,More than 30%,EBITDA -ve,0% to 10%,56.67187169353135,-10.250390352590337,3.3115163124936062,INR 15 to 25 lacs,Var 3-5%,Loss Making
2023-11-01,Ahmedabad,"Fernandez, Martin and Fields",Active,North,13285,5687074.59,1095276.74,4699278.58,1434378.64,3138529.79,1778501.45,10661.69,More than 40 lacs,More than 30%,EBITDA -ve,10% to 20%,66.78748102650258,37.84626554316769,0.7432967629802407,Above INR 45 lacs,Var <2%,High Profit
2023-12-01,Ahmedabad,"Fernandez, Martin and Fields",Active,North,9112,4442234.2,718094.76,3821704.92,1341302.8,2411300.9,1022860.54,15637.96,INR 20 to 30 lacs,More than 30%,EBITDA -ve,More than 20%,63.094900063608264,26.764508548190058,1.165878428047716,INR 35 to 45 lacs,Var <2%,High Profit
2024-01-01,Ahmedabad,"Fernandez, Martin and Fields",Active,North,10573,3349424.08,689166.33,2767424.2,1107089.25,1604448.29,242956.59,14548.73,INR 20 to 30 lacs,0% to 10%,EBITDA +ve,0% to 10%,57.97623255589078,8.779159696587174,1.314142468640175,INR 25 to 35 lacs,Var <2%,Low Profit
2024-02-01,Ahmedabad,"Fernandez, Martin and Fields",Active,North,11820,5699374.05,984879.23,4823502.33,2147604.26,2568665.24,1135866.57,22590.1,INR 20 to 30 lacs,More than 30%,EBITDA +ve,10% to 20%,53.253114941482785,23.54858549430824,1.051874426808969,Above INR 45 lacs,Var <2%,High Profit
2024-03-01,Ahmedabad,"Fernandez, Martin and Fields",Active,North,11726,5704356.12,1657401.75,4148329.62,1261981.62,2800916.94,1349045.8,27468.65,INR 30 to 40 lacs,0% to 10%,EBITDA -ve,10% to 20%,67.51915099745617,32.52021713742217,2.1766283727650486,INR 35 to 45 lacs,Var 2-3%,High Profit
2023-10-01,Hyderabad,"Olson, Middleton and Juarez",Active,North,11623,5599147.46,936501.68,4767259.68,1424751.35,3274710.73,2025188.92,12530.25,INR 20 to 30 lacs,10% to 20%,EBITDA +ve,10% to 20%,68.69167928355856,42.48119582191504,0.879469249143017,Above INR 45 lacs,Var <2%,High Profit
2023-11-01,Hyderabad,"Olson, Middleton and Juarez",Active,North,7903,2851341.34,521983.63,2425551.82,932432.16,1400250.78,27431.09,23390.46,More than 40 lacs,0% to 10%,EBITDA -ve,0% to 10%,57.729163667177396,1.1309216226103964,2.508542819887293,INR 15 to 25 lacs,Var 2-3%,Low Profit
2023-12-01,Hyderabad,"Olson, Middleton and Juarez",Active,North,11055,4882803.03,841602.23,4101392.37,1389000.92,2657598.88,1326228.09,15822.47,INR 20 to 30 lacs,More than 30%,EBITDA -ve,More than 20%,64.79747949596931,32.336045185552436,1.1391259553665378,INR 35 to 45 lacs,Var <2%,High Profit
2024-01-01,Hyderabad,"Olson, Middleton and Juarez",Active,North,10565,3703547.35,663494.87,3076267.13,1473224.97,1462002.45,236688.1,15713.49,More than 40 lacs,0% to 10%,EBITDA +ve,0% to 10%,47.52521118021373,7.694003478820124,1.0666049191387246,INR 25 to 35 lacs,Var <2%,Low Profit
2024-02-01,Hyderabad,"Olson, Middleton and Juarez",Active,North,11189,4152258.83,1044805.64,3189582.75,1030062.28,2034947.38,746721.3,24813.92,INR 20 to 30 lacs,More than 30%,EBITDA +ve,10% to 20%,63.799798892190516,23.41125339983733,2.4089727856067107,INR 25 to 35 lacs,Var 2-3%,High Profit
2024-03-01,Hyderabad,"Olson, Middleton and Juarez",Active,North,9417,4599204.76,1115624.76,3551687.77,1520862.66,1937683.44,760576.84,29355.73,More than 40 lacs,0% to 10%,EBITDA -ve,More than 20%,54.556694323386424,21.414518652916385,1.9302025601706865,INR 35 to 45 lacs,Var <2%,High Profit
2023-10-01,Ahmedabad,"Davis, Burnett and Bailey",Active,South,9416,4676139.16,734085.18,4066912.64,1816023.08,2160590.65,867923.49,13245.65,INR 20 to 30 lacs,0% to 10%,EBITDA +ve,10% to 20%,53.1260649355871,21.34109008055801,0.7293767433836799,INR 35 to 45 lacs,Var <2%,High Profit
2023-11-01,Ahmedabad,"Davis, Burnett and Bailey",Active,South,12144,5223615.27,1034186.47,4257612.04,2068229.76,2083195.17,780754.37,18937.16,INR 20 to 30 lacs,10% to 20%,EBITDA +ve,More than 20%,48.92872226094137,18.337846724052387,0.9156216763847359,INR 35 to 45 lacs,Var <2%,Moderate Profit
2023-12-01,Ahmedabad,"Davis, Burnett and Bailey",Active,South,14197,4797683.4,1015611.8,3881786.59,1603328.99,2189094.33,855331.07,28446.21,INR 20 to 30 lacs,0% to 10%,EBITDA +ve,10% to 20%,56.39398970668298,22.034469184973922,1.7741966980837787,INR 35 to 45 lacs,Var <2%,High Profit
2024-01-01,Ahmedabad,"Davis, Burnett and Bailey",Active,South,10752,4109870.29,814586.74,3336422.13,1529987.73,1753285.09,275383.71,29738.08,More than 40 lacs,More than 30%,EBITDA +ve,0% to 10%,52.54985795217706,8.253862948691088,1.9436809470360916,INR 25 to 35 lacs,Var <2%,Low Profit
2024-02-01,Ahmedabad,"Davis, Burnett and Bailey",Active,South,13043,5174112.69,1334224.9,3942206.61,1694215.7,2169718.14,764896.61,28015.96,INR 20 to 30 lacs,10% to 20%,EBITDA -ve,More than 20%,55.03816401951597,19.40275296732862,1.6536241518715709,INR 35 to 45 lacs,Var <2%,Moderate Profit
2024-03-01,Ahmedabad,"Davis, Burnett and Bailey",Active,South,12548,4299432.42,830661.61,3571287.61,1224362.41,2258818.75,670102.53,18921.18,More than 40 lacs,10% to 20%,EBITDA -ve,0% to 10%,63.24942140406329,18.763611424732048,1.5453904698037897,INR 35 to 45 lacs,Var <2%,Moderate Profit
2023-10-01,Hyderabad,Hodges Inc,Inactive,South,13272,5886246.3,1307659.33,4693298.44,1936256.61,2701804.55,1188093.17,19340.18,INR 20 to 30 lacs,0% to 10%,EBITDA +ve,10% to 20%,57.56728630280753,25.314673362216446,0.9988438464259135,Above INR 45 lacs,Var <2%,High Profit
2023-11-01,Hyderabad,Hodges Inc,Inactive,South,7994,3198038.83,613361.53,2679304.53,1205419.58,1389309.73,-142080.15,16097.39,INR 20 to 30 lacs,0% to 10%,EBITDA -ve,0% to 10%,51.85337144187936,-5.3028742499830726,1.335417996113851,INR 25 to 35 lacs,Var <2%,Loss Making
2023-12-01,Hyderabad,Hodges Inc,Inactive,South,9014,2742260.94,586330.33,2259892.52,996149.67,1114589.13,-159962.25,19389.47,INR 30 to 40 lacs,0% to 10%,EBITDA -ve,More than 20%,49.32044865567323,-7.07831229071018,1.9464414418769018,INR 15 to 25 lacs,Var <2%,Loss Making
2024-01-01,Hyderabad,Hodges Inc,Inactive,South,13915,6379567.46,1436530.65,5011775.85,1941358.55,2922719.53,1712417.09,27666.38,INR 20 to 30 lacs,10% to 20%,EBITDA +ve,More than 20%,58.317044047370956,34.16787065606696,1.4251040849718357,Above INR 45 lacs,Var <2%,High Profit
2024-02-01,Hyderabad,Hodges Inc,Inactive,South,7935,3392432.07,836000.45,2728135.62,945168.79,1723101.89,427405.35,12658.89,INR 20 to 30 lacs,0% to 10%,EBITDA +ve,More than 20%,63.16041905570662,15.666572690400194,1.3393258573423694,INR 25 to 35 lacs,Var <2%,Moderate Profit
2024-03-01,Hyderabad,Hodges Inc,Inactive,South,13124,6025028.42,1752763.08,4317093.15,1723012.58,2512788.47,1214416.18,22242.32,More than 40 lacs,10% to 20%,EBITDA +ve,0% to 10%,58.20556524243634,28.130414095883012,1.290897133206073,INR 35 to 45 lacs,Var <2%,High Profit
2023-10-01,Bangalore,"Franco, Rangel and Mooney",Active,West,9055,4120705.7,683656.56,3542187.97,1415051.1,1987534.74,666611.47,12923.13,INR 20 to 30 lacs,0% to 10%,EBITDA +ve,More than 20%,56.110368981914874,18.81920089068565,0.9132624256466779,INR 35 to 45 lacs,Var <2%,Moderate Profit
2023-11-01,Bangalore,"Franco, Rangel and Mooney",Active,West,8002,2872510.32,769305.49,2200947.33,930126.66,1170595.56,-96699.59,19554.03,More than 40 lacs,More than 30%,EBITDA -ve,10% to 20%,53.18598696316826,-4.39354402906134,2.102297551604423,INR 15 to 25 lacs,Var 2-3%,Loss Making
2023-12-01,Bangalore,"Franco, Rangel and Mooney",Active,West,11848,3733061.33,969215.32,2876612.17,1146181.99,1672167.1,222499.46,19162.55,More than 40 lacs,10% to 20%,EBITDA +ve,0% to 10%,58.12973738479317,7.734774340470095,1.6718592830096728,INR 25 to 35 lacs,Var <2%,Low Profit
2024-01-01,Bangalore,"Franco, Rangel and Mooney",Active,West,13371,5805409.18,1538476.85,4355618.93,1630781.19,2673501.47,1200524.42,21616.8,INR 20 to 30 lacs,More than 30%,EBITDA -ve,More than 20%,61.38051819882233,27.56265961953655,1.3255487696666406,INR 35 to 45 lacs,Var <2%,High Profit
2024-02-01,Bangalore,"Franco, Rangel and Mooney",Active,West,11526,4467262.26,1001852.09,3575524.19,1305803.51,2186098.2,869609.98,10537.66,INR 30 to 40 lacs,10% to 20%,EBITDA +ve,0% to 10%,61.140635158169644,24.32118855277553,0.8069866499286711,INR 35 to 45 lacs,Var <2%,High Profit
2024-03-01,Bangalore,"Franco, Rangel and Mooney",Active,West,14019,5384399.47,821341.28,4608615.19,1518800.44,2994582.94,1453699.67,11069.57,More than 40 lacs,More than 30%,EBITDA +ve,More than 20%,64.97793407654848,31.543090713112885,0.7288363703660765,Above INR 45 lacs,Var <2%,High Profit
2023-10-01,Pune,Watson Group,Active,North,10386,4459890.36,1036986.24,3517432.26,1247472.98,2193374.75,711217.46,10167.42,More than 40 lacs,10% to 20%,EBITDA -ve,10% to 20%,62.35727052779121,20.219791240556827,0.8150413005338201,INR 35 to 45 lacs,Var <2%,High Profit
2023-11-01,Pune,Watson Group,Active,North,14588,4728180.22,729119.76,4064357.67,1260986.01,2735135.01,1374485.86,25404.13,INR 20 to 30 lacs,More than 30%,EBITDA +ve,0% to 10%,67.29562779842651,33.81803403143898,2.014624254237365,INR 35 to 45 lacs,Var 2-3%,High Profit
2023-12-01,Pune,Watson Group,Active,North,9551,3880523.45,1026325.48,2956007.27,1069999.68,1765721.08,533020.6,20486.97,INR 20 to 30 lacs,More than 30%,EBITDA +ve,More than 20%,59.73331317280556,18.031775679631533,1.9146706660697324,INR 25 to 35 lacs,Var <2%,Moderate Profit
2024-01-01,Pune,Watson Group,Active,North,8522,2573088.98,451406.73,2245052.34,839737.12,1279337.04,64360.29,10966.98,INR 30 to 40 lacs,More than 30%,EBITDA +ve,10% to 20%,56.984731144397294,2.866761226600178,1.306001573444794,INR 15 to 25 lacs,Var <2%,Low Profit
2024-02-01,Pune,Watson Group,Active,North,11247,4591607.28,1139771.84,3530004.52,1209040.33,2208225.02,891914.88,26781.13,More than 40 lacs,More than 30%,EBITDA +ve,10% to 20%,62.55586947520396,25.26667812878608,2.2150733383724264,INR 35 to 45 lacs,Var 2-3%,High Profit
2024-03-01,Pune,Watson Group,Active,North,10895,3794167.7,1022936.53,2856605.7,874699.75,1916983.3,467224.48,16869.78,INR 20 to 30 lacs,0% to 10%,EBITDA +ve,0% to 10%,67.10703195754317,16.355931796957485,1.9286366550350562,INR 25 to 35 lacs,Var <2%,Moderate Profit
2023-10-01,Bangalore,Thompson-Weiss,Active,North,13875,4483015.51,912843.02,3635796.62,1645994.73,1907988.9,617987.89,28767.68,INR 20 to 30 lacs,More than 30%,EBITDA +ve,0% to 10%,52.477877599215105,16.997317358197005,1.7477382810332571,INR 35 to 45 lacs,Var <2%,Moderate Profit
2023-11-01,Bangalore,Thompson-Weiss,Active,North,9327,4300656.85,1081966.53,3323698.25,1357221.17,1872256.8,455157.22,19357.67,More than 40 lacs,10% to 20%,EBITDA -ve,0% to 10%,56.33052880176472,13.694300317425023,1.4262723296601687,INR 25 to 35 lacs,Var <2%,Moderate Profit
2023-12-01,Bangalore,Thompson-Weiss,Active,North,11797,3965793.02,691846.44,3397008.08,1439211.8,1880176.85,501018.13,15882.15,INR 30 to 40 lacs,10% to 20%,EBITDA -ve,More than 20%,55.348024076527956,14.748805955150981,1.1035311133496821,INR 25 to 35 lacs,Var <2%,Moderate Profit
2024-01-01,Bangalore,Thompson-Weiss,Active,North,11457,5443886.65,1457409.18,4047311.25,1667643.17,2264425.82,916997.31,24331.62,INR 30 to 40 lacs,0% to 10%,EBITDA +ve,More than 20%,55.94889249004509,22.656950586639464,1.4590423441724647,INR 35 to 45 lacs,Var <2%,High Profit
2024-02-01,Bangalore,Thompson-Weiss,Active,North,10130,3746520.84,928261.21,2896232.56,1196724.25,1626173.28,323768.17,23606.13,INR 20 to 30 lacs,More than 30%,EBITDA +ve,0% to 10%,56.14788337301201,11.178942412000229,1.97256218381135,INR 25 to 35 lacs,Var <2%,Moderate Profit
2024-03-01,Bangalore,Thompson-Weiss,Active,North,10667,3840625.95,900641.12,3070472.67,1248307.48,1725193.37,260040.39,24845.84,INR 20 to 30 lacs,10% to 20%,EBITDA +ve,0% to 10%,56.18657305945016,8.46906707689406,1.9903621822405486,INR 25 to 35 lacs,Var <2%,Low Profit
2023-10-01,Pune,"Colon, Henderson and May",Inactive,North,14527,6697094.6,1392266.58,5415238.77,2423161.65,2878925.26,1531837.43,27748.01,INR 30 to 40 lacs,0% to 10%,EBITDA -ve,0% to 10%,53.16340391025823,28.28753255509729,1.1451159273670413,Above INR 45 lacs,Var <2%,High Profit
2023-11-01,Pune,"Colon, Henderson and May",Inactive,North,12486,4242020.02,994039.99,3388528.08,1416441.32,1881677.49,594041.35,12599.93,INR 20 to 30 lacs,10% to 20%,EBITDA +ve,0% to 10%,55.5308218074439,17.530955505612926,0.8895483224112665,INR 25 to 35 lacs,Var <2%,Moderate Profit
2023-12-01,Pune,"Colon, Henderson and May",Inactive,North,8859,4046052.37,676540.43,3417167.47,1483227.78,1815191.28,566210.04,26044.38,INR 20 to 30 lacs,More than 30%,EBITDA -ve,0% to 10%,53.119763544980714,16.56957245937964,1.755925849770694,INR 25 to 35 lacs,Var <2%,Moderate Profit
2024-01-01,Pune,"Colon, Henderson and May",Inactive,North,7741,3533151.87,1054792.48,2597611.45,981641.89,1491722.1,132882.73,17625.23,INR 30 to 40 lacs,0% to 10%,EBITDA +ve,10% to 20%,57.426683270894884,5.115573770665355,1.7954847057311298,INR 25 to 35 lacs,Var <2%,Low Profit
2024-02-01,Pune,"Colon, Henderson and May",Inactive,North,11538,4000167.23,938303.49,3198265.49,1071416.07,2032972.44,638329.68,18854.73,More than 40 lacs,10% to 20%,EBITDA +ve,10% to 20%,63.56484307999083,19.95862075852871,1.7597953332919487,INR 25 to 35 lacs,Var <2%,Moderate Profit
2024-03-01,Pune,"Colon, Henderson and May",Inactive,North,8307,2494131.88,650177.6,1910415.03,583280.02,1216857.46,-223039.12,23539.95,INR 20 to 30 lacs,0% to 10%,EBITDA -ve,0% to 10%,63.69597395807758,-11.67490396052841,4.0357888480390605,INR 15 to 25 lacs,Var 3-5%,Loss Making
2023-10-01,Bangalore,"Boyd, Walker and Smith",Active,East,9843,3416984.98,633332.27,2881942.83,906299.09,1890996.29,522232.91,12536.63,INR 30 to 40 lacs,More than 30%,EBITDA +ve,More than 20%,65.61532971145024,18.12086293189931,1.383277346113191,INR 25 to 35 lacs,Var <2%,Moderate Profit
2023-11-01,Bangalore,"Boyd, Walker and Smith",Active,East,11201,4651687.45,1327501.72,3409598.0,1145219.71,2152657.2,901847.81,29519.19,INR 30 to 40 lacs,10% to 20%,EBITDA +ve,10% to 20%,63.13522004646883,26.450268037463655,2.5776005898466416,INR 25 to 35 lacs,Var 2-3%,High Profit
2023-12-01,Bangalore,"Boyd, Walker and Smith",Active,East,12672,5954076.77,1111405.44,4913171.96,1898609.44,2884336.83,1518791.59,17275.4,INR 20 to 30 lacs,0% to 10%,EBITDA +ve,10% to 20%,58.70620555279731,30.91264874026514,0.9098975089895267,Above INR 45 lacs,Var <2%,High Profit
2024-01-01,Bangalore,"Boyd, Walker and Smith",Active,East,14927,7119955.52,1792157.4,5456128.34,1681009.2,3675469.53,2202767.43,10150.81,INR 20 to 30 lacs,0% to 10%,EBITDA -ve,10% to 20%,67.36405929190441,40.37235366791244,0.6038521383464172,Above INR 45 lacs,Var <2%,High Profit
2024-02-01,Bangalore,"Boyd, Walker and Smith",Active,East,7343,3617359.18,962487.26,2771630.07,990539.0,1668634.37,318964.47,29642.23,INR 30 to 40 lacs,0% to 10%,EBITDA -ve,0% to 10%,60.20407947154362,11.508190557335093,2.9925353772037244,INR 25 to 35 lacs,Var 2-3%,Moderate Profit
2024-03-01,Bangalore,"Boyd, Walker and Smith",Active,East,13581,4819419.63,856725.71,4068899.0,1833668.34,2131023.93,887490.88,18134.48,INR 30 to 40 lacs,More than 30%,EBITDA +ve,More than 20%,52.37347818168993,21.811573106140013,0.9889727386578534,INR 35 to 45 lacs,Var <2%,High Profit
2023-10-01,Hyderabad,"Osborne, Short and Stewart",Active,South,11278,5327140.52,1203147.58,4200843.47,1337210.41,2813580.28,1473913.24,15575.34,INR 20 to 30 lacs,10% to 20%,EBITDA -ve,0% to 10%,66.97655602006995,35.086126167895515,1.16476359169235,INR 35 to 45 lacs,Var <2%,High Profit
2023-11-01,Hyderabad,"Osborne, Short and Stewart",Active,South,9852,3804368.6,639051.75,3255986.19,1247214.19,1899858.07,538528.84,16237.76,More than 40 lacs,10% to 20%,EBITDA -ve,10% to 20%,58.349696808757045,16.539653689378824,1.3019223265893087,INR 25 to 35 lacs,Var <2%,Moderate Profit
2023-12-01,Hyderabad,"Osborne, Short and Stewart",Active,South,10101,4501782.23,1292875.92,3325460.78,1203548.74,2049914.74,674220.25,18713.43,INR 20 to 30 lacs,More than 30%,EBITDA -ve,More than 20%,61.64302860910602,20.274491103756155,1.554854355129814,INR 25 to 35 lacs,Var <2%,High Profit
2024-01-01,Hyderabad,"Osborne, Short and Stewart",Active,South,7950,3096034.22,603391.76,2544586.52,1228082.58,1210366.41,-182860.59,29745.74,INR 20 to 30 lacs,0% to 10%,EBITDA -ve,10% to 20%,47.5663295583284,-7.186259479202145,2.422128648710252,INR 25 to 35 lacs,Var 2-3%,Loss Making
2024-02-01,Hyderabad,"Osborne, Short and Stewart",Active,South,9481,4634189.3,959420.34,3805916.62,1109192.53,2599028.05,1343693.9,26835.76,More than 40 lacs,0% to 10%,EBITDA +ve,More than 20%,68.28914843646784,35.30539510347969,2.419396026765525,INR 35 to 45 lacs,Var 2-3%,High Profit
2024-03-01,Hyderabad,"Osborne, Short and Stewart",Active,South,14656,4938156.39,1329899.44,3648346.35,1315115.68,2223103.67,890708.72,27990.51,INR 20 to 30 lacs,10% to 20%,EBITDA +ve,0% to 10%,60.934556556013376,24.414039527798668,2.128368661835132,INR 35 to 45 lacs,Var 2-3%,High Profit
2023-10-01,Bangalore,Davis-Olson,Inactive,West,13967,6258245.0,1543759.23,4810008.95,1740525.98,3008090.46,1504779.65,16377.33,More than 40 lacs,10% to 20%,EBITDA -ve,More than 20%,62.538146836504325,31.28434199691042,0.9409414273724314,Above INR 45 lacs,Var <2%,High Profit
2023-11-01,Bangalore,Davis-Olson,Inactive,West,8375,4010734.7,664183.93,3428514.62,1399030.8,1927676.3,584476.64,21570.2,INR 20 to 30 lacs,10% to 20%,EBITDA -ve,0% to 10%,56.22482368180772,17.047517796496955,1.5417959347285277,INR 25 to 35 lacs,Var <2%,Moderate Profit
2023-12-01,Bangalore,Davis-Olson,Inactive,West,11323,3501332.0,631865.21,2925973.64,891686.71,1894721.65,613263.62,17903.85,INR 20 to 30 lacs,More than 30%,EBITDA +ve,More than 20%,64.7552535709105,20.959300918377377,2.0078632774508884,INR 25 to 35 lacs,Var 2-3%,High Profit
2024-01-01,Bangalore,Davis-Olson,Inactive,West,11879,5427416.48,925042.18,4576982.13,1804858.7,2644913.2,1357744.82,23147.82,More than 40 lacs,10% to 20%,EBITDA +ve,0% to 10%,57.78727390399491,29.66463013042177,1.2825281003992168,Above INR 45 lacs,Var <2%,High Profit
2024-02-01,Bangalore,Davis-Olson,Inactive,West,7856,3410059.61,828978.7,2677138.58,906163.8,1664233.36,143403.06,15882.78,INR 30 to 40 lacs,10% to 20%,EBITDA +ve,More than 20%,62.16463250848972,5.356579635858821,1.7527493373714553,INR 25 to 35 lacs,Var <2%,Low Profit
2024-03-01,Bangalore,Davis-Olson,Inactive,West,11719,3591930.91,783751.88,2859955.5,1101111.65,1661965.27,412715.65,25806.62,INR 20 to 30 lacs,0% to 10%,EBITDA -ve,More than 20%,58.11157795986686,14.4308416686903,2.343687853997367,INR 25 to 35 lacs,Var 2-3%,Moderate Profit
2023-10-01,Mumbai,Williams Ltd,Inactive,South,8906,2784536.52,685216.72,2234107.62,760713.91,1407557.59,33400.74,11760.59,More than 40 lacs,More than 30%,EBITDA +ve,10% to 20%,63.00312381549462,1.495037199685125,1.545993815204457,INR 15 to 25 lacs,Var <2%,Low Profit
2023-11-01,Mumbai,Williams Ltd,Inactive,South,9657,4706276.56,1268102.97,3509221.02,1454727.09,1948446.36,631381.3,26850.33,INR 30 to 40 lacs,0% to 10%,EBITDA -ve,0% to 10%,55.52361475368115,17.99206423310436,1.8457297031568995,INR 35 to 45 lacs,Var <2%,Moderate Profit
2023-12-01,Mumbai,Williams Ltd,Inactive,South,11321,5321433.26,1505847.13,3887003.11,1335230.06,2485092.17,1130880.22,29146.11,INR 30 to 40 lacs,More than 30%,EBITDA -ve,More than 20%,63.93337230954776,29.093885134555503,2.1828530433174937,INR 35 to 45 lacs,Var 2-3%,High Profit
2024-01-01,Mumbai,Williams Ltd,Inactive,South,13640,6417108.77,1200659.95,5282952.74,1757645.13,3427137.76,2114240.8,24303.37,More than 40 lacs,0% to 10%,EBITDA +ve,10% to 20%,64.87163388858936,40.02005893393625,1.3827233714691884,Above INR 45 lacs,Var <2%,High Profit
2024-02-01,Mumbai,Williams Ltd,Inactive,South,11786,4950420.18,822294.41,4189360.75,1925755.06,2163676.8,692003.51,27499.57,More than 40 lacs,10% to 20%,EBITDA +ve,10% to 20%,51.64694398781484,16.51811699434096,1.4279889779959867,INR 35 to 45 lacs,Var <2%,Moderate Profit
2024-03-01,Mumbai,Williams Ltd,Inactive,South,9695,3821831.33,868886.18,3043177.4,1246770.32,1737306.57,464379.97,15701.3,INR 30 to 40 lacs,10% to 20%,EBITDA +ve,More than 20%,57.08857360730926,15.259707501771011,1.259357858310262,INR 25 to 35 lacs,Var <2%,Moderate Profit
2023-10-01,Ahmedabad,"Baker, Baker and Horn",Active,East,7804,3291792.25,679017.46,2702309.68,1106467.19,1494898.38,134829.84,28662.03,More than 40 lacs,More than 30%,EBITDA -ve,0% to 10%,55.319284501841395,4.989429634874416,2.590409391172277,INR 25 to 35 lacs,Var 2-3%,Low Profit
2023-11-01,Ahmedabad,"Baker, Baker and Horn",Active,East,9312,4090222.35,890226.42,3291135.44,1509198.59,1647719.01,146327.37,22784.47,INR 20 to 30 lacs,10% to 20%,EBITDA -ve,10% to 20%,50.06536619471365,4.446105991918704,1.509706552270235,INR 25 to 35 lacs,Var <2%,Low Profit
2023-12-01,Ahmedabad,"Baker, Baker and Horn",Active,East,14904,6963466.66,1395447.29,5633702.42,2384590.6,3113041.5,1709729.19,29120.22,More than 40 lacs,0% to 10%,EBITDA -ve,10% to 20%,55.257471338005104,30.348233941685542,1.2211832085557999,Above INR 45 lacs,Var <2%,High Profit
2024-01-01,Ahmedabad,"Baker, Baker and Horn",Active,East,12562,6224875.56,1274800.17,5012229.98,1900885.98,2999535.35,1595597.47,27085.34,INR 20 to 30 lacs,More than 30%,EBITDA +ve,More than 20%,59.84432801305737,31.83408335943914,1.4248797815847956,Above INR 45 lacs,Var <2%,High Profit
2024-02-01,Ahmedabad,"Baker, Baker and Horn",Active,East,9914,4677672.51,925967.52,3852377.9,1266067.04,2460617.79,1158526.49,12811.9,More than 40 lacs,0% to 10%,EBITDA +ve,10% to 20%,63.872700287269325,30.073022950318556,1.011944833505815,INR 35 to 45 lacs,Var <2%,High Profit
2024-03-01,Ahmedabad,"Baker, Baker and Horn",Active,East,7470,2294589.76,383172.32,1994697.59,700437.13,1223296.29,-275220.23,18390.3,INR 20 to 30 lacs,More than 30%,EBITDA +ve,More than 20%,61.32740602549182,-13.797591744220233,2.6255461357395484,INR 15 to 25 lacs,Var 2-3%,Loss Making
2023-10-01,Bangalore,Cain-Gonzalez,Active,South,9313,4066160.22,846742.88,3273811.9,1178077.35,1973987.07,707672.11,11238.41,INR 30 to 40 lacs,10% to 20%,EBITDA -ve,More than 20%,60.29628855585747,21.6161505796958,0.953961978812342,INR 25 to 35 lacs,Var <2%,High Profit
2023-11-01,Bangalore,Cain-Gonzalez,Active,South,14688,6550826.06,1302649.82,5373026.59,1710127.27,3525665.36,2186735.42,10919.99,More than 40 lacs,10% to 20%,EBITDA -ve,0% to 10%,65.61786547942619,40.69839192811439,0.6385483812558582,Above INR 45 lacs,Var <2%,High Profit
2023-12-01,Bangalore,Cain-Gonzalez,Active,South,11005,4837422.13,1170839.79,3798498.68,1289424.31,2458931.49,1219341.57,24896.75,INR 20 to 30 lacs,10% to 20%,EBITDA -ve,10% to 20%,64.73429892043558,32.10061850014912,1.9308422996926433,INR 35 to 45 lacs,Var <2%,High Profit
2024-01-01,Bangalore,Cain-Gonzalez,Active,South,9147,4543195.08,800345.56,3840069.9,1206591.27,2581774.94,1278928.01,14202.4,INR 30 to 40 lacs,More than 30%,EBITDA +ve,10% to 20%,67.23249855425809,33.304810675451506,1.1770680223801055,INR 35 to 45 lacs,Var <2%,High Profit
2024-02-01,Bangalore,Cain-Gonzalez,Active,South,10274,3146786.08,642020.14,2630980.08,772156.09,1755003.56,260516.63,26847.7,More than 40 lacs,More than 30%,EBITDA -ve,10% to 20%,66.70531538193934,9.901885308078805,3.4769783399623257,INR 25 to 35 lacs,Var 3-5%,Low Profit
2024-03-01,Bangalore,Cain-Gonzalez,Active,South,7385,3105860.99,643448.77,2548548.68,1041004.98,1440436.26,272163.44,24649.97,More than 40 lacs,10% to 20%,EBITDA +ve,0% to 10%,56.519864474395675,10.679154066619594,2.3679012563417325,INR 25 to 35 lacs,Var 2-3%,Moderate Profit
2023-10-01,Bangalore,"Clark, Thomas and Rodriguez",Active,West,10266,4982383.08,914249.39,4113500.28,1865162.86,2182488.51,874621.09,28298.24,INR 30 to 40 lacs,0% to 10%,EBITDA -ve,0% to 10%,53.05672447893938,21.262210537639735,1.517199414961544,INR 35 to 45 lacs,Var <2%,High Profit
2023-11-01,Bangalore,"Clark, Thomas and Rodriguez",Active,West,8987,3864562.08,1134292.66,2819192.13,879420.99,1889418.75,309350.11,17453.32,INR 20 to 30 lacs,0% to 10%,EBITDA -ve,0% to 10%,67.01986465888723,10.97300558937074,1.9846376420922134,INR 25 to 35 lacs,Var <2%,Moderate Profit
2023-12-01,Bangalore,"Clark, Thomas and Rodriguez",Active,West,10186,3077705.54,586504.61,2505947.54,774184.37,1637750.59,400846.59,18336.45,More than 40 lacs,0% to 10%,EBITDA -ve,0% to 10%,65.35454409392784,15.995809313709735,2.3684862043908224,INR 25 to 35 lacs,Var 2-3%,Moderate Profit
2024-01-01,Bangalore,"Clark, Thomas and Rodriguez",Active,West,13542,6700574.79,1821048.46,4973690.69,1480577.27,3368412.89,1865226.43,12425.91,INR 20 to 30 lacs,More than 30%,EBITDA +ve,10% to 20%,67.72461538013333,37.501858202605675,0.8392611619655623,Above INR 45 lacs,Var <2%,High Profit
2024-02-01,Bangalore,"Clark, Thomas and Rodriguez",Active,West,9665,4190401.58,804831.67,3479325.97,1347776.09,2020766.71,593823.7,13867.65,INR 30 to 40 lacs,More than 30%,EBITDA +ve,10% to 20%,58.07925809262419,17.06720511731759,1.028928328888814,INR 25 to 35 lacs,Var <2%,Moderate Profit
2024-03-01,Bangalore,"Clark, Thomas and Rodriguez",Active,West,13948,6241941.75,1281219.29,5022266.53,2177672.92,2735053.08,1438095.21,29100.41,INR 30 to 40 lacs,10% to 20%,EBITDA -ve,More than 20%,54.458541052380184,28.634386514727645,1.3363076581766926,Above INR 45 lacs,Var <2%,High Profit
2023-10-01,Ahmedabad,Mosley PLC,Active,East,11434,4919382.66,1382419.54,3652312.81,1249420.5,2336661.72,938744.57,27075.66,INR 20 to 30 lacs,0% to 10%,EBITDA +ve,More than 20%,63.977590134181305,25.702742860078292,2.167057447832815,INR 35 to 45 lacs,Var 2-3%,High Profit
2023-11-01,Ahmedabad,Mosley PLC,Active,East,7529,3444413.55,661982.95,2882555.04,981952.59,1807065.33,539812.82,21406.42,More than 40 lacs,10% to 20%,EBITDA -ve,More than 20%,62.68970773928396,18.726886824683145,2.1799850846159483,INR 25 to 35 lacs,Var 2-3%,Moderate Profit
2023-12-01,Ahmedabad,Mosley PLC,Active,East,10953,3579930.88,781776.5,2839480.33,1099630.45,1686152.19,557127.0,29495.42,INR 30 to 40 lacs,More than 30%,EBITDA -ve,10% to 20%,59.38242192366234,19.62073813696748,2.6823029500501736,INR 25 to 35 lacs,Var 2-3%,Moderate Profit
2024-01-01,Ahmedabad,Mosley PLC,Active,East,13223,5337764.48,1216683.77,4217918.06,1703987.17,2417201.44,1051220.84,19164.35,More than 40 lacs,More than 30%,EBITDA -ve,10% to 20%,57.30792788326477,24.92274209802929,1.1246768953078443,INR 35 to 45 lacs,Var <2%,High Profit
2024-02-01,Ahmedabad,Mosley PLC,Active,East,7369,3168477.49,612574.93,2649209.91,828100.93,1753371.63,357573.09,24852.43,INR 30 to 40 lacs,More than 30%,EBITDA +ve,10% to 20%,66.18469995078645,13.497348347153057,3.001135380925125,INR 25 to 35 lacs,Var 3-5%,Moderate Profit
2024-03-01,Ahmedabad,Mosley PLC,Active,East,9544,3389385.93,754361.54,2713250.38,1055193.93,1520366.29,262042.83,15297.32,INR 20 to 30 lacs,10% to 20%,EBITDA +ve,10% to 20%,56.034868776098726,9.657893423016862,1.4497164516478975,INR 25 to 35 lacs,Var <2%,Low Profit
2023-10-01,Mumbai,Ballard-Johnson,Active,East,14452,6457674.32,1120812.4,5410179.06,1832110.1,3437014.0,2071176.92,10954.02,INR 20 to 30 lacs,10% to 20%,EBITDA -ve,10% to 20%,63.528655186506896,38.282964335010384,0.5978909236950334,Above INR 45 lacs,Var <2%,High Profit
2023-11-01,Mumbai,Ballard-Johnson,Active,East,10272,4538441.22,932792.25,3714643.13,1291591.23,2287249.47,967806.1,29517.91,INR 20 to 30 lacs,More than 30%,EBITDA +ve,More than 20%,61.5738683355028,26.053810988836496,2.2853910211205135,INR 35 to 45 lacs,Var 2-3%,High Profit
2023-12-01,Mumbai,Ballard-Johnson,Active,East,14665,5070279.04,1260669.36,3896820.1,1239605.43,2526473.66,1278822.06,12259.49,More than 40 lacs,10% to 20%,EBITDA +ve,0% to 10%,64.83423907611234,32.81706692079524,0.9889832444506151,INR 35 to 45 lacs,Var <2%,High Profit
2024-01-01,Mumbai,Ballard-Johnson,Active,East,10587,3373373.8,680763.52,2773357.92,1043741.52,1640326.45,270830.52,25985.59,More than 40 lacs,More than 30%,EBITDA +ve,0% to 10%,59.14586206745359,9.765436983337514,2.4896575926192916,INR 25 to 35 lacs,Var 2-3%,Low Profit
2024-02-01,Mumbai,Ballard-Johnson,Active,East,11598,3488215.26,988876.04,2582029.92,1001779.16,1511173.58,208743.7,15140.64,INR 20 to 30 lacs,0% to 10%,EBITDA +ve,10% to 20%,58.526571218043834,8.084480291382526,1.5113750220158302,INR 25 to 35 lacs,Var <2%,Low Profit
2024-03-01,Mumbai,Ballard-Johnson,Active,East,9749,3599579.78,1060815.49,2601358.01,836638.91,1644779.95,305373.16,16951.03,More than 40 lacs,0% to 10%,EBITDA -ve,10% to 20%,63.22774272811454,11.738990128467554,2.026086737945286,INR 25 to 35 lacs,Var 2-3%,Moderate Profit
2023-10-01,Mumbai,Edwards-Jackson,Active,South,14272,5132040.74,1395267.69,3885986.21,1613642.85,2177041.94,817295.2,28574.06,More than 40 lacs,More than 30%,EBITDA +ve,More than 20%,56.02289412138701,21.031860532515886,1.7707796988658302,INR 35 to 45 lacs,Var <2%,High Profit
2023-11-01,Mumbai,Edwards-Jackson,Active,South,7009,3219973.83,557150.83,2767979.0,1273559.59,1398049.37,-19920.82,28011.35,INR 30 to 40 lacs,10% to 20%,EBITDA +ve,10% to 20%,50.50794713399199,-0.719688263530901,2.199453423298394,INR 25 to 35 lacs,Var 2-3%,Loss Making
2023-12-01,Mumbai,Edwards-Jackson,Active,South,14932,5834256.02,1469778.12,4454014.15,1978037.9,2399635.67,963021.49,17592.32,INR 30 to 40 lacs,More than 30%,EBITDA +ve,More than 20%,53.87579808205144,21.621428616251702,0.8893823520772783,INR 35 to 45 lacs,Var <2%,High Profit
2024-01-01,Mumbai,Edwards-Jackson,Active,South,14630,6871664.57,1755523.34,5183072.27,1689235.2,3437208.95,1944639.36,27212.55,INR 30 to 40 lacs,0% to 10%,EBITDA +ve,10% to 20%,66.31605293051413,37.51904775196199,1.610939080596947,Above INR 45 lacs,Var <2%,High Profit
2024-02-01,Mumbai,Edwards-Jackson,Active,South,11983,4384349.08,1242925.67,3234468.54,1104515.87,2052064.46,597447.27,28224.54,INR 30 to 40 lacs,0% to 10%,EBITDA -ve,10% to 20%,63.44363640030952,18.471265452469048,2.5553765922801994,INR 25 to 35 lacs,Var 2-3%,Moderate Profit
2024-03-01,Mumbai,Edwards-Jackson,Active,South,12649,5864653.21,1630258.69,4307855.78,1940673.93,2238619.15,978667.48,22476.49,INR 20 to 30 lacs,0% to 10%,EBITDA -ve,More than 20%,51.96597250059285,22.718204368485146,1.1581796226839614,INR 35 to 45 lacs,Var <2%,High Profit
2023-10-01,Mumbai,Frank PLC,Inactive,North,8339,3030534.08,873457.44,2231566.5,918605.69,1255329.34,-182784.31,28618.86,More than 40 lacs,More than 30%,EBITDA +ve,More than 20%,56.25327947878767,-8.190852031521354,3.115467312204435,INR 15 to 25 lacs,Var 3-5%,Loss Making
2023-11-01,Mumbai,Frank PLC,Inactive,North,13041,3932012.36,740879.86,3329192.97,1314338.42,1928490.44,573428.53,29821.33,More than 40 lacs,10% to 20%,EBITDA -ve,More than 20%,57.92666443123,17.2242502963113,2.268923250375653,INR 25 to 35 lacs,Var 2-3%,Moderate Profit
2023-12-01,Mumbai,Frank PLC,Inactive,North,13356,4878997.57,887003.66,4030520.24,1228753.48,2709280.86,1361254.09,21100.69,INR 20 to 30 lacs,More than 30%,EBITDA -ve,0% to 10%,67.21913546326714,33.773657218999595,1.7172435597089826,INR 35 to 45 lacs,Var <2%,High Profit
2024-01-01,Mumbai,Frank PLC,Inactive,North,8698,2980215.42,627411.2,2434104.91,900011.77,1429773.84,173386.77,22801.41,INR 20 to 30 lacs,More than 30%,EBITDA +ve,10% to 20%,58.739203644266915,7.1232250215542265,2.5334568680140706,INR 15 to 25 lacs,Var 2-3%,Low Profit
2024-02-01,Mumbai,Frank PLC,Inactive,North,8359,2653264.1,769649.15,2001517.75,773013.59,1170683.78,-168462.36,12332.23,INR 20 to 30 lacs,10% to 20%,EBITDA +ve,10% to 20%,58.48980255108904,-8.416730753449475,1.5953445268665976,INR 15 to 25 lacs,Var <2%,Loss Making
2024-03-01,Mumbai,Frank PLC,Inactive,North,11932,4497121.93,777612.54,3807905.46,1775912.02,1922831.06,536032.17,15513.26,INR 30 to 40 lacs,0% to 10%,EBITDA -ve,0% to 10%,50.49576677252906,14.076824533348578,0.8735376429289555,INR 35 to 45 lacs,Var <2%,Moderate Profit
2023-10-01,Hyderabad,Frazier Inc,Active,South,14092,6292038.37,1100633.35,5263801.41,2081624.28,3125809.66,1618758.38,11299.03,INR 30 to 40 lacs,0% to 10%,EBITDA +ve,0% to 10%,59.383122890268766,30.752649158167987,0.5427987225437244,Above INR 45 lacs,Var <2%,High Profit
2023-11-01,Hyderabad,Frazier Inc,Active,South,12028,3618499.31,689852.55,3015377.61,1016595.17,1868464.09,596186.67,21732.07,More than 40 lacs,10% to 20%,EBITDA +ve,More than 20%,61.96451428847746,19.771542642713992,2.137730990793513,INR 25 to 35 lacs,Var 2-3%,Moderate Profit
2023-12-01,Hyderabad,Frazier Inc,Active,South,12440,4046699.27,926230.16,3215046.88,1441585.75,1665837.77,327100.78,12231.09,INR 30 to 40 lacs,0% to 10%,EBITDA -ve,10% to 20%,51.81379408066361,10.174059421491236,0.8484469272812942,INR 25 to 35 lacs,Var <2%,Moderate Profit
2024-01-01,Hyderabad,Frazier Inc,Active,South,9579,3166486.94,567554.49,2719567.59,1066669.02,1517945.15,215111.89,24738.91,More than 40 lacs,More than 30%,EBITDA +ve,More than 20%,55.81568024201965,7.909782819554782,2.3192676956156464,INR 25 to 35 lacs,Var 2-3%,Low Profit
2024-02-01,Hyderabad,Frazier Inc,Active,South,8340,2907737.48,837047.64,2160497.92,824738.45,1209412.31,-161365.2,18927.63,INR 30 to 40 lacs,10% to 20%,EBITDA +ve,More than 20%,55.978406588792275,-7.468889393793077,2.2949857618497114,INR 15 to 25 lacs,Var 2-3%,Loss Making
2024-03-01,Hyderabad,Frazier Inc,Active,South,14878,4466411.99,938221.37,3588805.9,1585525.04,1903761.84,565903.55,24051.22,INR 30 to 40 lacs,10% to 20%,EBITDA -ve,10% to 20%,53.04722219722164,15.768575001506772,1.516924639676457,INR 35 to 45 lacs,Var <2%,Moderate Profit
2023-10-01,Ahmedabad,Jacobson-Terrell,Inactive,East,8859,3200170.56,800801.14,2460583.9,863562.49,1496619.54,78854.15,14080.02,INR 30 to 40 lacs,10% to 20%,EBITDA -ve,More than 20%,60.823755694735716,3.204692593493764,1.6304575711712537,INR 15 to 25 lacs,Var <2%,Low Profit
2023-11-01,Ahmedabad,Jacobson-Terrell,Inactive,East,10420,4134288.39,691782.37,3525013.11,1694182.32,1694273.66,292485.09,21915.99,INR 20 to 30 lacs,0% to 10%,EBITDA -ve,More than 20%,48.0643222345349,8.297418502366932,1.293602804212949,INR 35 to 45 lacs,Var <2%,Low Profit
2023-12-01,Ahmedabad,Jacobson-Terrell,Inactive,East,13069,6147053.55,1300819.08,4920171.03,2310486.45,2460121.22,1113286.23,20176.45,INR 30 to 40 lacs,10% to 20%,EBITDA -ve,0% to 10%,50.00072568615567,22.62698233886394,0.8732554999402832,Above INR 45 lacs,Var <2%,High Profit
2024-01-01,Ahmedabad,Jacobson-Terrell,Inactive,East,8993,3701519.91,780926.26,2985257.62,1248402.45,1592115.37,370858.16,25180.31,More than 40 lacs,10% to 20%,EBITDA -ve,0% to 10%,53.33259546290012,12.422986797367255,2.017002610015705,INR 25 to 35 lacs,Var 2-3%,Moderate Profit
2024-02-01,Ahmedabad,Jacobson-Terrell,Inactive,East,7179,2799345.25,538463.86,2316673.31,856502.23,1398781.56,28004.0,12816.11,More than 40 lacs,More than 30%,EBITDA +ve,0% to 10%,60.378886999824765,1.2088022890029324,1.4963311887699349,INR 15 to 25 lacs,Var <2%,Low Profit
2024-03-01,Ahmedabad,Jacobson-Terrell,Inactive,East,10040,3586898.5,802506.45,2893932.07,1308536.3,1490531.98,140359.14,24585.96,INR 20 to 30 lacs,10% to 20%,EBITDA -ve,More than 20%,51.505423898909974,4.850118682986226,1.8788901767570376,INR 25 to 35 lacs,Var <2%,Low Profit
2023-10-01,Mumbai,"Bishop, Meadows and Sharp",Inactive,West,13890,4537882.33,1141142.89,3460562.91,1660674.86,1719706.53,417397.1,27905.29,INR 20 to 30 lacs,0% to 10%,EBITDA -ve,More than 20%,49.69441604516301,12.061537699368104,1.6803584297048972,INR 25 to 35 lacs,Var <2%,Moderate Profit
2023-11-01,Mumbai,"Bishop, Meadows and Sharp",Inactive,West,12239,4963651.41,899647.65,4170472.98,1638315.56,2462129.82,1053042.11,21245.04,INR 30 to 40 lacs,10% to 20%,EBITDA +ve,More than 20%,59.03718431476326,25.249944431962252,1.2967611685260438,INR 35 to 45 lacs,Var <2%,High Profit
2023-12-01,Mumbai,"Bishop, Meadows and Sharp",Inactive,West,11265,3757202.47,1033615.1,2791443.37,1176588.31,1547776.34,216808.91,22515.89,INR 30 to 40 lacs,More than 30%,EBITDA +ve,0% to 10%,55.447169612471846,7.766910564264823,1.9136591625663861,INR 25 to 35 lacs,Var <2%,Low Profit
2024-01-01,Mumbai,"Bishop, Meadows and Sharp",Inactive,West,14876,4600229.66,760271.04,3926631.2,1197970.72,2618076.94,1307607.46,16175.35,INR 20 to 30 lacs,10% to 20%,EBITDA -ve,More than 20%,66.67488762377276,33.3010001041096,1.3502291608596244,INR 35 to 45 lacs,Var <2%,High Profit
2024-02-01,Mumbai,"Bishop, Meadows and Sharp",Inactive,West,14511,5026036.91,888129.6,4233637.24,1571920.55,2565162.52,1217522.76,17514.93,INR 30 to 40 lacs,0% to 10%,EBITDA -ve,More than 20%,60.59004053923146,28.758315627439067,1.1142376120726967,INR 35 to 45 lacs,Var <2%,High Profit
2024-03-01,Mumbai,"Bishop, Meadows and Sharp",Inactive,West,9854,3986125.13,939367.83,3136357.77,1206319.05,1860948.15,477512.77,21303.32,INR 30 to 40 lacs,10% to 20%,EBITDA -ve,0% to 10%,59.33468967731956,15.225073318086412,1.7659772512089567,INR 25 to 35 lacs,Var <2%,Moderate Profit
2023-10-01,Ahmedabad,Smith Ltd,Active,West,10533,4907444.8,1196442.24,3781222.92,1565778.43,2094006.57,671480.31,29075.07,INR 30 to 40 lacs,10% to 20%,EBITDA -ve,0% to 10%,55.37908275452853,17.758284137344646,1.8569083238680202,INR 35 to 45 lacs,Var <2%,Moderate Profit
2023-11-01,Ahmedabad,Smith Ltd,Active,West,11872,4413593.8,675553.34,3791830.69,1481772.8,2238240.87,812506.89,23917.24,More than 40 lacs,More than 30%,EBITDA -ve,10% to 20%,59.02797495422983,21.42782619864285,1.6140963041027614,INR 35 to 45 lacs,Var <2%,High Profit
2023-12-01,Ahmedabad,Smith Ltd,Active,West,8637,2952244.16,458092.03,2626918.01,872427.12,1637693.01,192514.76,18949.16,INR 20 to 30 lacs,10% to 20%,EBITDA +ve,0% to 10%,62.342753133737894,7.328540870599917,2.1720049234599674,INR 25 to 35 lacs,Var 2-3%,Low Profit
2024-01-01,Ahmedabad,Smith Ltd,Active,West,14444,7026178.9,1120035.54,6013015.47,1775318.83,4172729.98,2834680.28,25404.48,INR 20 to 30 lacs,10% to 20%,EBITDA -ve,0% to 10%,69.39496498584596,47.142407900706765,1.4309812733749914,Above INR 45 lacs,Var <2%,High Profit
2024-02-01,Ahmedabad,Smith Ltd,Active,West,13399,6317354.99,1431008.42,4977712.07,1567868.13,3325825.2,1914148.1,27796.12,More than 40 lacs,More than 30%,EBITDA -ve,More than 20%,66.81433464270262,38.45437568669977,1.7728608336467686,Above INR 45 lacs,Var <2%,High Profit
2024-03-01,Ahmedabad,Smith Ltd,Active,West,11917,5397429.17,1202323.81,4280840.46,1320646.79,2826584.68,1536384.53,13633.28,INR 30 to 40 lacs,More than 30%,EBITDA -ve,10% to 20%,66.02873212425207,35.88978716576604,1.0323184142218678,INR 35 to 45 lacs,Var <2%,High Profit
2023-10-01,Bangalore,Daniel-Rice,Inactive,West,10374,4727000.21,1005093.46,3803412.97,1596666.62,2105700.41,684604.4,23773.37,More than 40 lacs,More than 30%,EBITDA +ve,10% to 20%,55.36344400697566,17.999738797756688,1.48893762180611,INR 35 to 45 lacs,Var <2%,Moderate Profit
2023-11-01,Bangalore,Daniel-Rice,Inactive,West,8556,3708637.84,701237.3,3083496.76,1005765.76,1958053.35,558799.74,29900.99,INR 20 to 30 lacs,More than 30%,EBITDA +ve,0% to 10%,63.501067210461414,18.122274271499478,2.972957639758983,INR 25 to 35 lacs,Var 2-3%,Moderate Profit
2023-12-01,Bangalore,Daniel-Rice,Inactive,West,13052,5985470.16,1666324.88,4454592.61,1498939.23,2879892.86,1575501.26,27772.25,INR 30 to 40 lacs,10% to 20%,EBITDA +ve,10% to 20%,64.64997166149385,35.368021229667505,1.8527935919056573,INR 35 to 45 lacs,Var <2%,High Profit
2024-01-01,Bangalore,Daniel-Rice,Inactive,West,13496,5595529.59,1427321.17,4227878.66,1882064.44,2289428.69,1071524.57,19061.13,INR 20 to 30 lacs,0% to 10%,EBITDA -ve,10% to 20%,54.15076623793171,25.344260234753285,1.01277775589873,INR 35 to 45 lacs,Var <2%,High Profit
2024-02-01,Bangalore,Daniel-Rice,Inactive,West,7207,3351981.44,521017.14,2923988.93,1121942.53,1726597.59,406177.09,20793.82,INR 30 to 40 lacs,More than 30%,EBITDA -ve,0% to 10%,59.04938874033289,13.891197939658412,1.853376571792853,INR 25 to 35 lacs,Var <2%,Moderate Profit
2024-03-01,Bangalore,Daniel-Rice,Inactive,West,12531,4368251.23,1068018.4,3414125.09,1315543.88,1981806.23,601269.74,23771.37,INR 30 to 40 lacs,10% to 20%,EBITDA +ve,More than 20%,58.04726475326656,17.611239311679704,1.8069613915120792,INR 25 to 35 lacs,Var <2%,Moderate Profit
2023-10-01,Pune,"Lang, Riddle and Foster",Active,South,8851,2797461.69,582469.28,2283453.55,1014914.85,1213347.0,-127081.41,28435.21,More than 40 lacs,0% to 10%,EBITDA -ve,10% to 20%,53.13648705488229,-5.565316185214279,2.8017335641507266,INR 15 to 25 lacs,Var 2-3%,Loss Making
2023-11-01,Pune,"Lang, Riddle and Foster",Active,South,14380,5161782.61,829409.44,4457056.63,1503533.06,2811022.6,1294211.8,24166.63,More than 40 lacs,10% to 20%,EBITDA -ve,More than 20%,63.06903486662677,29.03736495715111,1.6073228213551887,INR 35 to 45 lacs,Var <2%,High Profit
2023-12-01,Pune,"Lang, Riddle and Foster",Active,South,14182,6036463.49,1531924.21,4559476.92,2164873.59,2285055.09,943611.18,21509.78,More than 40 lacs,More than 30%,EBITDA -ve,0% to 10%,50.11660613910948,20.695601634934917,0.9935813388531383,Above INR 45 lacs,Var <2%,High Profit
2024-01-01,Pune,"Lang, Riddle and Foster",Active,South,9856,3571161.15,643173.23,3033412.84,1075776.19,1841188.05,339311.52,18758.36,More than 40 lacs,More than 30%,EBITDA -ve,0% to 10%,60.69691621665319,11.185800875030253,1.7437047012538918,INR 25 to 35 lacs,Var <2%,Moderate Profit
2024-02-01,Pune,"Lang, Riddle and Foster",Active,South,7886,3247594.7,666455.25,2670986.45,1125033.43,1427695.92,91911.72,13724.88,INR 20 to 30 lacs,0% to 10%,EBITDA -ve,10% to 20%,53.45200908825276,3.4411151730103313,1.2199530817497575,INR 25 to 35 lacs,Var <2%,Low Profit
2024-03-01,Pune,"Lang, Riddle and Foster",Active,South,8724,3091389.49,496410.89,2649962.86,880104.63,1681248.4,249541.63,26706.83,INR 30 to 40 lacs,10% to 20%,EBITDA -ve,0% to 10%,63.44422502585565,9.416797260320848,3.0345062495580786,INR 25 to 35 lacs,Var 3-5%,Low Profit
2023-10-01,Ahmedabad,Morris-Hamilton,Active,South,13075,4558350.83,1074969.12,3533325.19,1409922.69,2013515.13,663243.8,12137.3,More than 40 lacs,0% to 10%,EBITDA +ve,More than 20%,56.986408601694535,18.7710942054558,0.8608486185863141,INR 35 to 45 lacs,Var <2%,Moderate Profit
2023-11-01,Ahmedabad,Morris-Hamilton,Active,South,12088,4900228.2,1067535.57,3917945.16,1328165.42,2515239.59,1059701.12,28562.1,More than 40 lacs,More than 30%,EBITDA +ve,10% to 20%,64.19792741560477,27.047369902441414,2.150492669806145,INR 35 to 45 lacs,Var 2-3%,High Profit
2023-12-01,Ahmedabad,Morris-Hamilton,Active,South,12370,4780833.41,1203363.29,3671496.71,1295752.38,2252593.59,974477.51,16783.87,INR 30 to 40 lacs,0% to 10%,EBITDA +ve,0% to 10%,61.35355055241217,26.541696397162234,1.2952991836295142,INR 35 to 45 lacs,Var <2%,High Profit
2024-01-01,Ahmedabad,Morris-Hamilton,Active,South,13447,5465689.6,1172640.74,4382386.0,1815664.57,2422979.62,1060464.02,15571.54,INR 20 to 30 lacs,10% to 20%,EBITDA -ve,10% to 20%,55.28905075910703,24.198325295854815,0.8576220661727183,INR 35 to 45 lacs,Var <2%,High Profit
2024-02-01,Ahmedabad,Morris-Hamilton,Active,South,8773,3330909.9,993187.93,2382247.88,734736.85,1502161.85,-17926.12,22971.94,More than 40 lacs,10% to 20%,EBITDA +ve,10% to 20%,63.056488059504545,-0.7524876042706353,3.1265534048006436,INR 15 to 25 lacs,Var 3-5%,Loss Making
2024-03-01,Ahmedabad,Morris-Hamilton,Active,South,12432,4224627.35,808065.74,3488408.27,1146879.13,2275992.87,872021.3,12490.05,More than 40 lacs,More than 30%,EBITDA -ve,0% to 10%,65.24445230718364,24.997684689011475,1.0890467594436042,INR 25 to 35 lacs,Var <2%,High Profit
2023-10-01,Mumbai,Wells-Hopkins,Active,West,12500,5115830.89,951911.56,4212747.15,1787182.53,2354439.78,1017802.26,17891.48,INR 20 to 30 lacs,0% to 10%,EBITDA +ve,More than 20%,55.88846650813115,24.16006049639129,1.0010997589597073,INR 35 to 45 lacs,Var <2%,High Profit
2023-11-01,Mumbai,Wells-Hopkins,Active,West,9851,3002693.46,550912.47,2496917.39,1005401.1,1343114.97,-79312.27,21131.2,INR 20 to 30 lacs,10% to 20%,EBITDA +ve,0% to 10%,53.79092537779153,-3.1764074501479604,2.101768140098514,INR 15 to 25 lacs,Var 2-3%,Loss Making
2023-12-01,Mumbai,Wells-Hopkins,Active,West,7659,3614533.78,714700.53,2993777.02,882971.66,2025250.64,705369.65,20060.32,INR 20 to 30 lacs,0% to 10%,EBITDA -ve,More than 20%,67.6486801278206,23.561195282339366,2.271909836834401,INR 25 to 35 lacs,Var 2-3%,High Profit
2024-01-01,Mumbai,Wells-Hopkins,Active,West,7117,2260264.08,411800.26,1897398.9,862698.02,962620.22,-449035.19,27565.19,INR 20 to 30 lacs,0% to 10%,EBITDA +ve,10% to 20%,50.73367650840316,-23.665829573317453,3.195230470101229,INR 15 to 25 lacs,Var 3-5%,Loss Making
2024-02-01,Mumbai,Wells-Hopkins,Active,West,7590,3216108.37,557152.86,2779485.77,1006808.31,1653942.91,312842.65,25433.03,INR 30 to 40 lacs,0% to 10%,EBITDA +ve,0% to 10%,59.50535627314976,11.25541470212312,2.5261044974887024,INR 25 to 35 lacs,Var 2-3%,Moderate Profit
2024-03-01,Mumbai,Wells-Hopkins,Active,West,12585,5667642.49,1661630.65,4082057.79,1781187.06,2207818.82,767428.6,23599.45,INR 20 to 30 lacs,More than 30%,EBITDA +ve,10% to 20%,54.08592757820805,18.800042514831716,1.3249282194987426,INR 35 to 45 lacs,Var <2%,Moderate Profit
2023-10-01,Ahmedabad,"Moore, Rodriguez and Martinez",Active,East,8967,3950645.61,996820.12,3033134.45,1388582.43,1571314.12,266448.44,25361.31,INR 20 to 30 lacs,10% to 20%,EBITDA +ve,0% to 10%,51.80496103626398,8.78459047537441,1.8264173197121616,INR 25 to 35 lacs,Var <2%,Low Profit
2023-11-01,Ahmedabad,"Moore, Rodriguez and Martinez",Active,East,14188,5515716.97,957387.49,4670902.69,2059202.73,2518341.72,1202668.33,13002.08,INR 20 to 30 lacs,More than 30%,EBITDA +ve,More than 20%,53.91552526648762,25.748092174448615,0.6314133043131698,Above INR 45 lacs,Var <2%,High Profit
2023-12-01,Ahmedabad,"Moore, Rodriguez and Martinez",Active,East,13202,4200475.91,898982.67,3402170.42,1247449.03,2054564.63,665393.19,29878.32,INR 20 to 30 lacs,0% to 10%,EBITDA -ve,0% to 10%,60.389821095440595,19.557902981238666,2.3951535719259005,INR 25 to 35 lacs,Var 2-3%,Moderate Profit
2024-01-01,Ahmedabad,"Moore, Rodriguez and Martinez",Active,East,10995,4869945.78,948417.74,3994402.34,1392123.96,2474901.44,1117574.14,27428.46,INR 20 to 30 lacs,0% to 10%,EBITDA -ve,More than 20%,61.95924269361408,27.97850704243278,1.9702598897874009,INR 35 to 45 lacs,Var <2%,High Profit
2024-02-01,Ahmedabad,"Moore, Rodriguez and Martinez",Active,East,12570,4992458.33,989894.7,4089647.91,1412798.37,2567617.77,1119520.3,29834.2,INR 30 to 40 lacs,10% to 20%,EBITDA +ve,More than 20%,62.783345327153114,27.374491023115972,2.111709684376264,INR 35 to 45 lacs,Var 2-3%,High Profit
2024-03-01,Ahmedabad,"Moore, Rodriguez and Martinez",Active,East,9297,2921968.94,468336.95,2556308.09,821196.01,1589205.28,190460.59,28113.73,More than 40 lacs,More than 30%,EBITDA +ve,More than 20%,62.16798695809784,7.450611714020747,3.4235103017609645,INR 25 to 35 lacs,Var 3-5%,Low Profit
2023-10-01,Hyderabad,"Woodard, Dominguez and Miller",Active,West,9775,4886325.84,1071626.28,3918118.49,1479069.59,2385498.0,1115013.64,15297.22,More than 40 lacs,0% to 10%,EBITDA +ve,More than 20%,60.883763625025026,28.45788464146218,1.0342461303663204,INR 35 to 45 lacs,Var <2%,High Profit
2023-11-01,Hyderabad,"Woodard, Dominguez and Miller",Active,West,14709,4948863.99,1096269.28,3942894.0,1649452.66,2237926.86,924440.33,11269.53,INR 20 to 30 lacs,10% to 20%,EBITDA +ve,More than 20%,56.75848399678003,23.445731231932687,0.6832284595545774,INR 35 to 45 lacs,Var <2%,High Profit
2023-12-01,Hyderabad,"Woodard, Dominguez and Miller",Active,West,10283,4031400.06,1168481.65,2964520.2,1007053.03,1827380.17,452799.66,25989.08,INR 20 to 30 lacs,More than 30%,EBITDA +ve,0% to 10%,61.64168387181169,15.273961027487685,2.5807062017379563,INR 25 to 35 lacs,Var 2-3%,Moderate Profit
2024-01-01,Hyderabad,"Woodard, Dominguez and Miller",Active,West,10441,3243248.81,858735.81,2528664.23,1052478.58,1397269.83,230922.01,18234.16,More than 40 lacs,More than 30%,EBITDA -ve,10% to 20%,55.257230810751025,9.132173708962538,1.7324970167088813,INR 25 to 35 lacs,Var <2%,Low Profit
2024-02-01,Hyderabad,"Woodard, Dominguez and Miller",Active,West,14999,5382090.36,944317.73,4569743.01,1487563.09,2967310.56,1567690.49,20235.08,More than 40 lacs,More than 30%,EBITDA +ve,10% to 20%,64.93386068990344,34.305878614386245,1.3602838182816166,Above INR 45 lacs,Var <2%,High Profit
2024-03-01,Hyderabad,"Woodard, Dominguez and Miller",Active,West,7519,2357024.66,636907.67,1858033.46,594110.45,1144280.52,-243526.01,11670.29,More than 40 lacs,0% to 10%,EBITDA +ve,10% to 20%,61.58557123077859,-13.106653633675682,1.964330033245502,INR 15 to 25 lacs,Var <2%,Loss Making
2023-10-01,Bangalore,"Fox, Smith and Curtis",Active,North,11375,4700099.3,890904.46,3955901.08,1629760.45,2208210.08,836393.8,25110.94,More than 40 lacs,0% to 10%,EBITDA -ve,0% to 10%,55.82065970163238,21.14294020719042,1.5407749034528355,INR 35 to 45 lacs,Var <2%,High Profit
2023-11-01,Bangalore,"Fox, Smith and Curtis",Active,North,10075,4993437.22,1047010.39,4030198.57,1798192.1,2149011.71,954896.32,18885.05,INR 30 to 40 lacs,0% to 10%,EBITDA -ve,0% to 10%,53.32272523733241,23.693530316547157,1.0502242780401492,INR 35 to 45 lacs,Var <2%,High Profit
2023-12-01,Bangalore,"Fox, Smith and Curtis",Active,North,7408,3246887.95,766842.17,2595025.82,1185133.09,1308074.08,-99883.18,27835.73,More than 40 lacs,0% to 10%,EBITDA -ve,10% to 20%,50.40697745350372,-3.8490245156790004,2.348742958480722,INR 25 to 35 lacs,Var 2-3%,Loss Making
2024-01-01,Bangalore,"Fox, Smith and Curtis",Active,North,10742,4578018.36,1342702.37,3334341.36,1588742.43,1668498.43,332727.27,24148.86,More than 40 lacs,10% to 20%,EBITDA +ve,0% to 10%,50.03982045797495,9.978800430919287,1.5199984304567231,INR 25 to 35 lacs,Var <2%,Low Profit
2024-02-01,Bangalore,"Fox, Smith and Curtis",Active,North,9213,3650470.16,811834.9,2945147.66,1284670.29,1527184.99,75740.16,14850.4,INR 30 to 40 lacs,10% to 20%,EBITDA +ve,10% to 20%,51.85427578867132,2.571693128622284,1.155969754698694,INR 25 to 35 lacs,Var <2%,Low Profit
2024-03-01,Bangalore,"Fox, Smith and Curtis",Active,North,11992,4620669.75,1251876.26,3441711.93,1480392.2,1893721.33,569221.43,29315.08,INR 30 to 40 lacs,10% to 20%,EBITDA -ve,More than 20%,55.02265641389691,16.53890394016794,1.9802238893179798,INR 25 to 35 lacs,Var <2%,Moderate Profit
2023-10-01,Bangalore,Miller-Salazar,Inactive,South,8677,2764940.89,762014.03,2081544.74,897306.54,1071221.65,-282941.82,22928.88,INR 30 to 40 lacs,10% to 20%,EBITDA +ve,0% to 10%,51.4628213083712,-13.592877182164242,2.5553006668156013,INR 15 to 25 lacs,Var 2-3%,Loss Making
2023-11-01,Bangalore,Miller-Salazar,Inactive,South,13962,5833436.29,1102656.64,4824486.01,1483128.58,3246465.1,1705028.5,13440.68,INR 30 to 40 lacs,More than 30%,EBITDA -ve,0% to 10%,67.29141909150236,35.34114300395702,0.9062383519033798,Above INR 45 lacs,Var <2%,High Profit
2023-12-01,Bangalore,Miller-Salazar,Inactive,South,7669,2528305.26,479515.33,2085916.71,770418.64,1264261.38,-151383.27,29571.58,INR 20 to 30 lacs,More than 30%,EBITDA -ve,More than 20%,60.60938933654738,-7.257397635977517,3.8383780537812537,INR 15 to 25 lacs,Var 3-5%,Loss Making
2024-01-01,Bangalore,Miller-Salazar,Inactive,South,13776,4863535.95,1348426.75,3555813.0,1519582.54,1955782.35,561665.36,16079.71,INR 20 to 30 lacs,10% to 20%,EBITDA -ve,More than 20%,55.002396076509086,15.795694542991995,1.058166277693609,INR 35 to 45 lacs,Var <2%,Moderate Profit
2024-02-01,Bangalore,Miller-Salazar,Inactive,South,12912,6099032.61,947221.45,5247249.08,2130822.39,3020042.01,1647472.0,18541.95,More than 40 lacs,More than 30%,EBITDA +ve,0% to 10%,57.55476753544926,31.39687052934792,0.870178109964388,Above INR 45 lacs,Var <2%,High Profit
2024-03-01,Bangalore,Miller-Salazar,Inactive,South,8724,3773340.8,734224.98,3108034.93,1482655.21,1506240.54,34569.89,23836.92,INR 20 to 30 lacs,10% to 20%,EBITDA -ve,More than 20%,48.462793177166766,1.1122748224711876,1.6077183582014325,INR 25 to 35 lacs,Var <2%,Low Profit
2023-10-01,Hyderabad,Ballard Ltd,Active,West,8227,2930696.38,609241.14,2462233.72,699661.45,1662309.5,251535.67,23598.95,INR 20 to 30 lacs,10% to 20%,EBITDA +ve,10% to 20%,67.51225468555437,10.215751167602399,3.37290985518782,INR 15 to 25 lacs,Var 3-5%,Moderate Profit
2023-11-01,Hyderabad,Ballard Ltd,Active,West,11476,4966237.82,1264826.71,3778472.52,1293315.68,2349356.31,1118735.7,15934.73,INR 20 to 30 lacs,More than 30%,EBITDA -ve,0% to 10%,62.17740892819832,29.608147050914635,1.2320835698829538,INR 35 to 45 lacs,Var <2%,High Profit
2023-12-01,Hyderabad,Ballard Ltd,Active,West,9490,4556265.6,709908.05,3907578.87,1387653.77,2392538.52,874151.35,14495.63,INR 20 to 30 lacs,10% to 20%,EBITDA -ve,10% to 20%,61.22815686123311,22.37066426761592,1.0446143204727503,INR 35 to 45 lacs,Var <2%,High Profit
2024-01-01,Hyderabad,Ballard Ltd,Active,West,8673,4193875.54,1108317.94,3175205.56,1222455.39,1815769.77,621081.52,28794.64,More than 40 lacs,More than 30%,EBITDA -ve,More than 20%,57.18589665105021,19.560356275012317,2.3554757282390484,INR 25 to 35 lacs,Var 2-3%,Moderate Profit
2024-02-01,Hyderabad,Ballard Ltd,Active,West,7705,3021856.5,770908.47,2353745.23,803573.16,1408469.49,199344.84,23733.16,INR 30 to 40 lacs,10% to 20%,EBITDA -ve,More than 20%,59.839504804859445,8.469261560649025,2.9534535474032007,INR 15 to 25 lacs,Var 2-3%,Low Profit
2024-03-01,Hyderabad,Ballard Ltd,Active,West,8928,3130660.44,636882.98,2593732.7,1187223.64,1270464.33,-201377.68,12691.5,More than 40 lacs,10% to 20%,EBITDA -ve,More than 20%,48.982084005803685,-7.764010532002777,1.069006678472137,INR 25 to 35 lacs,Var <2%,Loss Making
2023-10-01,Mumbai,Long Group,Inactive,South,11709,5008717.69,838105.04,4256690.94,1807447.07,2307635.6,899762.15,19816.47,INR 20 to 30 lacs,0% to 10%,EBITDA -ve,10% to 20%,54.211960241586155,21.137596379031454,1.0963789938258055,INR 35 to 45 lacs,Var <2%,High Profit
2023-11-01,Mumbai,Long Group,Inactive,South,13770,5572162.92,858109.02,4789372.59,1414176.15,3308817.71,2014867.67,17138.98,INR 30 to 40 lacs,0% to 10%,EBITDA +ve,0% to 10%,69.0866631865031,42.069553623933025,1.2119409594059412,Above INR 45 lacs,Var <2%,High Profit
2023-12-01,Mumbai,Long Group,Inactive,South,9177,3828611.39,659308.02,3238568.79,1188171.05,1983552.44,642200.65,13625.36,INR 20 to 30 lacs,More than 30%,EBITDA +ve,0% to 10%,61.24780940657432,19.82976714846931,1.1467507140491262,INR 25 to 35 lacs,Var <2%,Moderate Profit
2024-01-01,Mumbai,Long Group,Inactive,South,13051,5925568.01,1026993.52,5014457.03,2307014.79,2636498.82,1241923.48,14668.97,INR 30 to 40 lacs,More than 30%,EBITDA +ve,0% to 10%,52.57795219355982,24.766858556568387,0.6358420441682561,Above INR 45 lacs,Var <2%,High Profit
2024-02-01,Mumbai,Long Group,Inactive,South,9585,3296691.27,575891.38,2850826.4,938030.98,1792897.02,254895.48,16629.76,INR 30 to 40 lacs,More than 30%,EBITDA -ve,0% to 10%,62.890431350011355,8.94110844490566,1.7728369696275916,INR 25 to 35 lacs,Var <2%,Low Profit
2024-03-01,Mumbai,Long Group,Inactive,South,8092,3956112.27,733970.27,3300615.26,1402382.36,1799877.25,475671.95,10049.9,INR 30 to 40 lacs,More than 30%,EBITDA +ve,0% to 10%,54.531567850777016,14.411614578792198,0.716630520081556,INR 25 to 35 lacs,Var <2%,Moderate Profit
2023-10-01,Hyderabad,Ballard-Jones,Inactive,North,13663,4843143.39,1222574.22,3727137.34,1609310.61,2043799.19,716669.57,13903.08,INR 20 to 30 lacs,10% to 20%,EBITDA -ve,10% to 20%,54.83562862215322,19.228418612553728,0.8639152636916996,INR 35 to 45 lacs,Var <2%,Moderate Profit
2023-11-01,Hyderabad,Ballard-Jones,Inactive,North,12499,4343086.01,1223757.79,3198574.45,1158578.4,1950551.73,491448.81,28155.14,More than 40 lacs,10% to 20%,EBITDA -ve,More than 20%,60.98190804969382,15.364620010642552,2.4301454264985436,INR 25 to 35 lacs,Var 2-3%,Moderate Profit
2023-12-01,Hyderabad,Ballard-Jones,Inactive,North,7370,2692613.77,669483.99,2146231.08,905744.88,1137592.59,-186678.57,24392.57,More than 40 lacs,0% to 10%,EBITDA +ve,10% to 20%,53.0041988768516,-8.697971608909885,2.6930949916051414,INR 15 to 25 lacs,Var 2-3%,Loss Making
2024-01-01,Hyderabad,Ballard-Jones,Inactive,North,11487,4875181.11,1090281.63,3845702.37,1485556.7,2273224.9,801655.06,16215.08,INR 20 to 30 lacs,10% to 20%,EBITDA -ve,10% to 20%,59.11078604868738,20.845478481476974,1.0915153894832825,INR 35 to 45 lacs,Var <2%,High Profit
2024-02-01,Hyderabad,Ballard-Jones,Inactive,North,10636,3253926.5,493637.39,2867303.87,1289854.68,1499635.82,-22541.01,26437.63,INR 30 to 40 lacs,10% to 20%,EBITDA -ve,0% to 10%,52.3012519074234,-0.7861395590415744,2.049659578705409,INR 25 to 35 lacs,Var 2-3%,Loss Making
2024-03-01,Hyderabad,Ballard-Jones,Inactive,North,8703,2860560.93,550982.68,2373825.61,950952.06,1290561.52,-138949.27,13378.04,INR 20 to 30 lacs,0% to 10%,EBITDA -ve,More than 20%,54.36631547672957,-5.8533899632163795,1.4068048814153682,INR 15 to 25 lacs,Var <2%,Loss Making
2023-10-01,Pune,Nguyen-Ramirez,Inactive,North,7402,2407386.53,674035.2,1814081.88,588838.91,1107248.05,-336873.52,16593.49,INR 20 to 30 lacs,10% to 20%,EBITDA -ve,10% to 20%,61.03627748048507,-18.56991813401499,2.8180016160956485,INR 15 to 25 lacs,Var 2-3%,Loss Making
2023-11-01,Pune,Nguyen-Ramirez,Inactive,North,12461,4789760.69,937777.45,3941169.45,1230481.3,2569237.69,1156795.75,28987.79,INR 20 to 30 lacs,More than 30%,EBITDA -ve,More than 20%,65.18972915513693,29.35158624047489,2.355809064306788,INR 35 to 45 lacs,Var 2-3%,High Profit
2023-12-01,Pune,Nguyen-Ramirez,Inactive,North,7197,3528403.13,529592.95,3119826.26,1372633.25,1627934.95,264481.78,26868.72,More than 40 lacs,More than 30%,EBITDA -ve,10% to 20%,52.180307950866464,8.47745220273901,1.9574580464228153,INR 25 to 35 lacs,Var <2%,Low Profit
2024-01-01,Pune,Nguyen-Ramirez,Inactive,North,9862,4686906.05,1298641.87,3488010.76,1019955.62,2330566.61,1027228.92,12538.7,More than 40 lacs,0% to 10%,EBITDA +ve,10% to 20%,66.81649714864986,29.45027956278438,1.2293378019722074,INR 25 to 35 lacs,Var <2%,High Profit
2024-02-01,Pune,Nguyen-Ramirez,Inactive,North,9765,3037598.43,723916.38,2384727.38,718786.49,1603094.03,224444.54,15561.81,INR 30 to 40 lacs,10% to 20%,EBITDA -ve,More than 20%,67.22336663908308,9.41174835674508,2.1650114764956143,INR 15 to 25 lacs,Var 2-3%,Low Profit
2024-03-01,Pune,Nguyen-Ramirez,Inactive,North,12785,4528735.63,802640.08,3818919.67,1521404.62,2196537.62,894401.0,24150.91,More than 40 lacs,10% to 20%,EBITDA -ve,10% to 20%,57.51725120732901,23.420262202058836,1.587408746004728,INR 35 to 45 lacs,Var <2%,High Profit
2023-10-01,Ahmedabad,"Myers, Washington and Reeves",Active,West,9914,4708206.16,1070375.09,3722791.44,1685770.02,1896490.31,502208.24,10275.02,INR 20 to 30 lacs,10% to 20%,EBITDA -ve,More than 20%,50.942695570397035,13.49009870937062,0.6095149325291714,INR 35 to 45 lacs,Var <2%,Moderate Profit
2023-11-01,Ahmedabad,"Myers, Washington and Reeves",Active,West,12920,6212063.85,1524369.95,4781247.26,1439931.64,3218470.3,2023878.81,12589.89,More than 40 lacs,0% to 10%,EBITDA -ve,10% to 20%,67.31445007928747,42.3295157088362,0.8743394235020768,Above INR 45 lacs,Var <2%,High Profit
2023-12-01,Ahmedabad,"Myers, Washington and Reeves",Active,West,12039,4129817.73,668088.07,3517366.12,1060722.62,2324782.89,1141495.82,20383.93,INR 20 to 30 lacs,10% to 20%,EBITDA -ve,10% to 20%,66.09442437001695,32.453141954980794,1.921702207123668,INR 35 to 45 lacs,Var <2%,High Profit
2024-01-01,Ahmedabad,"Myers, Washington and Reeves",Active,West,8998,2704554.74,439959.96,2389812.64,988530.52,1302161.45,-475.18,13464.48,INR 30 to 40 lacs,10% to 20%,EBITDA +ve,More than 20%,54.488014173362146,-0.01988356710675026,1.3620702373458333,INR 15 to 25 lacs,Var <2%,Loss Making
2024-02-01,Ahmedabad,"Myers, Washington and Reeves",Active,West,8315,2548163.86,727545.13,1902583.48,876409.65,954392.71,-293038.11,18241.76,INR 20 to 30 lacs,0% to 10%,EBITDA +ve,More than 20%,50.16298732920775,-15.402115758936368,2.0814193453940173,INR 15 to 25 lacs,Var 2-3%,Loss Making
2024-03-01,Ahmedabad,"Myers, Washington and Reeves",Active,West,14568,5347001.14,900505.11,4520736.47,1746550.95,2660446.97,1155379.88,23495.45,INR 30 to 40 lacs,More than 30%,EBITDA +ve,More than 20%,58.849857487932724,25.557337563629318,1.3452484738564312,Above INR 45 lacs,Var <2%,High Profit
2023-10-01,Ahmedabad,"Washington, Wilson and Henry",Active,East,7456,2819438.41,555568.35,2379480.43,924476.78,1391551.27,235286.9,16858.93,INR 30 to 40 lacs,0% to 10%,EBITDA +ve,More than 20%,58.48130761890737,9.888162854106767,1.8236185445349964,INR 15 to 25 lacs,Var <2%,Low Profit
2023-11-01,Ahmedabad,"Washington, Wilson and Henry",Active,East,13513,5294406.95,1036904.26,4327091.02,1288581.52,2957097.64,1606205.48,25926.63,INR 30 to 40 lacs,0% to 10%,EBITDA -ve,More than 20%,68.33915964171237,37.11975256762683,2.0120286995889867,INR 35 to 45 lacs,Var 2-3%,High Profit
2023-12-01,Ahmedabad,"Washington, Wilson and Henry",Active,East,7178,2963862.22,653147.94,2435019.23,790296.62,1556625.87,259197.29,27856.38,INR 30 to 40 lacs,More than 30%,EBITDA -ve,10% to 20%,63.92663560197018,10.644568503058599,3.5248005995521026,INR 15 to 25 lacs,Var 3-5%,Moderate Profit
2024-01-01,Ahmedabad,"Washington, Wilson and Henry",Active,East,13736,4495549.25,908969.9,3690626.88,1671443.86,1906412.22,534831.53,14029.8,INR 20 to 30 lacs,More than 30%,EBITDA -ve,More than 20%,51.65551224728521,14.49161747827513,0.8393820657548139,INR 35 to 45 lacs,Var <2%,Moderate Profit
2024-02-01,Ahmedabad,"Washington, Wilson and Henry",Active,East,14556,5490499.93,1328899.67,4184888.76,1599514.31,2467009.78,1191028.81,24925.42,INR 20 to 30 lacs,10% to 20%,EBITDA -ve,More than 20%,58.95042667753013,28.46022626417435,1.5583117852818709,INR 35 to 45 lacs,Var <2%,High Profit
2024-03-01,Ahmedabad,"Washington, Wilson and Henry",Active,East,14101,6754513.09,1195169.88,5641988.75,1966389.91,3590018.11,2281691.57,12792.31,INR 30 to 40 lacs,10% to 20%,EBITDA +ve,10% to 20%,63.63036633137561,40.441264084406406,0.6505479882166402,Above INR 45 lacs,Var <2%,High Profit
2023-10-01,Ahmedabad,Cannon-Mills,Inactive,South,7570,2412620.32,458686.97,2027096.65,808068.24,1112648.44,-331809.54,11587.75,INR 30 to 40 lacs,More than 30%,EBITDA -ve,0% to 10%,54.888771090416434,-16.368708418515713,1.4340063656010043,INR 15 to 25 lacs,Var <2%,Loss Making
2023-11-01,Ahmedabad,Cannon-Mills,Inactive,South,12617,5633034.57,1611494.98,4104479.82,1409362.41,2598418.49,1244087.24,12696.83,More than 40 lacs,10% to 20%,EBITDA -ve,10% to 20%,63.30688915410481,30.310472814067822,0.9008917727555967,INR 35 to 45 lacs,Var <2%,High Profit
2023-12-01,Ahmedabad,Cannon-Mills,Inactive,South,13981,4963641.39,1002371.35,4089102.87,1765924.65,2198834.15,744972.33,10229.87,INR 20 to 30 lacs,10% to 20%,EBITDA +ve,More than 20%,53.773021122356845,18.218478568136387,0.5792925536205636,INR 35 to 45 lacs,Var <2%,Moderate Profit
2024-01-01,Ahmedabad,Cannon-Mills,Inactive,South,13371,6212223.35,1050579.1,5250784.74,2280918.57,2885225.77,1513672.32,29577.2,INR 20 to 30 lacs,10% to 20%,EBITDA -ve,0% to 10%,54.948467950335356,28.827544737627157,1.2967231881495884,Above INR 45 lacs,Var <2%,High Profit
2024-02-01,Ahmedabad,Cannon-Mills,Inactive,South,11209,4731160.22,1407141.08,3373670.75,1330155.66,1946274.29,579273.35,14261.16,INR 30 to 40 lacs,More than 30%,EBITDA -ve,0% to 10%,57.69010772613184,17.170417415510983,1.072142188230812,INR 25 to 35 lacs,Var <2%,Moderate Profit
2024-03-01,Ahmedabad,Cannon-Mills,Inactive,South,12155,5599102.69,1260187.45,4423363.58,1945492.56,2416135.42,1198178.58,13210.61,More than 40 lacs,More than 30%,EBITDA +ve,More than 20%,54.622130338198424,27.08749932783052,0.6790367782234027,INR 35 to 45 lacs,Var <2%,High Profit
2023-10-01,Hyderabad,Higgins Inc,Inactive,West,10558,4629650.18,757272.1,3951967.95,1414230.75,2470056.32,1124959.86,10796.62,INR 30 to 40 lacs,0% to 10%,EBITDA -ve,10% to 20%,62.50193198049594,28.465814354592627,0.7634270432883743,INR 35 to 45 lacs,Var <2%,High Profit
2023-11-01,Hyderabad,Higgins Inc,Inactive,West,14167,6940459.67,1976039.68,5060810.91,1941795.92,2986545.66,1643018.71,16286.42,INR 20 to 30 lacs,10% to 20%,EBITDA +ve,More than 20%,59.01318411440114,32.46552260534863,0.8387297466357845,Above INR 45 lacs,Var <2%,High Profit
2023-12-01,Hyderabad,Higgins Inc,Inactive,West,10530,3802034.8,969351.45,2928574.69,1131179.33,1746950.56,507387.89,20986.1,INR 30 to 40 lacs,More than 30%,EBITDA -ve,10% to 20%,59.651903909611406,17.32542085173863,1.8552407601012295,INR 25 to 35 lacs,Var <2%,Moderate Profit
2024-01-01,Hyderabad,Higgins Inc,Inactive,West,11665,4101823.59,1032823.36,3181712.44,1088348.16,2007600.16,564655.93,20234.89,More than 40 lacs,More than 30%,EBITDA -ve,0% to 10%,63.098101976808444,17.74691901446631,1.859229495090983,INR 25 to 35 lacs,Var <2%,Moderate Profit
2024-02-01,Hyderabad,Higgins Inc,Inactive,West,9865,3404232.31,744936.51,2755928.63,1285869.05,1329342.35,-121619.92,15908.65,INR 30 to 40 lacs,10% to 20%,EBITDA -ve,More than 20%,48.23573206973796,-4.4130286494393,1.2371905210721106,INR 25 to 35 lacs,Var <2%,Loss Making
2024-03-01,Hyderabad,Higgins Inc,Inactive,West,14359,5139010.05,1416630.37,3765039.8,1160882.63,2462863.99,1079212.66,25518.16,More than 40 lacs,10% to 20%,EBITDA +ve,0% to 10%,65.41402271497901,28.664043870133852,2.1981688191854505,INR 35 to 45 lacs,Var 2-3%,High Profit
2023-10-01,Hyderabad,Anderson-Parker,Inactive,South,11979,4129944.29,1174249.4,3016581.9,1229600.95,1713973.5,208577.54,21050.27,INR 20 to 30 lacs,More than 30%,EBITDA -ve,10% to 20%,56.81839767055554,6.914366886574504,1.711959477584984,INR 25 to 35 lacs,Var <2%,Low Profit
2023-11-01,Hyderabad,Anderson-Parker,Inactive,South,7257,3072290.24,489291.05,2674492.57,1263992.92,1349795.18,38181.23,19100.23,More than 40 lacs,More than 30%,EBITDA -ve,More than 20%,50.46920657551126,1.4276065085497698,1.5111026096570226,INR 25 to 35 lacs,Var <2%,Low Profit
2023-12-01,Hyderabad,Anderson-Parker,Inactive,South,14143,6992857.7,1695552.02,5406891.29,2167412.1,3098670.08,1689889.09,10999.06,More than 40 lacs,More than 30%,EBITDA +ve,More than 20%,57.30964270968355,31.254356697080922,0.5074743284860317,Above INR 45 lacs,Var <2%,High Profit
2024-01-01,Hyderabad,Anderson-Parker,Inactive,South,7209,2649743.7,479003.5,2210185.67,1059278.02,1068197.47,-398079.96,25188.98,INR 20 to 30 lacs,10% to 20%,EBITDA -ve,0% to 10%,48.33066671724462,-18.011154691813744,2.37793851325264,INR 15 to 25 lacs,Var 2-3%,Loss Making
2024-02-01,Hyderabad,Anderson-Parker,Inactive,South,10488,3467100.25,825897.48,2780464.04,980416.04,1661379.28,375711.77,18489.55,INR 20 to 30 lacs,0% to 10%,EBITDA -ve,10% to 20%,59.75187077046319,13.512556342933319,1.885888158255754,INR 25 to 35 lacs,Var <2%,Moderate Profit
2024-03-01,Hyderabad,Anderson-Parker,Inactive,South,7210,2715674.23,466457.66,2304129.82,947645.3,1259829.06,-96295.54,10951.46,INR 30 to 40 lacs,10% to 20%,EBITDA +ve,More than 20%,54.67699992702669,-4.179258441262655,1.1556496929811184,INR 15 to 25 lacs,Var <2%,Loss Making
2023-10-01,Pune,Meadows-Rangel,Inactive,North,11276,4302920.26,1104262.94,3288437.52,1468828.68,1705118.38,510703.45,21932.62,INR 30 to 40 lacs,More than 30%,EBITDA +ve,10% to 20%,51.85193179525576,15.530276822775091,1.4932047759307097,INR 25 to 35 lacs,Var <2%,Moderate Profit
2023-11-01,Pune,Meadows-Rangel,Inactive,North,10989,4052749.61,690222.48,3460196.69,1473687.71,1935713.97,579713.07,19260.01,More than 40 lacs,More than 30%,EBITDA +ve,10% to 20%,55.94231031993734,16.753760607753197,1.3069261465171613,INR 25 to 35 lacs,Var <2%,Moderate Profit
2023-12-01,Pune,Meadows-Rangel,Inactive,North,12907,5371937.18,1458346.71,4052667.05,1700548.43,2282430.32,939615.67,15344.23,INR 20 to 30 lacs,0% to 10%,EBITDA +ve,0% to 10%,56.31921625537928,23.185118797262167,0.9023106739747483,INR 35 to 45 lacs,Var <2%,High Profit
2024-01-01,Pune,Meadows-Rangel,Inactive,North,14083,4651202.12,1109169.99,3612520.43,1553248.4,1921536.52,564114.52,29278.24,INR 20 to 30 lacs,0% to 10%,EBITDA -ve,10% to 20%,53.19102153838892,15.615538539667165,1.8849683025586896,INR 35 to 45 lacs,Var <2%,Moderate Profit
2024-02-01,Pune,Meadows-Rangel,Inactive,North,9756,3472988.6,834567.66,2725558.51,828502.22,1827230.63,327481.97,18743.61,INR 30 to 40 lacs,More than 30%,EBITDA -ve,10% to 20%,67.04059455322425,12.015224358548076,2.262348796120305,INR 25 to 35 lacs,Var 2-3%,Moderate Profit
2024-03-01,Pune,Meadows-Rangel,Inactive,North,13823,6556280.03,1860782.56,4807913.3,2110551.28,2586858.73,1101870.55,25692.41,More than 40 lacs,0% to 10%,EBITDA +ve,0% to 10%,53.80418839915437,22.917853988756413,1.2173317106040658,Above INR 45 lacs,Var <2%,High Profit
2023-10-01,Mumbai,Thompson-Reese,Active,South,8075,3784616.91,1012100.56,2839459.4,1095896.49,1610164.75,142074.48,16428.81,INR 30 to 40 lacs,10% to 20%,EBITDA +ve,More than 20%,56.70673614843727,5.003574976278935,1.4991205966906602,INR 25 to 35 lacs,Var <2%,Low Profit
2023-11-01,Mumbai,Thompson-Reese,Active,South,14381,5909285.73,1523315.26,4489067.58,2079661.6,2335541.48,1011533.79,24297.62,INR 20 to 30 lacs,More than 30%,EBITDA -ve,0% to 10%,52.0273183323295,22.533271597573055,1.168344888418385,INR 35 to 45 lacs,Var <2%,High Profit
2023-12-01,Mumbai,Thompson-Reese,Active,South,8781,3335380.79,638526.5,2756690.8,1069430.3,1619778.2,341899.01,21157.88,INR 20 to 30 lacs,0% to 10%,EBITDA -ve,More than 20%,58.75806601161073,12.4025157264645,1.9784253354332675,INR 25 to 35 lacs,Var <2%,Moderate Profit
2024-01-01,Mumbai,Thompson-Reese,Active,South,7256,2828081.09,736380.51,2200533.02,922663.12,1205897.1,-48606.56,21277.72,INR 30 to 40 lacs,0% to 10%,EBITDA -ve,10% to 20%,54.80022744671198,-2.208853925763859,2.3061201362421424,INR 15 to 25 lacs,Var 2-3%,Loss Making
2024-02-01,Mumbai,Thompson-Reese,Active,South,11320,4935074.47,1059249.99,3951934.45,1174398.49,2643669.05,1232536.3,13229.34,More than 40 lacs,More than 30%,EBITDA +ve,10% to 20%,66.89556933314013,31.188176716848126,1.1264779470212023,INR 35 to 45 lacs,Var <2%,High Profit
2024-03-01,Mumbai,Thompson-Reese,Active,South,12816,5433197.01,983083.25,4528674.33,1829504.56,2610477.16,1292214.08,19565.46,More than 40 lacs,0% to 10%,EBITDA +ve,0% to 10%,57.643296244709205,28.53404740190271,1.0694403516545483,Above INR 45 lacs,Var <2%,High Profit
2023-10-01,Hyderabad,"Nelson, Leonard and Mccoy",Inactive,West,13626,6218342.05,1816998.42,4457857.93,1927258.31,2436637.58,1043999.75,28460.08,INR 30 to 40 lacs,0% to 10%,EBITDA +ve,More than 20%,54.65938166405407,23.41931408298604,1.4767133109416974,INR 35 to 45 lacs,Var <2%,High Profit
2023-11-01,Hyderabad,"Nelson, Leonard and Mccoy",Inactive,West,13494,5673516.97,1523060.5,4230023.39,1675752.25,2433297.5,1210363.53,14154.74,INR 20 to 30 lacs,10% to 20%,EBITDA -ve,More than 20%,57.52444550903536,28.61363681490187,0.8446797550174854,INR 35 to 45 lacs,Var <2%,High Profit
2023-12-01,Hyderabad,"Nelson, Leonard and Mccoy",Inactive,West,11555,5064150.18,1138296.14,4033029.74,1363229.34,2586275.55,1235621.87,16728.63,More than 40 lacs,10% to 20%,EBITDA +ve,10% to 20%,64.12736123289781,30.63755909719624,1.2271324794109846,INR 35 to 45 lacs,Var <2%,High Profit
2024-01-01,Hyderabad,"Nelson, Leonard and Mccoy",Inactive,West,7407,2371408.19,408170.42,2028072.51,936166.65,962110.98,-321595.12,19971.28,INR 20 to 30 lacs,0% to 10%,EBITDA +ve,0% to 10%,47.43967364362135,-15.857180569939286,2.133303936857823,INR 15 to 25 lacs,Var 2-3%,Loss Making
2024-02-01,Hyderabad,"Nelson, Leonard and Mccoy",Inactive,West,11047,3903513.25,704838.51,3289902.8,1244891.59,1917189.1,482881.52,16845.09,INR 20 to 30 lacs,10% to 20%,EBITDA -ve,10% to 20%,58.27494660328567,14.677683486575956,1.3531371032878452,INR 25 to 35 lacs,Var <2%,Moderate Profit
2024-03-01,Hyderabad,"Nelson, Leonard and Mccoy",Inactive,West,9972,4171048.9,700839.15,3586655.3,1444619.99,2031402.05,633372.72,11749.21,INR 30 to 40 lacs,More than 30%,EBITDA +ve,10% to 20%,56.63778311788145,17.65914667071575,0.8133080035809278,INR 35 to 45 lacs,Var <2%,Moderate Profit
2023-10-01,Hyderabad,"Johnson, Daniel and King",Active,East,10156,3514134.04,827747.47,2808960.83,899703.7,1851666.57,407310.07,28554.63,INR 30 to 40 lacs,More than 30%,EBITDA -ve,10% to 20%,65.91998543461357,14.500382691345681,3.173781546080115,INR 25 to 35 lacs,Var 3-5%,Moderate Profit
2023-11-01,Hyderabad,"Johnson, Daniel and King",Active,East,11630,5440346.17,1374707.3,4147414.41,1258587.59,2761379.87,1343366.36,10450.71,More than 40 lacs,0% to 10%,EBITDA -ve,0% to 10%,66.58075603300998,32.39045408052194,0.8303522204600792,INR 35 to 45 lacs,Var <2%,High Profit
2023-12-01,Hyderabad,"Johnson, Daniel and King",Active,East,9834,3290653.63,710636.06,2660727.81,1025641.54,1519010.13,-17269.04,18119.28,INR 30 to 40 lacs,10% to 20%,EBITDA -ve,10% to 20%,57.09002342483126,-0.6490344459548458,1.7666289140355995,INR 25 to 35 lacs,Var <2%,Loss Making
2024-01-01,Hyderabad,"Johnson, Daniel and King",Active,East,12376,5990399.87,1128362.68,4967192.23,1786696.61,3112035.68,1915979.77,18142.46,INR 20 to 30 lacs,More than 30%,EBITDA +ve,More than 20%,62.651806813605035,38.57269220281414,1.015419176286454,Above INR 45 lacs,Var <2%,High Profit
2024-02-01,Hyderabad,"Johnson, Daniel and King",Active,East,7432,3484433.45,943513.53,2635211.11,903678.67,1658404.54,369769.75,23039.72,More than 40 lacs,0% to 10%,EBITDA +ve,10% to 20%,62.93251169542921,14.031883388651925,2.549547838724577,INR 25 to 35 lacs,Var 2-3%,Moderate Profit
2024-03-01,Hyderabad,"Johnson, Daniel and King",Active,East,10062,3216173.85,893511.45,2408243.15,1087568.32,1211294.76,-252717.63,17022.14,More than 40 lacs,10% to 20%,EBITDA -ve,More than 20%,50.29785966587303,-10.493858562413019,1.5651559251008709,INR 15 to 25 lacs,Var <2%,Loss Making
2023-10-01,Mumbai,Hess-Morales,Active,West,10286,3959815.0,830002.57,3215864.75,1184805.94,1928105.75,586729.17,10510.49,INR 30 to 40 lacs,10% to 20%,EBITDA +ve,10% to 20%,59.95605847540697,18.244833524171067,0.8871064572819412,INR 25 to 35 lacs,Var <2%,Moderate Profit
2023-11-01,Mumbai,Hess-Morales,Active,West,13237,5396881.56,1080450.9,4348434.0,2066174.17,2180618.19,868228.08,13696.96,INR 30 to 40 lacs,10% to 20%,EBITDA +ve,0% to 10%,50.14720678754696,19.966454130383486,0.66291410467105,INR 35 to 45 lacs,Var <2%,Moderate Profit
2023-12-01,Mumbai,Hess-Morales,Active,West,10964,3336689.44,666344.97,2772817.38,1271879.07,1417569.28,90119.39,20281.73,INR 30 to 40 lacs,0% to 10%,EBITDA +ve,10% to 20%,51.12378803684504,3.250101887344633,1.594627231345194,INR 25 to 35 lacs,Var <2%,Low Profit
2024-01-01,Mumbai,Hess-Morales,Active,West,12319,3922459.67,815888.1,3139377.0,1326298.44,1723948.7,273252.67,27078.7,More than 40 lacs,10% to 20%,EBITDA -ve,0% to 10%,54.913720142563314,8.704041279527754,2.0416747229228442,INR 25 to 35 lacs,Var 2-3%,Low Profit
2024-02-01,Mumbai,Hess-Morales,Active,West,11896,5100376.37,1392647.72,3803957.55,1284638.24,2391053.88,1203865.8,26720.73,INR 30 to 40 lacs,0% to 10%,EBITDA -ve,10% to 20%,62.85700743427066,31.647719097180783,2.0800198194318114,INR 35 to 45 lacs,Var 2-3%,High Profit
2024-03-01,Mumbai,Hess-Morales,Active,West,14922,5323700.4,1391986.64,4005187.61,1375382.14,2560161.2,1296146.36,10050.85,More than 40 lacs,10% to 20%,EBITDA -ve,More than 20%,63.92113052601799,32.36168904457387,0.7307678141000146,INR 35 to 45 lacs,Var <2%,High Profit
2023-10-01,Bangalore,Peterson-Gross,Active,West,7066,3040999.93,674055.06,2410390.32,921263.55,1339177.47,-8975.82,10216.85,More than 40 lacs,10% to 20%,EBITDA +ve,10% to 20%,55.55853169871675,-0.3723803537345769,1.1090040412431383,INR 15 to 25 lacs,Var <2%,Loss Making
2023-11-01,Bangalore,Peterson-Gross,Active,West,8982,3897244.76,790218.36,3158515.62,1175555.48,1839578.41,514854.5,29176.73,INR 30 to 40 lacs,More than 30%,EBITDA -ve,10% to 20%,58.24186520882236,16.300520939009953,2.481952616987503,INR 25 to 35 lacs,Var 2-3%,Moderate Profit
2023-12-01,Bangalore,Peterson-Gross,Active,West,8896,3947804.48,1145297.61,2875097.85,1133517.82,1610172.27,109614.62,27713.75,More than 40 lacs,0% to 10%,EBITDA +ve,More than 20%,56.00408591311074,3.8125526753811174,2.4449328904242544,INR 25 to 35 lacs,Var 2-3%,Low Profit
2024-01-01,Bangalore,Peterson-Gross,Active,West,14539,5306330.27,1305972.02,4084463.39,1533771.72,2458630.32,993338.79,28342.97,More than 40 lacs,0% to 10%,EBITDA -ve,More than 20%,60.194695979390325,24.319933737978737,1.8479262350723225,INR 35 to 45 lacs,Var <2%,High Profit
2024-02-01,Bangalore,Peterson-Gross,Active,West,14344,5215403.15,835246.3,4483261.71,1618867.72,2791204.59,1309443.6,18328.02,INR 20 to 30 lacs,0% to 10%,EBITDA -ve,0% to 10%,62.25834605582282,29.207387047676946,1.1321505626166912,INR 35 to 45 lacs,Var <2%,High Profit
2024-03-01,Bangalore,Peterson-Gross,Active,West,12006,3694335.56,738429.54,3042012.23,1248518.06,1663957.78,470339.34,24689.4,More than 40 lacs,10% to 20%,EBITDA -ve,More than 20%,54.69924688632827,15.4614546043426,1.9774964248414635,INR 25 to 35 lacs,Var <2%,Moderate Profit
2023-10-01,Ahmedabad,"Wilson, Nelson and Hall",Active,West,10443,5053600.65,1143400.83,3963387.92,1417110.72,2423247.38,1143963.01,15939.28,INR 20 to 30 lacs,More than 30%,EBITDA +ve,More than 20%,61.14080753417647,28.863261257555635,1.1247730875961477,INR 35 to 45 lacs,Var <2%,High Profit
2023-11-01,Ahmedabad,"Wilson, Nelson and Hall",Active,West,10392,4816082.31,1282193.61,3612143.78,1068038.78,2475309.39,1360537.64,21197.24,More than 40 lacs,10% to 20%,EBITDA -ve,10% to 20%,68.52743248221421,37.665655712076884,1.9846882338860394,INR 35 to 45 lacs,Var <2%,High Profit
2023-12-01,Ahmedabad,"Wilson, Nelson and Hall",Active,West,10454,4208341.34,1251930.33,3056778.62,1086101.86,1912014.13,642257.11,19665.81,INR 30 to 40 lacs,More than 30%,EBITDA +ve,10% to 20%,62.54997066159799,21.01091344325092,1.810678236017384,INR 25 to 35 lacs,Var <2%,High Profit
2024-01-01,Ahmedabad,"Wilson, Nelson and Hall",Active,West,7806,3712528.16,728550.94,3078246.68,1043143.73,1923367.69,622572.93,21817.02,INR 20 to 30 lacs,More than 30%,EBITDA -ve,10% to 20%,62.48257173463434,20.22492005091678,2.091468258166111,INR 25 to 35 lacs,Var 2-3%,High Profit
2024-02-01,Ahmedabad,"Wilson, Nelson and Hall",Active,West,13822,5835386.86,1266505.42,4654517.37,1721685.03,2802688.99,1515698.08,26207.92,INR 20 to 30 lacs,0% to 10%,EBITDA -ve,10% to 20%,60.2143845904264,32.564022421942326,1.5222250030250886,Above INR 45 lacs,Var <2%,High Profit
2024-03-01,Ahmedabad,"Wilson, Nelson and Hall",Active,West,7648,2296125.35,680025.34,1726080.29,659090.99,960073.43,-402539.57,13526.17,INR 20 to 30 lacs,10% to 20%,EBITDA -ve,More than 20%,55.621597417116675,-23.3210223378427,2.0522462308277043,INR 15 to 25 lacs,Var 2-3%,Loss Making
2023-10-01,Pune,"Thompson, Hardy and Ramos",Active,West,13742,6243334.69,1287176.72,5036828.58,1818415.82,3136058.27,1787580.12,11671.04,More than 40 lacs,More than 30%,EBITDA +ve,0% to 10%,62.26255708706291,35.49019172695371,0.6418245965326017,Above INR 45 lacs,Var <2%,High Profit
2023-11-01,Pune,"Thompson, Hardy and Ramos",Active,West,10145,4182397.81,946967.84,3316382.26,1404231.08,1790871.38,341175.05,13374.41,INR 30 to 40 lacs,0% to 10%,EBITDA -ve,More than 20%,54.00075261529109,10.287567091255639,0.9524365462698631,INR 25 to 35 lacs,Var <2%,Moderate Profit
2023-12-01,Pune,"Thompson, Hardy and Ramos",Active,West,10087,3756823.93,686595.11,3183343.39,1372335.17,1741822.75,572333.63,16518.74,INR 20 to 30 lacs,0% to 10%,EBITDA -ve,More than 20%,54.71677216701401,17.979010112383758,1.2036957414710872,INR 25 to 35 lacs,Var <2%,Moderate Profit
2024-01-01,Pune,"Thompson, Hardy and Ramos",Active,West,13565,6332793.67,1425947.12,5050361.43,1502273.96,3402086.18,2095020.09,17476.49,INR 30 to 40 lacs,More than 30%,EBITDA -ve,0% to 10%,67.3632219625121,41.48257741624643,1.1633357473626185,Above INR 45 lacs,Var <2%,High Profit
2024-02-01,Pune,"Thompson, Hardy and Ramos",Active,West,10863,4481085.19,720822.29,3824530.71,1538743.35,2213510.49,880362.65,25640.0,INR 20 to 30 lacs,10% to 20%,EBITDA +ve,More than 20%,57.876656192414266,23.018841179601875,1.6662947722893489,INR 35 to 45 lacs,Var <2%,High Profit
2024-03-01,Pune,"Thompson, Hardy and Ramos",Active,West,14892,6722389.31,1284863.04,5550202.26,2649015.58,2830429.77,1574297.9,20504.37,INR 20 to 30 lacs,0% to 10%,EBITDA -ve,10% to 20%,50.996876103034126,28.36469422647671,0.7740373501314023,Above INR 45 lacs,Var <2%,High Profit
2023-10-01,Bangalore,Wright-Massey,Active,West,10144,4749679.69,1358787.45,3452782.62,1187753.57,2133816.24,745595.21,20765.57,More than 40 lacs,0% to 10%,EBITDA +ve,10% to 20%,61.79990097378328,21.594038549695895,1.7483062585111824,INR 25 to 35 lacs,Var <2%,High Profit
2023-11-01,Bangalore,Wright-Massey,Active,West,7262,3511588.76,592230.2,2968799.73,1302324.7,1561704.15,303835.8,11262.58,INR 30 to 40 lacs,More than 30%,EBITDA -ve,10% to 20%,52.603890192350555,10.234297616296265,0.8648058352882351,INR 25 to 35 lacs,Var <2%,Moderate Profit
2023-12-01,Bangalore,Wright-Massey,Active,West,14258,4955790.36,1121797.46,3940347.57,1447596.52,2421448.02,1116408.66,28066.43,INR 20 to 30 lacs,10% to 20%,EBITDA +ve,More than 20%,61.45265048281008,28.332745783641617,1.9388296125497733,INR 35 to 45 lacs,Var <2%,High Profit
2024-01-01,Bangalore,Wright-Massey,Active,West,13393,5611641.34,950884.56,4735637.09,1508307.92,3165957.91,1680923.54,10874.35,INR 20 to 30 lacs,10% to 20%,EBITDA +ve,10% to 20%,66.85389631493067,35.49519331938504,0.7209635284551182,Above INR 45 lacs,Var <2%,High Profit
2024-02-01,Bangalore,Wright-Massey,Active,West,7355,2668478.0,650853.74,2114741.31,834205.46,1204146.59,-223056.38,19324.76,INR 20 to 30 lacs,10% to 20%,EBITDA +ve,0% to 10%,56.94060944031022,-10.547691055413297,2.316546813299448,INR 15 to 25 lacs,Var 2-3%,Loss Making
2024-03-01,Bangalore,Wright-Massey,Active,West,12123,5588654.13,1325798.6,4317330.07,2099173.25,2143452.31,611660.14,24524.45,INR 30 to 40 lacs,10% to 20%,EBITDA +ve,More than 20%,49.647635813029225,14.167555643944546,1.1682908973806714,INR 35 to 45 lacs,Var <2%,Moderate Profit
2023-10-01,Bangalore,Johnson Group,Inactive,South,13487,4126445.61,963001.29,3300485.24,1482326.39,1755739.29,351853.42,14299.1,More than 40 lacs,More than 30%,EBITDA -ve,0% to 10%,53.19639878165309,10.660657279594437,0.9646391035377844,INR 25 to 35 lacs,Var <2%,Moderate Profit
2023-11-01,Bangalore,Johnson Group,Inactive,South,7659,2837036.03,479122.37,2429061.35,1065828.14,1285106.88,-85495.39,20614.62,INR 20 to 30 lacs,10% to 20%,EBITDA +ve,10% to 20%,52.90549289749309,-3.5196883767468448,1.934141089575661,INR 15 to 25 lacs,Var <2%,Loss Making
2023-12-01,Bangalore,Johnson Group,Inactive,South,11989,4645193.6,1009817.99,3766295.87,1550900.89,2147007.78,792868.64,11304.02,More than 40 lacs,10% to 20%,EBITDA +ve,More than 20%,57.00581829223097,21.051682272640996,0.7288679807257059,INR 35 to 45 lacs,Var <2%,High Profit
2024-01-01,Bangalore,Johnson Group,Inactive,South,12320,5400498.15,1289999.76,4223351.65,1447041.43,2635986.56,1250434.11,20340.31,INR 30 to 40 lacs,More than 30%,EBITDA -ve,More than 20%,62.41456498181959,29.60762478776779,1.4056480746373656,INR 35 to 45 lacs,Var <2%,High Profit
2024-02-01,Bangalore,Johnson Group,Inactive,South,12784,4133976.03,772952.03,3434595.98,1014628.56,2323819.01,1141872.42,20483.08,More than 40 lacs,10% to 20%,EBITDA +ve,0% to 10%,67.65916642108222,33.24619334120341,2.0187762110697927,INR 25 to 35 lacs,Var 2-3%,High Profit
2024-03-01,Bangalore,Johnson Group,Inactive,South,9216,4047017.14,1128454.12,3029925.92,1108936.48,1859771.8,541174.71,27542.91,More than 40 lacs,0% to 10%,EBITDA +ve,10% to 20%,61.38010793346393,17.86098816567766,2.483722963104253,INR 25 to 35 lacs,Var 2-3%,Moderate Profit
2023-10-01,Pune,Chen LLC,Inactive,North,8876,4302759.2,858979.65,3580777.24,1387732.75,2114399.33,646079.04,23258.11,More than 40 lacs,More than 30%,EBITDA +ve,0% to 10%,59.04861398191863,18.042983316102625,1.6759790384712043,INR 35 to 45 lacs,Var <2%,Moderate Profit
2023-11-01,Pune,Chen LLC,Inactive,North,14100,6758513.79,1622298.33,5241745.72,2104407.18,3066706.96,1648107.8,28189.45,INR 30 to 40 lacs,More than 30%,EBITDA -ve,10% to 20%,58.50545073750736,31.44196395700019,1.3395435193297525,Above INR 45 lacs,Var <2%,High Profit
2023-12-01,Pune,Chen LLC,Inactive,North,9725,3392301.03,805027.29,2672309.44,1087811.5,1532886.16,337272.63,18436.55,INR 30 to 40 lacs,More than 30%,EBITDA -ve,0% to 10%,57.36185102874912,12.62101704808557,1.694829481026814,INR 25 to 35 lacs,Var <2%,Moderate Profit
2024-01-01,Pune,Chen LLC,Inactive,North,7702,2772298.74,491817.15,2414534.95,1057318.53,1261440.45,-58507.25,29211.59,More than 40 lacs,0% to 10%,EBITDA +ve,10% to 20%,52.24361941830661,-2.423127070494465,2.7627993997229954,INR 15 to 25 lacs,Var 2-3%,Loss Making
2024-02-01,Pune,Chen LLC,Inactive,North,12662,5141475.94,1001394.75,4241773.22,1396061.53,2786358.6,1351436.0,22105.47,INR 20 to 30 lacs,More than 30%,EBITDA -ve,10% to 20%,65.6885329668803,31.86016625377252,1.583416599123679,INR 35 to 45 lacs,Var <2%,High Profit
2024-03-01,Pune,Chen LLC,Inactive,North,8021,2964418.02,611613.26,2475681.88,862938.41,1493148.86,97075.12,10724.14,INR 30 to 40 lacs,0% to 10%,EBITDA +ve,10% to 20%,60.31263031258282,3.921146767047469,1.2427468606942642,INR 15 to 25 lacs,Var <2%,Low Profit
2023-10-01,Hyderabad,"Thomas, Wilson and Mcconnell",Active,North,7558,2791551.9,779217.46,2070740.07,751784.74,1253703.22,-139992.4,19974.16,INR 30 to 40 lacs,0% to 10%,EBITDA -ve,0% to 10%,60.54372724820068,-6.760500848375431,2.656898835163906,INR 15 to 25 lacs,Var 2-3%,Loss Making
2023-11-01,Hyderabad,"Thomas, Wilson and Mcconnell",Active,North,12950,5716671.26,1376262.58,4484796.34,2144630.72,2242466.56,720525.04,12129.78,INR 20 to 30 lacs,10% to 20%,EBITDA -ve,More than 20%,50.00152492989236,16.065947824065518,0.565588279925413,INR 35 to 45 lacs,Var <2%,Moderate Profit
2023-12-01,Hyderabad,"Thomas, Wilson and Mcconnell",Active,North,12212,3902483.42,1056869.29,2931501.33,1404509.07,1465673.48,176785.25,27548.49,INR 30 to 40 lacs,10% to 20%,EBITDA -ve,10% to 20%,49.99736704878111,6.03053623721194,1.9614319756582277,INR 25 to 35 lacs,Var <2%,Low Profit
2024-01-01,Hyderabad,"Thomas, Wilson and Mcconnell",Active,North,7761,3044358.45,672984.67,2463101.7,735137.47,1642133.71,198921.79,27903.77,More than 40 lacs,10% to 20%,EBITDA -ve,10% to 20%,66.66934256104811,8.076068885015994,3.795721363515861,INR 15 to 25 lacs,Var 3-5%,Low Profit
2024-02-01,Hyderabad,"Thomas, Wilson and Mcconnell",Active,North,14647,5802565.45,1665484.15,4282683.03,2055191.94,2161661.96,844491.34,26575.47,INR 20 to 30 lacs,10% to 20%,EBITDA -ve,0% to 10%,50.47447931256308,19.718744863544103,1.2930894425364476,INR 35 to 45 lacs,Var <2%,Moderate Profit
2024-03-01,Hyderabad,"Thomas, Wilson and Mcconnell",Active,North,11785,4777144.57,954773.14,3921951.55,1739124.45,2130899.4,864530.21,11759.93,More than 40 lacs,More than 30%,EBITDA -ve,0% to 10%,54.33262937682134,22.04336792482814,0.6761983019674067,INR 35 to 45 lacs,Var <2%,High Profit
2023-10-01,Pune,Miller LLC,Active,South,13825,5403134.99,1253795.32,4237847.69,1388037.27,2748258.07,1482147.43,21276.92,INR 20 to 30 lacs,0% to 10%,EBITDA +ve,10% to 20%,64.85032665248994,34.97406085398977,1.532878148149437,INR 35 to 45 lacs,Var <2%,High Profit
2023-11-01,Pune,Miller LLC,Active,South,14119,6256942.3,1121380.9,5241248.53,2029177.28,3065593.02,1734378.38,29453.25,INR 30 to 40 lacs,0% to 10%,EBITDA -ve,10% to 20%,58.489747289278036,33.09093949795965,1.451487274685039,Above INR 45 lacs,Var <2%,High Profit
2023-12-01,Pune,Miller LLC,Active,South,9599,4045124.55,614164.06,3489509.6,1421705.77,2008771.69,670090.81,17561.97,INR 20 to 30 lacs,10% to 20%,EBITDA +ve,10% to 20%,57.56601701282037,19.203008067380015,1.2352745814628017,INR 25 to 35 lacs,Var <2%,Moderate Profit
2024-01-01,Pune,Miller LLC,Active,South,13538,5932638.23,1750078.03,4227701.38,1346049.44,2758643.87,1390530.41,23882.92,INR 30 to 40 lacs,More than 30%,EBITDA -ve,10% to 20%,65.25162545893912,32.890932566292086,1.7742973839058989,INR 35 to 45 lacs,Var <2%,High Profit
2024-02-01,Pune,Miller LLC,Active,South,9446,3492256.09,769475.34,2838753.86,948996.36,1822806.87,494484.07,16693.52,INR 30 to 40 lacs,0% to 10%,EBITDA +ve,0% to 10%,64.21151533018083,17.41905407748173,1.759071025309307,INR 25 to 35 lacs,Var <2%,Moderate Profit
2024-03-01,Pune,Miller LLC,Active,South,7138,2831237.62,752994.0,2146067.38,718204.06,1355470.45,-54583.55,28859.7,INR 30 to 40 lacs,0% to 10%,EBITDA +ve,10% to 20%,63.16066599921947,-2.5434220056967645,4.018314794823075,INR 15 to 25 lacs,Var 3-5%,Loss Making
2023-10-01,Pune,Haney-Chan,Inactive,South,11236,5156693.0,1241325.29,4009306.67,1669940.48,2286916.0,940037.9,28249.53,More than 40 lacs,More than 30%,EBITDA +ve,More than 20%,57.04018645198822,23.446395533520015,1.691648914337354,INR 35 to 45 lacs,Var <2%,High Profit
2023-11-01,Pune,Haney-Chan,Inactive,South,8902,3690767.69,980758.16,2773938.55,997733.53,1684971.71,223689.29,18994.77,INR 20 to 30 lacs,More than 30%,EBITDA +ve,10% to 20%,60.742935707786316,8.063959816269183,1.903791887198579,INR 25 to 35 lacs,Var <2%,Low Profit
2023-12-01,Pune,Haney-Chan,Inactive,South,13331,6289724.71,1407532.49,4978736.13,2115063.54,2799872.65,1435927.58,27613.01,INR 20 to 30 lacs,0% to 10%,EBITDA -ve,More than 20%,56.23661461247194,28.84120673412752,1.3055404472624024,Above INR 45 lacs,Var <2%,High Profit
2024-01-01,Pune,Haney-Chan,Inactive,South,7693,2519160.44,573639.26,1992975.41,703415.06,1224568.49,-135908.09,26825.94,INR 20 to 30 lacs,10% to 20%,EBITDA +ve,10% to 20%,61.44423477859168,-6.819356090299178,3.8136715469242293,INR 15 to 25 lacs,Var 3-5%,Loss Making
2024-02-01,Pune,Haney-Chan,Inactive,South,10051,3115370.88,715758.14,2473980.12,755356.05,1594454.34,182568.29,21949.72,More than 40 lacs,More than 30%,EBITDA +ve,10% to 20%,64.44895523251012,7.379537471788577,2.905877301174724,INR 15 to 25 lacs,Var 2-3%,Low Profit
2024-03-01,Pune,Haney-Chan,Inactive,South,11859,5244430.14,1056519.0,4265137.0,1636283.75,2535783.8,1009611.54,27017.09,INR 30 to 40 lacs,More than 30%,EBITDA +ve,10% to 20%,59.45374791009057,23.67125698424224,1.651124995893897,INR 35 to 45 lacs,Var <2%,High Profit
2023-10-01,Pune,Thomas-Coleman,Active,West,14320,5675666.52,1276144.06,4501632.66,2057372.11,2377545.41,967669.34,25650.85,INR 30 to 40 lacs,More than 30%,EBITDA -ve,10% to 20%,52.81518039279553,21.495964088726865,1.246777375629924,Above INR 45 lacs,Var <2%,High Profit
2023-11-01,Pune,Thomas-Coleman,Active,West,13860,6696075.45,1857601.14,4959698.97,1805449.84,3021735.47,1623957.36,15994.72,More than 40 lacs,10% to 20%,EBITDA +ve,10% to 20%,60.92578376788058,32.74306303311792,0.8859132857437899,Above INR 45 lacs,Var <2%,High Profit
2023-12-01,Pune,Thomas-Coleman,Active,West,11022,3660254.01,603087.41,3142151.65,1461347.09,1628388.23,268862.11,11768.36,INR 20 to 30 lacs,More than 30%,EBITDA -ve,10% to 20%,51.82398596197609,8.55662424822812,0.8053090248395404,INR 25 to 35 lacs,Var <2%,Low Profit
2024-01-01,Pune,Thomas-Coleman,Active,West,9886,3041984.04,906530.81,2233888.12,659550.41,1448182.68,-90335.27,16183.3,More than 40 lacs,More than 30%,EBITDA +ve,0% to 10%,64.82789657344163,-4.043858293136005,2.453686595388516,INR 15 to 25 lacs,Var 2-3%,Loss Making
2024-02-01,Pune,Thomas-Coleman,Active,West,11109,3855468.22,1040434.85,2895094.91,1080505.62,1738673.23,308619.59,17629.12,INR 20 to 30 lacs,More than 30%,EBITDA -ve,10% to 20%,60.05582835969962,10.660085406319201,1.631562082944094,INR 25 to 35 lacs,Var <2%,Moderate Profit
2024-03-01,Pune,Thomas-Coleman,Active,West,10144,3133593.51,765688.18,2387745.21,819541.68,1501316.82,180073.15,23299.87,INR 20 to 30 lacs,More than 30%,EBITDA +ve,More than 20%,62.875922175967844,7.541556328784344,2.843036610413762,INR 15 to 25 lacs,Var 2-3%,Low Profit
2023-10-01,Hyderabad,Sanders LLC,Active,North,11909,5491734.21,1284105.98,4320935.12,1280145.16,2981756.31,1741926.0,19625.89,INR 30 to 40 lacs,10% to 20%,EBITDA +ve,0% to 10%,69.00719930272871,40.313634702295644,1.5330987932649764,INR 35 to 45 lacs,Var <2%,High Profit
2023-11-01,Hyderabad,Sanders LLC,Active,North,9094,3095085.31,811184.04,2357672.64,854692.18,1435327.03,187505.64,18560.07,INR 30 to 40 lacs,0% to 10%,EBITDA +ve,0% to 10%,60.87897894085923,7.952997240532936,2.1715502299319036,INR 15 to 25 lacs,Var 2-3%,Low Profit
2023-12-01,Hyderabad,Sanders LLC,Active,North,11094,3334609.03,647324.04,2760783.68,1103277.09,1514379.51,85713.34,18464.71,INR 20 to 30 lacs,10% to 20%,EBITDA -ve,10% to 20%,54.85324768364321,3.10467424959568,1.673623985067976,INR 25 to 35 lacs,Var <2%,Low Profit
2024-01-01,Hyderabad,Sanders LLC,Active,North,11359,5504509.82,1279998.31,4293352.07,1355688.23,2838955.28,1494401.36,20222.57,More than 40 lacs,More than 30%,EBITDA +ve,0% to 10%,66.12444620690052,34.80733318942558,1.491682936570158,INR 35 to 45 lacs,Var <2%,High Profit
2024-02-01,Hyderabad,Sanders LLC,Active,North,11097,3382399.56,813762.01,2683117.72,935995.49,1695770.32,365918.41,23818.59,INR 30 to 40 lacs,10% to 20%,EBITDA -ve,More than 20%,63.20148785719323,13.637806767568883,2.544733415328743,INR 25 to 35 lacs,Var 2-3%,Moderate Profit
2024-03-01,Hyderabad,Sanders LLC,Active,North,11444,3697674.92,869544.85,2922245.05,1246282.16,1592704.65,363929.04,29244.5,INR 30 to 40 lacs,More than 30%,EBITDA +ve,10% to 20%,54.50277518649575,12.453748189256066,2.346539245976208,INR 25 to 35 lacs,Var 2-3%,Moderate Profit
2023-10-01,Ahmedabad,Bradley-Davis,Active,East,9470,3984449.62,626917.07,3439915.7,1063755.05,2243374.8,956791.57,20148.11,INR 30 to 40 lacs,10% to 20%,EBITDA -ve,10% to 20%,65.21598189164925,27.814390044500215,1.894055403074232,INR 25 to 35 lacs,Var <2%,High Profit
2023-11-01,Ahmedabad,Bradley-Davis,Active,East,7155,2213743.88,473811.38,1819074.41,815592.6,862833.61,-582113.46,12649.18,INR 30 to 40 lacs,More than 30%,EBITDA -ve,0% to 10%,47.432562695442456,-32.000530423601525,1.5509189269250359,INR 15 to 25 lacs,Var <2%,Loss Making
2023-12-01,Ahmedabad,Bradley-Davis,Active,East,8611,2754717.91,740016.48,2115783.23,837540.97,1142045.05,-285992.1,24663.0,INR 30 to 40 lacs,10% to 20%,EBITDA +ve,10% to 20%,53.97741289404209,-13.517079441072987,2.9446917683322407,INR 15 to 25 lacs,Var 2-3%,Loss Making
2024-01-01,Ahmedabad,Bradley-Davis,Active,East,14074,6548853.92,1242899.16,5410273.77,1798257.5,3540421.21,2229728.49,15239.51,More than 40 lacs,10% to 20%,EBITDA +ve,0% to 10%,65.43885504707094,41.212858808806644,0.8474598326435452,Above INR 45 lacs,Var <2%,High Profit
2024-02-01,Ahmedabad,Bradley-Davis,Active,East,7429,2394167.35,554484.17,1910016.06,815878.37,990148.91,-343047.69,10152.29,More than 40 lacs,10% to 20%,EBITDA -ve,More than 20%,51.839821179304636,-17.960461023558093,1.2443386628818216,INR 15 to 25 lacs,Var <2%,Loss Making
2024-03-01,Ahmedabad,Bradley-Davis,Active,East,9632,3269859.02,628316.41,2754263.35,812216.73,1888224.87,486826.19,29929.17,INR 20 to 30 lacs,More than 30%,EBITDA +ve,10% to 20%,68.55643887502623,17.675368261353803,3.6848748486133744,INR 25 to 35 lacs,Var 3-5%,Moderate Profit
2023-10-01,Hyderabad,Smith-Bradley,Inactive,West,12706,5709492.69,1513926.48,4279244.35,1840266.7,2328502.65,1137049.92,26410.24,INR 30 to 40 lacs,10% to 20%,EBITDA +ve,10% to 20%,54.41387449632317,26.57127817438142,1.435131114419448,INR 35 to 45 lacs,Var <2%,High Profit
2023-11-01,Hyderabad,Smith-Bradley,Inactive,West,13137,5589133.15,1266205.28,4392390.52,1838187.72,2483744.45,1152382.72,10955.58,INR 30 to 40 lacs,0% to 10%,EBITDA +ve,More than 20%,56.546530612218895,26.235889426334523,0.5959989766442352,INR 35 to 45 lacs,Var <2%,High Profit
2023-12-01,Hyderabad,Smith-Bradley,Inactive,West,7485,2329091.87,558376.91,1833364.41,564669.61,1208403.87,-189229.65,26060.98,INR 30 to 40 lacs,0% to 10%,EBITDA -ve,10% to 20%,65.91182109834892,-10.321442314896906,4.615261657166214,INR 15 to 25 lacs,Var 3-5%,Loss Making
2024-01-01,Hyderabad,Smith-Bradley,Inactive,West,12681,3836835.47,1082084.32,2868685.86,1170547.72,1600536.73,327633.02,12769.95,More than 40 lacs,0% to 10%,EBITDA +ve,0% to 10%,55.79337745960097,11.421014220079156,1.0909380097720407,INR 25 to 35 lacs,Var <2%,Moderate Profit
2024-02-01,Hyderabad,Smith-Bradley,Inactive,West,10710,4026737.12,988719.66,3152030.97,969043.4,2035020.71,674451.42,29699.77,More than 40 lacs,0% to 10%,EBITDA -ve,10% to 20%,64.56220542782293,21.397360191546593,3.0648544740101427,INR 25 to 35 lacs,Var 3-5%,High Profit
2024-03-01,Hyderabad,Smith-Bradley,Inactive,West,12967,4757114.86,892980.84,3985203.31,1536924.68,2318597.25,969835.38,11251.12,INR 20 to 30 lacs,10% to 20%,EBITDA -ve,10% to 20%,58.180149659666924,24.335907218746136,0.7320540912909279,INR 35 to 45 lacs,Var <2%,High Profit
2023-10-01,Mumbai,Simpson LLC,Active,West,10822,5230372.28,1224973.95,4132572.21,1262415.61,2730268.98,1241353.89,17796.2,INR 20 to 30 lacs,More than 30%,EBITDA -ve,0% to 10%,66.06706044708169,30.038286735708365,1.409694228986918,INR 35 to 45 lacs,Var <2%,High Profit
2023-11-01,Mumbai,Simpson LLC,Active,West,10122,4713479.61,1035411.35,3796939.05,1238970.85,2441293.92,1150598.83,11801.83,INR 20 to 30 lacs,10% to 20%,EBITDA +ve,0% to 10%,64.29636841286668,30.30332630701565,0.952551062843811,INR 35 to 45 lacs,Var <2%,High Profit
2023-12-01,Mumbai,Simpson LLC,Active,West,8007,2600114.5,683648.15,2017801.12,643206.82,1245187.01,-245514.59,22537.68,INR 30 to 40 lacs,More than 30%,EBITDA -ve,10% to 20%,61.71009608717037,-12.167432536661492,3.503955384055163,INR 15 to 25 lacs,Var 3-5%,Loss Making
2024-01-01,Mumbai,Simpson LLC,Active,West,14603,6744207.72,1266911.43,5595637.32,2185589.29,3329561.99,2137376.7,23980.96,More than 40 lacs,More than 30%,EBITDA -ve,More than 20%,59.502819778891606,38.197198598997126,1.097230852554187,Above INR 45 lacs,Var <2%,High Profit
2024-02-01,Mumbai,Simpson LLC,Active,West,12795,4329931.37,789449.77,3601037.14,1652287.95,1842125.32,507921.28,25943.25,INR 30 to 40 lacs,More than 30%,EBITDA -ve,10% to 20%,51.15541018829926,14.104860912375926,1.5701409672569482,INR 35 to 45 lacs,Var <2%,Moderate Profit
2024-03-01,Mumbai,Simpson LLC,Active,West,12271,4444551.83,1016393.48,3508598.08,1522945.24,1892949.46,522421.16,10223.37,INR 20 to 30 lacs,0% to 10%,EBITDA +ve,0% to 10%,53.95173276729377,14.889740804965609,0.6712894023687943,INR 35 to 45 lacs,Var <2%,Moderate Profit
2023-10-01,Hyderabad,Russell-Thompson,Active,East,9693,3954627.51,822396.8,3192808.63,1438297.68,1624015.51,189548.3,11960.36,INR 30 to 40 lacs,More than 30%,EBITDA +ve,0% to 10%,50.86479329642755,5.936725997887321,0.8315636023274404,INR 25 to 35 lacs,Var <2%,Low Profit
2023-11-01,Hyderabad,Russell-Thompson,Active,East,8465,2746422.03,652652.14,2196520.63,945201.88,1182351.58,-34996.96,22684.33,INR 30 to 40 lacs,0% to 10%,EBITDA +ve,0% to 10%,53.82838493986738,-1.5932907491062354,2.399945501589565,INR 15 to 25 lacs,Var 2-3%,Loss Making
2023-12-01,Hyderabad,Russell-Thompson,Active,East,14329,4855731.85,1301249.02,3670740.34,1582307.88,1996966.49,724820.69,24076.25,More than 40 lacs,10% to 20%,EBITDA -ve,More than 20%,54.40228142097352,19.745899270009385,1.5215907286008084,INR 35 to 45 lacs,Var <2%,Moderate Profit
2024-01-01,Hyderabad,Russell-Thompson,Active,East,12814,4472305.45,1129044.31,3377099.38,1555812.55,1729432.16,380053.01,29304.8,INR 30 to 40 lacs,More than 30%,EBITDA -ve,10% to 20%,51.21057941741708,11.253829610427395,1.8835688142507911,INR 25 to 35 lacs,Var <2%,Moderate Profit
2024-02-01,Hyderabad,Russell-Thompson,Active,East,7907,3236608.4,531120.27,2847859.71,1338367.89,1380022.99,-151486.2,24452.51,More than 40 lacs,More than 30%,EBITDA -ve,More than 20%,48.45825042414045,-5.319299945431653,1.8270394995803434,INR 25 to 35 lacs,Var <2%,Loss Making
2024-03-01,Hyderabad,Russell-Thompson,Active,East,12102,5481809.51,1374609.18,4251339.9,1827192.6,2302515.39,1001375.77,11638.46,More than 40 lacs,More than 30%,EBITDA -ve,10% to 20%,54.15975772720502,23.55435682759687,0.6369585778751511,INR 35 to 45 lacs,Var <2%,High Profit
2023-10-01,Ahmedabad,Becker-Norris,Active,South,10355,4850297.57,977337.14,3977767.94,1240784.65,2616841.7,1279476.42,19197.47,INR 20 to 30 lacs,0% to 10%,EBITDA +ve,0% to 10%,65.78668588696002,32.16568787569845,1.5472040212618685,INR 35 to 45 lacs,Var <2%,High Profit
2023-11-01,Ahmedabad,Becker-Norris,Active,South,13026,5884763.84,1260764.7,4692073.29,1802164.97,2809312.11,1471020.04,25133.92,More than 40 lacs,0% to 10%,EBITDA +ve,0% to 10%,59.8735769108159,31.35117354486166,1.3946514563536323,Above INR 45 lacs,Var <2%,High Profit
2023-12-01,Ahmedabad,Becker-Norris,Active,South,10002,4618108.26,933491.06,3768669.04,1596386.36,2107853.99,585995.71,29416.94,INR 30 to 40 lacs,More than 30%,EBITDA +ve,More than 20%,55.930992284745706,15.549142251026637,1.8427205804990714,INR 35 to 45 lacs,Var <2%,Moderate Profit
2024-01-01,Ahmedabad,Becker-Norris,Active,South,11759,3807683.59,1135191.14,2790027.45,1115204.91,1567272.5,65484.42,18670.11,INR 20 to 30 lacs,10% to 20%,EBITDA +ve,0% to 10%,56.17408889650888,2.3470887356323322,1.6741416606567847,INR 25 to 35 lacs,Var <2%,Low Profit
2024-02-01,Ahmedabad,Becker-Norris,Active,South,13991,4612942.89,832664.32,3862596.62,1737116.69,2030734.5,864244.59,20828.5,INR 30 to 40 lacs,10% to 20%,EBITDA +ve,10% to 20%,52.574335344393276,22.374704765314064,1.1990271073844787,INR 35 to 45 lacs,Var <2%,High Profit
2024-03-01,Ahmedabad,Becker-Norris,Active,South,13476,4593244.75,740618.36,3979331.56,1762077.85,2085951.48,880443.02,16557.01,INR 30 to 40 lacs,0% to 10%,EBITDA +ve,0% to 10%,52.41964507224927,22.125399874947842,0.9396298807115699,INR 35 to 45 lacs,Var <2%,High Profit
2023-10-01,Pune,"Brown, Newton and Vargas",Inactive,North,11566,5001413.12,1407038.21,3692279.64,1407612.68,2202672.33,797383.45,22591.3,INR 30 to 40 lacs,0% to 10%,EBITDA -ve,More than 20%,59.65616217519213,21.595965846183848,1.604937233159906,INR 35 to 45 lacs,Var <2%,High Profit
2023-11-01,Pune,"Brown, Newton and Vargas",Inactive,North,10956,3941044.69,648098.48,3428069.77,1014897.76,2333294.17,1089463.28,24370.96,INR 20 to 30 lacs,0% to 10%,EBITDA -ve,More than 20%,68.06437227209643,31.780662387160223,2.4013216858415376,INR 25 to 35 lacs,Var 2-3%,High Profit
2023-12-01,Pune,"Brown, Newton and Vargas",Inactive,North,12216,3932845.57,1073805.34,2936964.2,1231511.19,1556491.04,65702.92,16289.37,INR 30 to 40 lacs,0% to 10%,EBITDA -ve,0% to 10%,52.99659560031409,2.2371031965592225,1.3227139251572697,INR 25 to 35 lacs,Var <2%,Low Profit
2024-01-01,Pune,"Brown, Newton and Vargas",Inactive,North,14570,6888497.19,1757044.76,5248561.86,1842542.58,3314528.76,2015858.44,13803.84,INR 20 to 30 lacs,More than 30%,EBITDA -ve,10% to 20%,63.15118023587512,38.40782472934405,0.7491734600781926,Above INR 45 lacs,Var <2%,High Profit
2024-02-01,Pune,"Brown, Newton and Vargas",Inactive,North,9236,2869736.25,650649.7,2308474.35,806920.47,1411427.22,-133616.89,11541.11,INR 30 to 40 lacs,More than 30%,EBITDA -ve,0% to 10%,61.14112638938353,-5.788103731800183,1.4302661078854526,INR 15 to 25 lacs,Var <2%,Loss Making
2024-03-01,Pune,"Brown, Newton and Vargas",Inactive,North,12949,6274367.92,1469617.75,4878794.66,1710298.23,3031092.33,1605389.44,12043.96,INR 30 to 40 lacs,10% to 20%,EBITDA -ve,More than 20%,62.1278930808701,32.90545210197471,0.7042023308414462,Above INR 45 lacs,Var <2%,High Profit
2023-10-01,Hyderabad,Edwards LLC,Active,North,10864,3812134.83,925445.27,2932040.16,1044332.51,1788135.89,292559.0,20528.41,More than 40 lacs,0% to 10%,EBITDA +ve,10% to 20%,60.98606405172839,9.97800111987552,1.9656967300577477,INR 25 to 35 lacs,Var <2%,Low Profit
2023-11-01,Hyderabad,Edwards LLC,Active,North,9760,4020830.5,1093637.89,3040816.37,1176470.43,1753495.89,383366.91,24731.31,More than 40 lacs,10% to 20%,EBITDA +ve,10% to 20%,57.66530025619403,12.60736800098192,2.10216163274074,INR 25 to 35 lacs,Var 2-3%,Moderate Profit
2023-12-01,Hyderabad,Edwards LLC,Active,North,7952,3610846.4,882759.82,2781392.23,972872.1,1753206.62,511789.69,18012.72,More than 40 lacs,10% to 20%,EBITDA -ve,0% to 10%,63.03341905862735,18.400486075996554,1.8514992875219671,INR 25 to 35 lacs,Var <2%,Moderate Profit
2024-01-01,Hyderabad,Edwards LLC,Active,North,14240,5053929.35,1410503.4,3768725.62,1221223.72,2487856.95,1308577.5,25638.76,INR 30 to 40 lacs,More than 30%,EBITDA -ve,10% to 20%,66.01321509842364,34.72201566109236,2.0994318715001703,INR 35 to 45 lacs,Var 2-3%,High Profit
2024-02-01,Hyderabad,Edwards LLC,Active,North,10255,3561950.29,1052264.56,2588481.3,955784.54,1539810.67,284314.16,12992.35,More than 40 lacs,10% to 20%,EBITDA +ve,0% to 10%,59.48703087018632,10.983821285477319,1.359338789890868,INR 25 to 35 lacs,Var <2%,Moderate Profit
2024-03-01,Hyderabad,Edwards LLC,Active,North,7622,3589740.56,975181.2,2670683.09,1116897.92,1407342.03,66746.84,25002.68,INR 30 to 40 lacs,More than 30%,EBITDA +ve,10% to 20%,52.6959576472999,2.499242244425189,2.238582376444931,INR 25 to 35 lacs,Var 2-3%,Low Profit
2023-10-01,Mumbai,Vazquez-Lowe,Active,North,10044,3271097.02,955363.65,2408908.24,1034373.47,1304306.92,-26755.36,19863.13,More than 40 lacs,0% to 10%,EBITDA -ve,More than 20%,54.14514751296628,-1.11068406657117,1.9203054386149327,INR 15 to 25 lacs,Var <2%,Loss Making
2023-11-01,Mumbai,Vazquez-Lowe,Active,North,13606,6400053.48,1773542.39,4694970.01,1513092.98,3046817.41,1725228.35,24461.1,More than 40 lacs,More than 30%,EBITDA -ve,0% to 10%,64.89535403869385,36.74631246473074,1.6166290058394164,Above INR 45 lacs,Var <2%,High Profit
2023-12-01,Mumbai,Vazquez-Lowe,Active,North,14415,4754165.81,1131370.27,3714735.83,1301559.32,2288580.53,915495.32,22706.62,INR 30 to 40 lacs,More than 30%,EBITDA -ve,10% to 20%,61.60816366853198,24.64496432307543,1.7445705048618143,INR 35 to 45 lacs,Var <2%,High Profit
2024-01-01,Mumbai,Vazquez-Lowe,Active,North,12114,4711387.8,1208370.17,3630031.98,1248679.46,2265269.6,961748.76,29441.59,More than 40 lacs,More than 30%,EBITDA -ve,10% to 20%,62.40357144181413,26.494222786433962,2.3578180744640425,INR 35 to 45 lacs,Var 2-3%,High Profit
2024-02-01,Mumbai,Vazquez-Lowe,Active,North,9026,4201107.91,708331.37,3595392.36,1616294.55,1892488.57,450237.1,15818.38,INR 20 to 30 lacs,More than 30%,EBITDA +ve,10% to 20%,52.63649639618192,12.522613804519517,0.9786817631724365,INR 35 to 45 lacs,Var <2%,Moderate Profit
2024-03-01,Mumbai,Vazquez-Lowe,Active,North,7341,2576416.71,566541.22,2093378.84,919796.66,1064878.44,-213255.26,24763.04,More than 40 lacs,More than 30%,EBITDA +ve,More than 20%,50.868883340771696,-10.187131728149119,2.6922298239265188,INR 15 to 25 lacs,Var 2-3%,Loss Making
2023-10-01,Bangalore,"Stevens, Chang and Webster",Active,South,10100,3633211.5,812640.93,2846948.25,1155477.85,1633767.35,235973.81,28870.79,INR 20 to 30 lacs,0% to 10%,EBITDA -ve,0% to 10%,57.38661916316885,8.288658214985116,2.4986017689564535,INR 25 to 35 lacs,Var 2-3%,Low Profit
2023-11-01,Bangalore,"Stevens, Chang and Webster",Active,South,7793,2866119.53,718935.76,2208529.56,934301.23,1211708.37,-137379.03,21518.04,INR 30 to 40 lacs,10% to 20%,EBITDA -ve,0% to 10%,54.86493782768296,-6.2203844806134265,2.3031158805174643,INR 15 to 25 lacs,Var 2-3%,Loss Making
2023-12-01,Bangalore,"Stevens, Chang and Webster",Active,South,7511,3695130.41,925687.78,2892489.91,1209119.12,1571007.45,278726.52,28006.35,INR 20 to 30 lacs,More than 30%,EBITDA +ve,0% to 10%,54.31332515866926,9.636214081037192,2.3162606178951166,INR 25 to 35 lacs,Var 2-3%,Low Profit
2024-01-01,Bangalore,"Stevens, Chang and Webster",Active,South,12607,5651684.23,876878.39,4856083.55,1951184.77,2778891.07,1448509.87,13088.58,INR 30 to 40 lacs,10% to 20%,EBITDA -ve,More than 20%,57.22494354529793,29.828767464266555,0.6708016688752649,Above INR 45 lacs,Var <2%,High Profit
2024-02-01,Bangalore,"Stevens, Chang and Webster",Active,South,9816,4522410.81,936847.41,3657891.47,1542523.92,2012768.65,636442.28,20705.99,INR 20 to 30 lacs,0% to 10%,EBITDA +ve,0% to 10%,55.025379142809825,17.399157006700367,1.3423448240595195,INR 35 to 45 lacs,Var <2%,Moderate Profit
2024-03-01,Bangalore,"Stevens, Chang and Webster",Active,South,9289,3168984.67,908830.74,2319626.31,1114348.74,1076074.43,-382386.83,14310.8,INR 30 to 40 lacs,10% to 20%,EBITDA +ve,More than 20%,46.3899907222556,-16.48484621645803,1.2842299260822065,INR 15 to 25 lacs,Var <2%,Loss Making
2023-10-01,Pune,"Wood, Ellis and Zavala",Active,West,11879,4005997.21,1133688.24,2964118.1,1228330.82,1609988.59,253476.89,26467.53,INR 30 to 40 lacs,10% to 20%,EBITDA -ve,10% to 20%,54.315939368272815,8.551511156050092,2.154755833611665,INR 25 to 35 lacs,Var 2-3%,Low Profit
2023-11-01,Pune,"Wood, Ellis and Zavala",Active,West,10504,4583394.19,764101.04,3935751.62,1383506.75,2485177.87,1152699.46,25634.36,INR 20 to 30 lacs,More than 30%,EBITDA -ve,0% to 10%,63.143666317032476,29.287911720404754,1.8528539886054043,INR 35 to 45 lacs,Var <2%,High Profit
2023-12-01,Pune,"Wood, Ellis and Zavala",Active,West,11012,5063030.89,1513891.02,3646369.03,1078850.24,2421495.78,1077668.18,21503.02,More than 40 lacs,More than 30%,EBITDA +ve,More than 20%,66.40841231585384,29.55455608397376,1.993142254850868,INR 35 to 45 lacs,Var <2%,High Profit
2024-01-01,Pune,"Wood, Ellis and Zavala",Active,West,7642,3774021.57,1100090.75,2725167.83,1228217.29,1366063.62,100116.01,11101.67,INR 20 to 30 lacs,10% to 20%,EBITDA -ve,0% to 10%,50.12768773217171,3.673755755439106,0.9038848492354312,INR 25 to 35 lacs,Var <2%,Low Profit
2024-02-01,Pune,"Wood, Ellis and Zavala",Active,West,11506,4326404.78,998546.62,3461399.0,1538114.83,1850426.19,708224.82,28000.18,INR 20 to 30 lacs,More than 30%,EBITDA +ve,More than 20%,53.45891040010123,20.460652470287304,1.8204219512011337,INR 25 to 35 lacs,Var <2%,High Profit
2024-03-01,Pune,"Wood, Ellis and Zavala",Active,West,11879,4896974.24,1102282.2,3912675.26,1516698.23,2341652.61,933472.17,27528.43,INR 20 to 30 lacs,More than 30%,EBITDA +ve,0% to 10%,59.84786506406871,23.857644909687703,1.815023546246243,INR 35 to 45 lacs,Var <2%,High Profit
2023-10-01,Ahmedabad,Edwards-Romero,Inactive,South,9055,3847716.05,774128.1,3146868.77,970095.87,2062126.83,661801.87,15471.39,INR 20 to 30 lacs,More than 30%,EBITDA -ve,More than 20%,65.52948281983808,21.03048834794595,1.5948310345863033,INR 25 to 35 lacs,Var <2%,High Profit
2023-11-01,Ahmedabad,Edwards-Romero,Inactive,South,8068,2677108.71,710128.0,2051073.41,968747.95,960202.66,-585850.42,26782.35,INR 30 to 40 lacs,More than 30%,EBITDA -ve,More than 20%,46.81464131505659,-28.56311320422218,2.7646355277448587,INR 15 to 25 lacs,Var 2-3%,Loss Making
2023-12-01,Ahmedabad,Edwards-Romero,Inactive,South,11944,4697253.63,1145122.29,3606388.21,1591272.74,1955524.54,581617.11,25287.87,INR 20 to 30 lacs,0% to 10%,EBITDA -ve,10% to 20%,54.22390563993109,16.127412694708205,1.5891600078563526,INR 35 to 45 lacs,Var <2%,Moderate Profit
2024-01-01,Ahmedabad,Edwards-Romero,Inactive,South,9382,3466278.92,723714.45,2795378.43,951363.48,1777850.26,385788.0,12577.14,INR 20 to 30 lacs,0% to 10%,EBITDA +ve,10% to 20%,63.59962718893842,13.800922117010108,1.3220120663029866,INR 25 to 35 lacs,Var <2%,Moderate Profit
2024-02-01,Ahmedabad,Edwards-Romero,Inactive,South,13781,4938368.07,1421505.65,3613362.46,1560362.66,1954435.58,618302.12,13514.99,INR 30 to 40 lacs,0% to 10%,EBITDA +ve,10% to 20%,54.08910956583083,17.11154435362125,0.8661441565129482,INR 35 to 45 lacs,Var <2%,Moderate Profit
2024-03-01,Ahmedabad,Edwards-Romero,Inactive,South,9843,3809479.37,872696.49,3007036.5,1427460.52,1507099.9,40470.75,16630.19,INR 30 to 40 lacs,10% to 20%,EBITDA +ve,0% to 10%,50.119108963260004,1.3458682659821388,1.1650192609179832,INR 25 to 35 lacs,Var <2%,Low Profit
2023-10-01,Mumbai,Mason LLC,Inactive,East,8562,3831634.79,1011979.69,2899959.73,1397663.98,1400618.87,-31021.19,27684.94,INR 30 to 40 lacs,More than 30%,EBITDA +ve,0% to 10%,48.297873088051475,-1.0697110611256662,1.9808008502873489,INR 25 to 35 lacs,Var <2%,Loss Making
2023-11-01,Mumbai,Mason LLC,Inactive,East,12404,4557370.01,1304534.8,3294868.91,1047351.9,2141716.53,827673.75,23276.89,More than 40 lacs,10% to 20%,EBITDA +ve,0% to 10%,65.00157027491572,25.120081332765377,2.222451689828414,INR 25 to 35 lacs,Var 2-3%,High Profit
2023-12-01,Mumbai,Mason LLC,Inactive,East,11930,4431787.16,1314550.2,3237597.96,1100949.35,2074168.25,687769.94,14414.29,INR 30 to 40 lacs,10% to 20%,EBITDA -ve,10% to 20%,64.06503449860094,21.243216375142513,1.3092600490658357,INR 25 to 35 lacs,Var <2%,High Profit
2024-01-01,Mumbai,Mason LLC,Inactive,East,11412,5133715.68,950540.82,4293723.9,1837400.02,2348670.49,897773.3,17254.77,More than 40 lacs,More than 30%,EBITDA -ve,0% to 10%,54.70008190326351,20.908966689730562,0.939086198551364,INR 35 to 45 lacs,Var <2%,High Profit
2024-02-01,Mumbai,Mason LLC,Inactive,East,10979,5360712.77,1583708.57,3861875.41,1486792.11,2318470.96,916627.98,29162.35,INR 30 to 40 lacs,0% to 10%,EBITDA +ve,More than 20%,60.03484612674234,23.7353068829323,1.9614275461819608,INR 35 to 45 lacs,Var <2%,High Profit
2024-03-01,Mumbai,Mason LLC,Inactive,East,14595,6090769.14,1248688.01,4904801.87,1993857.9,2786292.39,1466569.45,14306.4,More than 40 lacs,0% to 10%,EBITDA +ve,10% to 20%,56.80744021572476,29.900686895636007,0.7175235507003784,Above INR 45 lacs,Var <2%,High Profit
2023-10-01,Mumbai,Stafford Ltd,Active,North,7035,3352067.31,837523.76,2586922.7,876752.11,1612773.12,247119.38,12692.38,INR 30 to 40 lacs,0% to 10%,EBITDA -ve,0% to 10%,62.343305426172954,9.55263873945673,1.4476589055485707,INR 25 to 35 lacs,Var <2%,Low Profit
2023-11-01,Mumbai,Stafford Ltd,Active,North,9528,3712508.81,711701.18,3128718.8,1364004.16,1674100.19,225726.31,21635.23,More than 40 lacs,More than 30%,EBITDA +ve,More than 20%,53.50753126167811,7.214656363492942,1.58615571964238,INR 25 to 35 lacs,Var <2%,Low Profit
2023-12-01,Mumbai,Stafford Ltd,Active,North,9661,3001025.08,465713.94,2635728.49,1020919.67,1472127.98,82692.55,19627.85,INR 20 to 30 lacs,More than 30%,EBITDA -ve,10% to 20%,55.85279309250855,3.137369813079647,1.9225655628713665,INR 25 to 35 lacs,Var <2%,Low Profit
2024-01-01,Mumbai,Stafford Ltd,Active,North,9266,4332471.21,952416.35,3451308.25,1221699.46,2122647.07,740286.49,13858.41,INR 30 to 40 lacs,More than 30%,EBITDA -ve,More than 20%,61.5026800344478,21.449445728297377,1.134355089262297,INR 25 to 35 lacs,Var <2%,High Profit
2024-02-01,Mumbai,Stafford Ltd,Active,North,12505,4918943.72,1356299.95,3684805.69,1744400.7,1834783.99,577900.13,18799.04,More than 40 lacs,10% to 20%,EBITDA -ve,0% to 10%,49.793235908729834,15.683327117311308,1.077678998867634,INR 35 to 45 lacs,Var <2%,Moderate Profit
2024-03-01,Mumbai,Stafford Ltd,Active,North,14653,7028265.2,2027566.98,5098525.89,2462867.84,2494688.03,1047297.03,24987.54,INR 30 to 40 lacs,More than 30%,EBITDA +ve,More than 20%,48.929594236109686,20.541173127199716,1.0145708833487388,Above INR 45 lacs,Var <2%,High Profit
2023-10-01,Bangalore,Wagner Ltd,Active,North,7681,3745787.59,1017021.11,2785315.0,1076204.16,1569384.97,142290.62,14199.01,More than 40 lacs,More than 30%,EBITDA -ve,More than 20%,56.3449724716953,5.108600643015242,1.3193602596741496,INR 25 to 35 lacs,Var <2%,Low Profit
2023-11-01,Bangalore,Wagner Ltd,Active,North,11846,5474614.07,839531.22,4752414.68,2271530.62,2356869.94,1085437.84,23490.77,INR 30 to 40 lacs,More than 30%,EBITDA -ve,0% to 10%,49.593103689343884,22.839712295476712,1.03413838198668,Above INR 45 lacs,Var <2%,High Profit
2023-12-01,Bangalore,Wagner Ltd,Active,North,11914,4876787.08,867641.86,4090234.23,1834229.78,2184093.96,729355.7,23277.04,INR 30 to 40 lacs,0% to 10%,EBITDA +ve,More than 20%,53.3977722835692,17.83163650263618,1.2690362054856619,INR 35 to 45 lacs,Var <2%,Moderate Profit
2024-01-01,Bangalore,Wagner Ltd,Active,North,14817,5252015.38,902330.88,4408307.42,1512328.58,2828087.31,1567844.81,23480.9,INR 30 to 40 lacs,10% to 20%,EBITDA +ve,More than 20%,64.15358641208377,35.565686795953994,1.5526321667477845,INR 35 to 45 lacs,Var <2%,High Profit
2024-02-01,Bangalore,Wagner Ltd,Active,North,13296,6392586.83,1433102.95,5032222.68,1505572.87,3463371.09,2200976.42,12049.25,More than 40 lacs,10% to 20%,EBITDA +ve,0% to 10%,68.82388380317065,43.73765947893228,0.8003099843317447,Above INR 45 lacs,Var <2%,High Profit
2024-03-01,Bangalore,Wagner Ltd,Active,North,10585,4945945.39,1343867.43,3715354.13,1173796.26,2482254.66,1107310.69,21784.42,More than 40 lacs,More than 30%,EBITDA -ve,More than 20%,66.81071502597251,29.803637856722958,1.8558944803589679,INR 35 to 45 lacs,Var <2%,High Profit
2023-10-01,Mumbai,Barber-Fields,Active,South,7878,2627309.67,765244.43,1950416.19,782191.01,1069119.85,-355594.57,15165.48,INR 20 to 30 lacs,More than 30%,EBITDA -ve,0% to 10%,54.814959775328774,-18.231727762678183,1.938846113815601,INR 15 to 25 lacs,Var <2%,Loss Making
2023-11-01,Mumbai,Barber-Fields,Active,South,13134,5475479.26,1002408.68,4560236.89,2006201.14,2438125.06,1243079.84,18270.45,INR 30 to 40 lacs,More than 30%,EBITDA -ve,More than 20%,53.46487734763271,27.259106708379793,0.9106988145764886,Above INR 45 lacs,Var <2%,High Profit
2023-12-01,Mumbai,Barber-Fields,Active,South,10513,5217981.98,1085321.86,4189658.46,1961469.73,2157989.38,656425.45,23876.71,INR 20 to 30 lacs,More than 30%,EBITDA +ve,10% to 20%,51.50752503104991,15.667755648034372,1.2172866924640229,INR 35 to 45 lacs,Var <2%,Moderate Profit
2024-01-01,Mumbai,Barber-Fields,Active,South,8882,4249732.82,712974.75,3611252.41,1586487.19,1934655.56,636707.27,26396.93,INR 30 to 40 lacs,More than 30%,EBITDA -ve,0% to 10%,53.572980793109394,17.631203740754305,1.663860267286495,INR 35 to 45 lacs,Var <2%,Moderate Profit
2024-02-01,Mumbai,Barber-Fields,Active,South,10615,4547405.22,697968.25,3950857.98,1471254.19,2349959.48,1060150.04,16207.01,INR 20 to 30 lacs,More than 30%,EBITDA +ve,10% to 20%,59.47972546459389,26.833413029946474,1.1015778313603308,INR 35 to 45 lacs,Var <2%,High Profit
2024-03-01,Mumbai,Barber-Fields,Active,South,13698,5253014.59,1430882.17,3917671.31,1264683.31,2553937.27,1131911.8,15499.44,INR 30 to 40 lacs,More than 30%,EBITDA +ve,10% to 20%,65.19018743305446,28.892464692245966,1.2255589899419166,INR 35 to 45 lacs,Var <2%,High Profit
2023-10-01,Mumbai,"Gray, Webster and Sullivan",Active,South,10153,4188080.8,1067722.69,3199631.57,1153360.84,1901859.98,515584.69,11615.43,INR 30 to 40 lacs,10% to 20%,EBITDA -ve,More than 20%,59.439967958560935,16.113876823636915,1.007094189187141,INR 25 to 35 lacs,Var <2%,Moderate Profit
2023-11-01,Mumbai,"Gray, Webster and Sullivan",Active,South,8808,3751981.66,886943.09,2935488.03,1354112.02,1473158.7,222070.35,15078.42,More than 40 lacs,More than 30%,EBITDA +ve,More than 20%,50.18445604085805,7.565023182874297,1.1135282589102191,INR 25 to 35 lacs,Var <2%,Low Profit
2023-12-01,Mumbai,"Gray, Webster and Sullivan",Active,South,12593,5741150.9,1378459.34,4429732.58,1530701.84,2821911.37,1464106.11,20316.0,INR 30 to 40 lacs,More than 30%,EBITDA +ve,0% to 10%,63.70387645386937,33.05179451713088,1.3272343097203045,INR 35 to 45 lacs,Var <2%,High Profit
2024-01-01,Mumbai,"Gray, Webster and Sullivan",Active,South,12386,3882214.26,973573.73,2986871.77,1103151.02,1818026.48,408744.18,22012.73,INR 30 to 40 lacs,More than 30%,EBITDA +ve,10% to 20%,60.86724238583566,13.684691258105131,1.9954412044146048,INR 25 to 35 lacs,Var <2%,Moderate Profit
2024-02-01,Mumbai,"Gray, Webster and Sullivan",Active,South,14300,4841419.28,1043866.96,3854409.1,1676507.44,2123084.97,755220.64,25072.97,INR 30 to 40 lacs,0% to 10%,EBITDA +ve,More than 20%,55.08198312420962,19.593681428367322,1.4955477919024327,INR 35 to 45 lacs,Var <2%,Moderate Profit
2024-03-01,Mumbai,"Gray, Webster and Sullivan",Active,South,8988,3358081.12,889124.93,2548129.53,1176559.55,1266125.3,-13476.61,18571.64,INR 30 to 40 lacs,10% to 20%,EBITDA +ve,0% to 10%,49.68841988185743,-0.5288824544174566,1.5784700400417468,INR 25 to 35 lacs,Var <2%,Loss Making
2023-10-01,Ahmedabad,Carter LLC,Active,North,8016,2503562.47,644739.13,1984530.1,568281.2,1340120.15,132072.02,16234.97,INR 30 to 40 lacs,0% to 10%,EBITDA -ve,0% to 10%,67.52833580100398,6.65507769320304,2.8568550217744315,INR 15 to 25 lacs,Var 2-3%,Low Profit
2023-11-01,Ahmedabad,Carter LLC,Active,North,11076,3323516.02,536655.48,2874837.66,1156817.45,1569285.72,177918.56,11380.27,INR 30 to 40 lacs,More than 30%,EBITDA -ve,More than 20%,54.58693344096515,6.188821110684907,0.9837567716496669,INR 25 to 35 lacs,Var <2%,Low Profit
2023-12-01,Ahmedabad,Carter LLC,Active,North,13040,5976063.73,1020778.09,5026460.63,2050883.5,2892143.66,1703242.35,12860.53,More than 40 lacs,More than 30%,EBITDA -ve,10% to 20%,57.53837288087941,33.88552055564394,0.6270726738013154,Above INR 45 lacs,Var <2%,High Profit
2024-01-01,Ahmedabad,Carter LLC,Active,North,13425,6674183.55,1231371.05,5554850.34,2529476.85,2904867.89,1518394.4,22236.9,More than 40 lacs,10% to 20%,EBITDA -ve,10% to 20%,52.29426019063549,27.334569017389583,0.879110635070647,Above INR 45 lacs,Var <2%,High Profit
2024-02-01,Ahmedabad,Carter LLC,Active,North,11428,3947026.63,692761.83,3349899.17,1148175.52,2146823.59,934857.64,28049.14,More than 40 lacs,10% to 20%,EBITDA -ve,0% to 10%,64.0862151680822,27.90703816915182,2.4429313734192832,INR 25 to 35 lacs,Var 2-3%,High Profit
2024-03-01,Ahmedabad,Carter LLC,Active,North,12142,4795572.79,1311923.62,3582812.4,1710738.15,1817710.13,559125.44,10154.18,INR 20 to 30 lacs,More than 30%,EBITDA +ve,10% to 20%,50.734169894019566,15.605769367103898,0.5935554777918527,INR 35 to 45 lacs,Var <2%,Moderate Profit
2023-10-01,Bangalore,Hall PLC,Active,South,14921,6953632.43,1344874.31,5721665.91,2458415.5,3119293.61,1544113.38,10362.71,More than 40 lacs,0% to 10%,EBITDA -ve,10% to 20%,54.51722730871575,26.987129348137696,0.4215198773356253,Above INR 45 lacs,Var <2%,High Profit
2023-11-01,Bangalore,Hall PLC,Active,South,7052,2559583.64,632050.37,2041158.63,592487.07,1337831.91,-30835.53,21044.11,INR 20 to 30 lacs,More than 30%,EBITDA +ve,More than 20%,65.54277018636225,-1.5106875843353733,3.551826033941973,INR 15 to 25 lacs,Var 3-5%,Loss Making
2023-12-01,Bangalore,Hall PLC,Active,South,11897,5432027.29,1348119.36,4221564.96,1395034.79,2687024.01,1381569.78,12667.07,INR 30 to 40 lacs,0% to 10%,EBITDA -ve,0% to 10%,63.649950562409444,32.72648397195338,0.9080110468069401,INR 35 to 45 lacs,Var <2%,High Profit
2024-01-01,Bangalore,Hall PLC,Active,South,13346,4502179.78,682863.82,3899505.2,1431321.12,2327149.28,872373.33,17446.08,INR 20 to 30 lacs,10% to 20%,EBITDA -ve,0% to 10%,59.67806582229971,22.37138522087366,1.2188795202015883,INR 35 to 45 lacs,Var <2%,High Profit
2024-02-01,Bangalore,Hall PLC,Active,South,13373,6557481.07,1406321.23,5217007.55,2181270.47,2962138.42,1459415.74,24040.59,More than 40 lacs,0% to 10%,EBITDA +ve,10% to 20%,56.77849594064705,27.974192600123803,1.1021370495150011,Above INR 45 lacs,Var <2%,High Profit
2024-03-01,Bangalore,Hall PLC,Active,South,11264,4804389.81,1010707.16,3901610.08,1659482.4,2161422.84,898874.04,26110.48,INR 30 to 40 lacs,10% to 20%,EBITDA -ve,10% to 20%,55.39822780035466,23.038541052774807,1.573411082877408,INR 35 to 45 lacs,Var <2%,High Profit
2023-10-01,Bangalore,Green-Mcmahon,Active,West,8828,4074695.38,707856.42,3398455.79,1102571.01,2170221.0,841432.39,27421.35,INR 20 to 30 lacs,More than 30%,EBITDA -ve,0% to 10%,63.859032869749356,24.759256615193458,2.4870370934204047,INR 25 to 35 lacs,Var 2-3%,High Profit
2023-11-01,Bangalore,Green-Mcmahon,Active,West,11473,4241830.87,754184.27,3602985.84,1157141.86,2338054.7,936048.44,27491.51,INR 30 to 40 lacs,10% to 20%,EBITDA +ve,0% to 10%,64.8921423460271,25.979797911168035,2.3758115534771163,INR 35 to 45 lacs,Var 2-3%,High Profit
2023-12-01,Bangalore,Green-Mcmahon,Active,West,8550,3756225.32,987153.6,2873305.32,1192377.1,1568802.93,111760.94,25250.44,More than 40 lacs,10% to 20%,EBITDA +ve,0% to 10%,54.59924217172995,3.8896298009847423,2.117655563831274,INR 25 to 35 lacs,Var 2-3%,Low Profit
2024-01-01,Bangalore,Green-Mcmahon,Active,West,8991,3628554.19,1007147.59,2688295.51,1109025.47,1525807.68,163579.12,18213.42,More than 40 lacs,10% to 20%,EBITDA +ve,0% to 10%,56.75743884272604,6.084863787909983,1.6422905057356347,INR 25 to 35 lacs,Var <2%,Low Profit
2024-02-01,Bangalore,Green-Mcmahon,Active,West,12218,4483565.54,853154.72,3715126.64,1256518.09,2391261.63,921689.91,28005.91,INR 30 to 40 lacs,10% to 20%,EBITDA -ve,More than 20%,64.36554824952077,24.809111486977468,2.228850521364161,INR 35 to 45 lacs,Var 2-3%,High Profit
2024-03-01,Bangalore,Green-Mcmahon,Active,West,14005,5133990.27,1396943.02,3807909.51,1462931.71,2211282.2,939448.82,16781.43,INR 30 to 40 lacs,10% to 20%,EBITDA -ve,10% to 20%,58.070765447364856,24.6709859447264,1.1471095940630065,INR 35 to 45 lacs,Var <2%,High Profit
2023-10-01,Hyderabad,Moore-Fields,Active,South,14084,5194904.17,1126252.64,4150114.12,1382435.12,2708722.22,1529729.34,10453.77,More than 40 lacs,More than 30%,EBITDA -ve,10% to 20%,65.26862013134232,36.859934348022215,0.7561852161279004,INR 35 to 45 lacs,Var <2%,High Profit
2023-11-01,Hyderabad,Moore-Fields,Active,South,8001,2472330.54,530506.99,2071437.3,906610.55,1082967.58,-287866.78,17666.07,More than 40 lacs,10% to 20%,EBITDA +ve,More than 20%,52.280973216037005,-13.89695840660975,1.9485842074085724,INR 15 to 25 lacs,Var <2%,Loss Making
2023-12-01,Hyderabad,Moore-Fields,Active,South,8776,4342727.28,1205774.87,3234163.39,1460460.22,1688240.71,313538.92,19341.97,INR 30 to 40 lacs,0% to 10%,EBITDA -ve,10% to 20%,52.20022943862461,9.69459121853457,1.3243749973552859,INR 25 to 35 lacs,Var <2%,Low Profit
2024-01-01,Hyderabad,Moore-Fields,Active,South,13116,5750301.07,917432.93,4950157.47,2378003.38,2503471.55,1227284.25,18386.48,INR 20 to 30 lacs,10% to 20%,EBITDA -ve,More than 20%,50.57357397561738,24.792832499528547,0.7731898177537494,Above INR 45 lacs,Var <2%,High Profit
2024-02-01,Hyderabad,Moore-Fields,Active,South,10594,4935167.23,1124714.96,3907532.51,1225471.06,2609659.8,1247513.96,24136.11,INR 20 to 30 lacs,More than 30%,EBITDA -ve,More than 20%,66.78536373840687,31.92587539086143,1.9695373304041957,INR 35 to 45 lacs,Var <2%,High Profit
2024-03-01,Hyderabad,Moore-Fields,Active,South,14736,7358880.82,2100991.07,5297905.11,2488669.25,2671925.28,1153278.26,12952.13,INR 30 to 40 lacs,More than 30%,EBITDA +ve,0% to 10%,50.433619034750876,21.76857146465577,0.5204440083791769,Above INR 45 lacs,Var <2%,High Profit
2023-10-01,Ahmedabad,Smith LLC,Active,East,14403,6295954.29,1871099.58,4559566.37,1472079.33,3029323.12,1795975.77,18407.27,More than 40 lacs,More than 30%,EBITDA +ve,0% to 10%,66.43884251650887,39.38917923898978,1.2504264970556986,Above INR 45 lacs,Var <2%,High Profit
2023-11-01,Ahmedabad,Smith LLC,Active,East,13695,6531633.04,1347664.65,5250989.11,2405408.26,2698791.34,1471376.67,21156.14,More than 40 lacs,More than 30%,EBITDA +ve,More than 20%,51.39586625423414,28.02094308666353,0.8795238775807646,Above INR 45 lacs,Var <2%,High Profit
2023-12-01,Ahmedabad,Smith LLC,Active,East,13633,5444965.94,863393.2,4669696.83,2266317.48,2305745.44,922718.31,23070.23,More than 40 lacs,0% to 10%,EBITDA -ve,More than 20%,49.376769497903354,19.759704828632312,1.017961084604969,Above INR 45 lacs,Var <2%,Moderate Profit
2024-01-01,Ahmedabad,Smith LLC,Active,East,12132,5372666.51,1382368.32,4115162.46,1451607.38,2515316.53,1189227.62,26314.85,INR 20 to 30 lacs,0% to 10%,EBITDA +ve,0% to 10%,61.12314044583309,28.8986797376646,1.8128076753095592,INR 35 to 45 lacs,Var <2%,High Profit
2024-02-01,Ahmedabad,Smith LLC,Active,East,7990,3469674.26,866730.07,2670286.1,1128437.36,1425173.09,74036.16,19636.0,INR 30 to 40 lacs,0% to 10%,EBITDA +ve,More than 20%,53.37155033687214,2.772592794457493,1.740105449894002,INR 25 to 35 lacs,Var <2%,Low Profit
2024-03-01,Ahmedabad,Smith LLC,Active,East,14571,5126778.19,963039.09,4237654.25,1679722.38,2422972.78,996745.31,10187.56,More than 40 lacs,10% to 20%,EBITDA +ve,More than 20%,57.17721732489147,23.52115701747022,0.6065026055079412,INR 35 to 45 lacs,Var <2%,High Profit
2023-10-01,Hyderabad,Jackson Group,Inactive,East,14345,7139243.26,1366788.02,5879452.28,1922846.4,3827498.54,2572880.2,13015.25,More than 40 lacs,0% to 10%,EBITDA -ve,0% to 10%,65.09957658845052,43.7605422660221,0.6768741382567011,Above INR 45 lacs,Var <2%,High Profit
2023-11-01,Hyderabad,Jackson Group,Inactive,East,7903,2423255.85,580141.72,1869353.44,567853.24,1181838.48,-147388.2,19992.7,INR 30 to 40 lacs,10% to 20%,EBITDA +ve,10% to 20%,63.2217778998497,-7.884448004653417,3.520751241993442,INR 15 to 25 lacs,Var 3-5%,Loss Making
2023-12-01,Hyderabad,Jackson Group,Inactive,East,7328,3414239.37,976281.96,2537774.19,750822.5,1695161.2,163480.62,10727.41,INR 20 to 30 lacs,More than 30%,EBITDA -ve,10% to 20%,66.79716448688447,6.441889930325124,1.4287544659356906,INR 25 to 35 lacs,Var <2%,Low Profit
2024-01-01,Hyderabad,Jackson Group,Inactive,East,11108,5059648.12,1030731.95,4118678.82,1901686.43,2115505.46,851771.85,17373.48,INR 30 to 40 lacs,0% to 10%,EBITDA +ve,0% to 10%,51.363690942038545,20.680705809442067,0.9135827929318505,INR 35 to 45 lacs,Var <2%,High Profit
2024-02-01,Hyderabad,Jackson Group,Inactive,East,11766,4260448.71,776917.04,3562320.07,1646250.79,1833080.36,582173.15,23275.07,More than 40 lacs,0% to 10%,EBITDA -ve,0% to 10%,51.45748624435087,16.34252786274761,1.4138228598815128,INR 35 to 45 lacs,Var <2%,Moderate Profit
2024-03-01,Hyderabad,Jackson Group,Inactive,East,10934,3444197.44,780278.42,2712399.11,1068763.88,1555511.49,190868.22,18368.83,INR 20 to 30 lacs,10% to 20%,EBITDA +ve,0% to 10%,57.348178749402415,7.036878138483093,1.718698614702436,INR 25 to 35 lacs,Var <2%,Low Profit
2023-10-01,Mumbai,"Wright, Floyd and Taylor",Active,North,8901,3016801.29,549132.71,2535045.37,887871.14,1498736.12,113167.2,22559.5,INR 20 to 30 lacs,More than 30%,EBITDA -ve,0% to 10%,59.12068232530292,4.464109452999652,2.540852944043209,INR 25 to 35 lacs,Var 2-3%,Low Profit
2023-11-01,Mumbai,"Wright, Floyd and Taylor",Active,North,8889,3163899.36,932552.03,2285506.12,786260.26,1373825.71,79367.62,24934.66,INR 20 to 30 lacs,More than 30%,EBITDA +ve,10% to 20%,60.110349212278635,3.472649637884146,3.1712985214336027,INR 15 to 25 lacs,Var 3-5%,Low Profit
2023-12-01,Mumbai,"Wright, Floyd and Taylor",Active,North,12186,4262323.5,1277980.39,3055454.35,1280093.2,1685889.57,219643.63,18809.7,INR 30 to 40 lacs,0% to 10%,EBITDA -ve,0% to 10%,55.1763952879872,7.188575080494984,1.4694008217526664,INR 25 to 35 lacs,Var <2%,Low Profit
2024-01-01,Mumbai,"Wright, Floyd and Taylor",Active,North,7307,3107753.97,512655.32,2647915.13,1125444.09,1418389.29,-63210.92,27169.37,INR 30 to 40 lacs,10% to 20%,EBITDA -ve,10% to 20%,53.566267057811636,-2.387195846416724,2.4141021523334842,INR 25 to 35 lacs,Var 2-3%,Loss Making
2024-02-01,Mumbai,"Wright, Floyd and Taylor",Active,North,8718,3085784.58,704589.24,2481866.67,1029822.69,1357156.93,-129373.78,16139.94,INR 20 to 30 lacs,0% to 10%,EBITDA +ve,0% to 10%,54.68291050461627,-5.212761086799236,1.5672542619933925,INR 15 to 25 lacs,Var <2%,Loss Making
2024-03-01,Mumbai,"Wright, Floyd and Taylor",Active,North,10114,4370259.56,944411.74,3553551.97,1516708.11,1975542.83,634630.52,12215.18,More than 40 lacs,More than 30%,EBITDA +ve,10% to 20%,55.593469482873495,17.859047098725842,0.8053744764376581,INR 35 to 45 lacs,Var <2%,Moderate Profit
2023-10-01,Hyderabad,Riggs and Sons,Active,North,7042,3195151.28,921439.71,2336780.29,713061.42,1532711.73,168722.04,11472.58,INR 30 to 40 lacs,0% to 10%,EBITDA -ve,10% to 20%,65.5907505108236,7.220278291546185,1.6089189063124465,INR 15 to 25 lacs,Var <2%,Low Profit
2023-11-01,Hyderabad,Riggs and Sons,Active,North,11201,3601128.44,868101.83,2817962.94,1098840.42,1650828.31,304565.87,21496.56,More than 40 lacs,10% to 20%,EBITDA +ve,10% to 20%,58.582328623526905,10.808015452467234,1.9562949823050741,INR 25 to 35 lacs,Var <2%,Moderate Profit
2023-12-01,Hyderabad,Riggs and Sons,Active,North,14889,5390553.63,1429423.59,4052638.09,1763312.92,2178392.61,890407.84,23512.73,INR 20 to 30 lacs,10% to 20%,EBITDA +ve,0% to 10%,53.75245856212144,21.971067246224298,1.3334405784311953,INR 35 to 45 lacs,Var <2%,High Profit
2024-01-01,Hyderabad,Riggs and Sons,Active,North,9296,4093656.46,995116.03,3160085.69,1369636.25,1732063.38,403842.55,27717.92,INR 30 to 40 lacs,More than 30%,EBITDA +ve,0% to 10%,54.810645973337515,12.779480989327222,2.0237431653842397,INR 25 to 35 lacs,Var 2-3%,Moderate Profit
2024-02-01,Hyderabad,Riggs and Sons,Active,North,7142,3484461.59,676909.57,2857113.6,1179884.17,1533758.59,98825.78,12500.84,More than 40 lacs,More than 30%,EBITDA +ve,10% to 20%,53.68210035470763,3.4589377195222473,1.0594972216637164,INR 25 to 35 lacs,Var <2%,Low Profit
2024-03-01,Hyderabad,Riggs and Sons,Active,North,8843,3498804.9,557972.81,3052981.38,1056004.28,1906626.66,531349.97,16184.09,More than 40 lacs,10% to 20%,EBITDA -ve,0% to 10%,62.451303256883925,17.404297762209083,1.532578068717676,INR 25 to 35 lacs,Var <2%,Moderate Profit
2023-10-01,Hyderabad,"Nelson, Turner and Koch",Active,South,14649,4849165.72,855023.83,4082891.31,1932763.31,2020897.44,620650.48,20173.29,INR 30 to 40 lacs,More than 30%,EBITDA +ve,0% to 10%,49.49672392822036,15.201249136362632,1.0437537744857128,INR 35 to 45 lacs,Var <2%,Moderate Profit
2023-11-01,Hyderabad,"Nelson, Turner and Koch",Active,South,7748,3644541.8,815005.85,2916035.05,901457.98,1947877.36,514876.62,14205.71,More than 40 lacs,10% to 20%,EBITDA -ve,0% to 10%,66.79883220196548,17.656736327637766,1.5758593650699058,INR 25 to 35 lacs,Var <2%,Moderate Profit
2023-12-01,Hyderabad,"Nelson, Turner and Koch",Active,South,13000,6437433.72,1848189.37,4647834.04,1781949.3,2792620.92,1489700.52,14758.58,INR 20 to 30 lacs,10% to 20%,EBITDA -ve,More than 20%,60.084351032465,32.05149984227923,0.8282267065623022,Above INR 45 lacs,Var <2%,High Profit
2024-01-01,Hyderabad,"Nelson, Turner and Koch",Active,South,11862,5633704.3,1226462.23,4492370.89,1528512.53,2828116.53,1392046.08,17158.09,INR 20 to 30 lacs,0% to 10%,EBITDA +ve,10% to 20%,62.95376315200012,30.986891200338984,1.1225351224304325,INR 35 to 45 lacs,Var <2%,High Profit
2024-02-01,Hyderabad,"Nelson, Turner and Koch",Active,South,14251,5689314.26,1232602.65,4559886.89,1437040.56,3024380.95,1744281.83,11834.79,INR 30 to 40 lacs,More than 30%,EBITDA -ve,More than 20%,66.32578883990695,38.25274337013215,0.8235529552485283,Above INR 45 lacs,Var <2%,High Profit
2024-03-01,Hyderabad,"Nelson, Turner and Koch",Active,South,12268,4065115.19,913126.83,3233203.4,1254828.06,1847703.26,613458.38,26082.16,INR 30 to 40 lacs,10% to 20%,EBITDA +ve,More than 20%,57.14775816454974,18.973702056604296,2.078544529837817,INR 25 to 35 lacs,Var 2-3%,Moderate Profit
2023-10-01,Hyderabad,Campos PLC,Active,East,14272,5114745.33,1482619.15,3732080.22,1593606.74,2078305.28,811498.99,15844.15,INR 20 to 30 lacs,More than 30%,EBITDA +ve,10% to 20%,55.6875832642204,21.743878538602257,0.9942321152582475,INR 35 to 45 lacs,Var <2%,High Profit
2023-11-01,Hyderabad,Campos PLC,Active,East,7740,2800976.67,687622.86,2184613.99,970493.53,1156946.06,-137539.66,13931.77,INR 20 to 30 lacs,10% to 20%,EBITDA +ve,0% to 10%,52.95883232900106,-6.295833526178233,1.4355345573504237,INR 15 to 25 lacs,Var <2%,Loss Making
2023-12-01,Hyderabad,Campos PLC,Active,East,10652,3261442.2,705641.63,2687809.08,786056.28,1756549.33,499741.02,18722.12,More than 40 lacs,More than 30%,EBITDA -ve,10% to 20%,65.35245911141874,18.592876395819008,2.3817785667967692,INR 25 to 35 lacs,Var 2-3%,Moderate Profit
2024-01-01,Hyderabad,Campos PLC,Active,East,9718,4142396.13,1185099.44,3043339.43,1357268.33,1596996.21,258362.5,23193.16,INR 20 to 30 lacs,More than 30%,EBITDA -ve,More than 20%,52.47512631215112,8.489440824548446,1.7088116982733987,INR 25 to 35 lacs,Var <2%,Low Profit
2024-02-01,Hyderabad,Campos PLC,Active,East,12203,5578541.56,1620438.69,4039140.43,1268534.9,2709117.87,1315133.59,19165.16,INR 30 to 40 lacs,More than 30%,EBITDA -ve,More than 20%,67.07164350807184,32.55973920173902,1.5108106209770027,INR 35 to 45 lacs,Var <2%,High Profit
2024-03-01,Hyderabad,Campos PLC,Active,East,11373,3784879.94,692198.42,3167810.37,1014965.68,2055775.41,780189.22,16133.42,INR 30 to 40 lacs,10% to 20%,EBITDA +ve,More than 20%,64.89578509713635,24.62865919591014,1.5895532546479796,INR 25 to 35 lacs,Var <2%,High Profit
2023-10-01,Mumbai,"Jones, Knight and Rivers",Active,East,11285,4496817.56,1138678.63,3415009.74,1637405.2,1638301.28,308853.04,18944.1,INR 30 to 40 lacs,More than 30%,EBITDA -ve,0% to 10%,47.97354633606403,9.043987089770349,1.1569585830068208,INR 25 to 35 lacs,Var <2%,Low Profit
2023-11-01,Mumbai,"Jones, Knight and Rivers",Active,East,12005,3764132.03,650583.53,3236050.77,1368304.24,1749922.82,546305.61,24124.15,More than 40 lacs,0% to 10%,EBITDA +ve,More than 20%,54.07587656605276,16.881861529014266,1.7630691548540405,INR 25 to 35 lacs,Var <2%,Moderate Profit
2023-12-01,Mumbai,"Jones, Knight and Rivers",Active,East,11454,4776944.7,763880.67,4078760.77,1795668.85,2208469.29,939926.29,28627.88,INR 30 to 40 lacs,0% to 10%,EBITDA +ve,More than 20%,54.145595060236886,23.04440841231294,1.5942739108048793,INR 35 to 45 lacs,Var <2%,High Profit
2024-01-01,Mumbai,"Jones, Knight and Rivers",Active,East,12568,5683969.21,1386463.66,4378116.35,1815618.84,2486078.29,1375840.66,11235.39,INR 20 to 30 lacs,10% to 20%,EBITDA -ve,10% to 20%,56.78419875707507,31.42540193112958,0.6188187604398288,INR 35 to 45 lacs,Var <2%,High Profit
2024-02-01,Mumbai,"Jones, Knight and Rivers",Active,East,12229,5031251.5,797713.07,4335963.51,2023942.25,2208644.82,955765.94,26345.33,More than 40 lacs,0% to 10%,EBITDA +ve,More than 20%,50.9378092067938,22.042757919796237,1.3016838795672159,INR 35 to 45 lacs,Var <2%,High Profit
2024-03-01,Mumbai,"Jones, Knight and Rivers",Active,East,7955,2422156.1,597663.92,1921713.45,871664.51,926452.93,-360347.81,11966.1,INR 20 to 30 lacs,More than 30%,EBITDA -ve,More than 20%,48.2097333502037,-18.751380961610067,1.3727873353476328,INR 15 to 25 lacs,Var <2%,Loss Making
